split,index,filename,pattern,label,sample_rate,channels,duration_s,format,bytes
train,0,carrier_en_human_00396.wav,carrier_en_human_#.wav,human,16000,1,1.008,WAV,32300
train,1,10612472-5679-4447-8569-b8e28cc54696.flac,#-#-#-#-b#e#cc#.flac,answering_machine,16000,1,5.6839375,FLAC,108890
train,2,voicemail_00353.wav,voicemail_#.wav,voicemail,16000,1,10.0,WAV,320044
train,3,60268c6edc3604f481bcb733.wav,#c#edc#f#bcb#.wav,human,8000,1,5.973375,WAV,47846
train,4,19d09230-e2cf-41ad-9792-6ab9bc181577.flac,#d#-e#cf-#ad-#-#ab#bc#.flac,voicemail,16000,1,4.82,FLAC,104361
train,5,1d7180e3-1250-409e-8f58-80bc3e032233.flac,#d#e#-#-#e-#f#-#bc#e#.flac,answering_machine,16000,1,12.546125,FLAC,255293
train,6,019c3e6f-80af-4272-9751-bc923c5aa9ee.flac,#c#e#f-#af-#-#-bc#c#aa#ee.flac,ivr,16000,1,6.56,FLAC,141531
train,7,carrier_en_answering_machine_00511.wav,carrier_en_answering_machine_#.wav,answering_machine,16000,1,8.9513125,WAV,286486
train,8,incomplete_e473d702-64e7-456b-a67d-505dd00ec391_normalized.flac,incomplete_e#d#-#e#-#b-a#d-#dd#ec#_normalized.flac,human,16000,1,3.388125,FLAC,62854
train,9,am_00388.wav,am_#.wav,answering_machine,16000,1,8.1531875,WAV,260946
train,10,009e593b-f7be-48e8-91ef-84128b0fd6f1.flac,#e#b-f#be-#e#-#ef-#b#fd#f#.flac,ivr,16000,1,6.88,FLAC,142958
train,11,07d44c30-6b4f-47f2-8a92-31ad17eee610.flac,#d#c#-#b#f-#f#-#a#-#ad#eee#.flac,answering_machine,16000,1,11.185375,FLAC,211091
train,12,ivr_00169.wav,ivr_#.wav,ivr,16000,1,10.0,WAV,320044
train,13,14a971f3-807c-4a23-b793-1f6e83920b9c.flac,#a#f#-#c-#a#-b#-#f#e#b#c.flac,answering_machine,16000,1,2.41325,FLAC,41354
train,14,ivr_00156.wav,ivr_#.wav,ivr,16000,1,9.336,WAV,298796
train,15,am_00259.wav,am_#.wav,answering_machine,16000,1,10.0,WAV,320044
train,16,incomplete_9ef66fe3-a592-432c-b249-ceb392d5405d_normalized.flac,incomplete_#ef#fe#-a#-#c-b#-ceb#d#d_normalized.flac,human,16000,1,5.728,FLAC,111903
train,17,0291a592-6c7b-4a48-8847-774bf254d0f3.flac,#a#-#c#b-#a#-#-#bf#d#f#.flac,voicemail,16000,1,10.504125,FLAC,176397
train,18,0282b6bf-537b-4efa-9709-7b35fdd2054a.flac,#b#bf-#b-#efa-#-#b#fdd#a.flac,ivr,16000,1,5.04,FLAC,108314
train,19,0d5a9b78-fc76-4bc2-88b3-580fcd5485b3.flac,#d#a#b#-fc#-#bc#-#b#-#fcd#b#.flac,answering_machine,16000,1,3.6419375,FLAC,54656
train,20,001087dd-b3e9-4968-8558-4776f84d7c33.flac,#dd-b#e#-#-#-#f#d#c#.flac,ivr,16000,1,17.24,FLAC,405354
train,21,60266521dc3604f481bcb4cb.wav,#dc#f#bcb#cb.wav,human,8000,1,4.437375,WAV,35558
train,22,06900dff-d3e6-4add-ae22-46f10d4b18bd.flac,#dff-d#e#-#add-ae#-#f#d#b#bd.flac,voicemail,16000,1,13.371875,FLAC,251553
train,23,0230bed5-d617-48e5-bd68-4fb43543bb3a.flac,#bed#-d#-#e#-bd#-#fb#bb#a.flac,ivr,16000,1,15.64,FLAC,315508
train,24,es_human_real_00250.wav,es_human_real_#.wav,human,16000,1,10.0,WAV,320044
train,25,carrier_en_human_00393.wav,carrier_en_human_#.wav,human,16000,1,1.008,WAV,32300
train,26,1d61be43-39f3-473a-959e-09a56628b68b.flac,#d#be#-#f#-#a-#e-#a#b#b.flac,answering_machine,16000,1,3.96725,FLAC,72518
train,27,carrier_fr_ivr_00101.wav,carrier_fr_ivr_#.wav,ivr,16000,1,10.0,WAV,320044
train,28,ivr_00010.wav,ivr_#.wav,ivr,16000,1,9.264,WAV,296492
train,29,06d0e64f-5c19-4b00-8a9a-83f426aa713b.flac,#d#e#f-#c#-#b#-#a#a-#f#aa#b.flac,answering_machine,16000,1,3.413375,FLAC,69716
train,30,0df58ab7-9ad0-4cfb-9c85-9bb03e3b213c.flac,#df#ab#-#ad#-#cfb-#c#-#bb#e#b#c.flac,voicemail,16000,1,4.2264375,FLAC,77922
train,31,incomplete_bda833f3-88a9-4e02-a423-b84a77a8bb61_normalized.flac,incomplete_bda#f#-#a#-#e#-a#-b#a#a#bb#_normalized.flac,human,16000,1,3.49125,FLAC,67969
train,32,incomplete_77c31378-5790-4496-b344-a81604a5d9ce_normalized.flac,incomplete_#c#-#-#-b#-a#a#d#ce_normalized.flac,human,16000,1,5.03125,FLAC,102264
train,33,60268e5ec7abb7f832138af1.wav,#e#ec#abb#f#af#.wav,human,8000,1,11.690625,WAV,93584
train,34,0092bf98-0605-4ee3-a6d4-9a0200613466.flac,#bf#-#-#ee#-a#d#-#a#.flac,voicemail,16000,1,11.217125,FLAC,204056
train,35,60268c1ec7abb7f83213895e.wav,#c#ec#abb#f#e.wav,human,8000,1,6.03725,WAV,48356
train,36,60268eebc7abb7f832138b63.wav,#eebc#abb#f#b#.wav,human,8000,1,6.485375,WAV,51942
train,37,0125fee5-bf67-435b-806f-ccb7de538a65.flac,#fee#-bf#-#b-#f-ccb#de#a#.flac,ivr,16000,1,12.28,FLAC,244305
train,38,00bf498a-74ba-44cd-9b1b-5b33e418b1bd.flac,#bf#a-#ba-#cd-#b#b-#b#e#b#bd.flac,ivr,16000,1,6.76,FLAC,129364
train,39,1a869ca9-8835-412c-a607-7b68ebc15992.flac,#a#ca#-#-#c-a#-#b#ebc#.flac,answering_machine,16000,1,4.148,FLAC,87163
train,40,voicemail_00341.wav,voicemail_#.wav,voicemail,16000,1,7.7139375,WAV,246890
train,41,013dbd7a-6e82-4f94-af69-d63055d981a5.flac,#dbd#a-#e#-#f#-af#-d#d#a#.flac,ivr,16000,1,6.36,FLAC,135969
train,42,0064135a-32d1-4376-aaec-6b20d4d4a544.flac,#a-#d#-#-aaec-#b#d#d#a#.flac,ivr,16000,1,7.84,FLAC,148999
train,43,incomplete_5617947b-2d4b-45de-a509-628c52881442_normalized.flac,incomplete_#b-#d#b-#de-a#-#c#_normalized.flac,human,16000,1,4.0725,FLAC,82381
train,44,006c9f34-4bcf-4a2a-b810-62ee1ce490e7.flac,#c#f#-#bcf-#a#a-b#-#ee#ce#e#.flac,ivr,16000,1,15.64,FLAC,320212
train,45,voicemail_00181.wav,voicemail_#.wav,voicemail,16000,1,10.0,WAV,320044
train,46,incomplete_e99676f2-f37e-413b-a478-1a1ee52523a1_normalized.flac,incomplete_e#f#-f#e-#b-a#-#a#ee#a#_normalized.flac,human,16000,1,6.6025,FLAC,129577
train,47,fr_human_real_00032.wav,fr_human_real_#.wav,human,16000,1,10.0,WAV,320044
train,48,60266619c7abb7f832138435.wav,#c#abb#f#.wav,human,8000,1,6.315875,WAV,50586
train,49,carrier_de_ivr_00340.wav,carrier_de_ivr_#.wav,ivr,16000,1,10.0,WAV,320044
train,50,voicemail_00214.wav,voicemail_#.wav,voicemail,16000,1,9.50775,WAV,304292
train,51,1d799317-342f-477d-8c7e-4598d7da3d23.flac,#d#-#f-#d-#c#e-#d#da#d#.flac,answering_machine,16000,1,13.35,FLAC,258045
train,52,0347d6ea-60d1-4c1c-82d4-ff27d310881f.flac,#d#ea-#d#-#c#c-#d#-ff#d#f.flac,ivr,16000,1,10.8,FLAC,215091
train,53,01e52080-ed6c-43c7-b9bb-0bae8a0440c3.flac,#e#-ed#c-#c#-b#bb-#bae#a#c#.flac,ivr,16000,1,7.64,FLAC,151950
train,54,05794965-1df6-44eb-b698-b6f25dd37cb1.flac,#-#df#-#eb-b#-b#f#dd#cb#.flac,answering_machine,16000,1,2.4705625,FLAC,31357
train,55,0b8f8493-f8ad-4383-83c9-76951021cac7.flac,#b#f#-f#ad-#-#c#-#cac#.flac,voicemail,16000,1,14.3665625,FLAC,274654
train,56,12557a85-e1d5-4b86-9ee0-b2b1daf7027d.flac,#a#-e#d#-#b#-#ee#-b#b#daf#d.flac,voicemail,16000,1,13.48525,FLAC,250895
train,57,0f20befb-9940-40b0-87cd-c679403724f1.flac,#f#befb-#-#b#-#cd-c#f#.flac,voicemail,16000,1,10.4526875,FLAC,202511
train,58,123cdd25-1d54-4680-82a5-bc1ecf5dc39c.flac,#cdd#-#d#-#-#a#-bc#ecf#dc#c.flac,answering_machine,16000,1,10.3848125,FLAC,200047
train,59,01e4eef1-e80b-409c-99f9-0a858731a108.flac,#e#eef#-e#b-#c-#f#-#a#a#.flac,ivr,16000,1,4.04,FLAC,91700
train,60,00931e3b-feca-4ce7-a30c-ed61d39999e6.flac,#e#b-feca-#ce#-a#c-ed#d#e#.flac,ivr,16000,1,6.4,FLAC,130703
train,61,13c532b0-a5aa-48b3-809c-af2c26884583.flac,#c#b#-a#aa-#b#-#c-af#c#.flac,answering_machine,16000,1,5.485375,FLAC,115236
train,62,06929e67-483a-4085-8136-e655388e4fcd.flac,#e#-#a-#-#-e#e#fcd.flac,answering_machine,16000,1,7.5946875,FLAC,168017
train,63,incomplete_3544921d6bd041bfa72e63e9a4150b38.flac,incomplete_#d#bd#bfa#e#e#a#b#.flac,human,16000,1,2.372125,FLAC,30047
train,64,es_human_tts_00307.wav,es_human_tts_#.wav,human,16000,1,1.632,WAV,52268
train,65,voicemail_00385.wav,voicemail_#.wav,voicemail,16000,1,10.0,WAV,320044
train,66,07d9c715-2320-4d52-ae1a-2a41256878e2.flac,#d#c#-#-#d#-ae#a-#a#e#.flac,voicemail,16000,1,3.28225,FLAC,52565
train,67,0a4eda8d-3697-4d49-914b-838ca3ea71a4.flac,#a#eda#d-#-#d#-#b-#ca#ea#a#.flac,answering_machine,16000,1,8.8235625,FLAC,179937
train,68,60268fcec7abb7f832138d4e.wav,#fcec#abb#f#d#e.wav,human,8000,1,4.096,WAV,32826
train,69,01b29293-a02c-4af3-8fad-91d0af70c946.flac,#b#-a#c-#af#-#fad-#d#af#c#.flac,ivr,16000,1,3.2,FLAC,63558
train,70,ivr_00094.wav,ivr_#.wav,ivr,16000,1,9.5486875,WAV,305602
train,71,0b0f34b9-3d9f-471b-b676-7701c8396eca.flac,#b#f#b#-#d#f-#b-b#-#c#eca.flac,voicemail,16000,1,13.7744375,FLAC,296129
train,72,027db7a5-49ef-4cc0-9408-3f69f6549475.flac,#db#a#-#ef-#cc#-#-#f#f#.flac,ivr,16000,1,7.6,FLAC,157549
train,73,voicemail_00337.wav,voicemail_#.wav,voicemail,16000,1,9.28425,WAV,297140
train,74,carrier_de_human_00285.wav,carrier_de_human_#.wav,human,16000,1,2.136,WAV,68396
train,75,carrier_es_ivr_00235.wav,carrier_es_ivr_#.wav,ivr,16000,1,10.0,WAV,320044
train,76,1a17d479-741e-40a5-8c89-821cb5af84c8.flac,#a#d#-#e-#a#-#c#-#cb#af#c#.flac,voicemail,16000,1,8.068875,FLAC,153569
train,77,carrier_de_human_00291.wav,carrier_de_human_#.wav,human,16000,1,2.904,WAV,92972
train,78,voicemail_00235.wav,voicemail_#.wav,voicemail,16000,1,8.287875,WAV,265256
train,79,CAa2087ef087f9529ade0bde233e26f273_0.wav,CAa#ef#f#ade#bde#e#f#_#.wav,human,8000,1,19.14,WAV,153178
train,80,16d1c7d4-f924-40cc-9987-fa1bcd286a0d.flac,#d#c#d#-f#-#cc-#-fa#bcd#a#d.flac,voicemail,16000,1,4.0556875,FLAC,62446
train,81,0735e857-366f-4b3f-b701-1f0ebf8a5f44.flac,#e#-#f-#b#f-b#-#f#ebf#a#f#.flac,answering_machine,16000,1,3.71525,FLAC,60848
train,82,incomplete_6673302f-eeec-4031-8cb0-0b0eefe77f32_normalized.flac,incomplete_#f-eeec-#-#cb#-#b#eefe#f#_normalized.flac,human,16000,1,3.909375,FLAC,73753
train,83,0f317868-e79c-4107-8857-d73eab9f4711.flac,#f#-e#c-#-#-d#eab#f#.flac,voicemail,16000,1,12.55075,FLAC,239321
train,84,1ccfe162-f505-44d5-aa36-61f91e4c6267.flac,#ccfe#-f#-#d#-aa#-#f#e#c#.flac,answering_machine,16000,1,13.794375,FLAC,306992
train,85,1cf6946a-c681-4231-864d-e430a0e79373.flac,#cf#a-c#-#-#d-e#a#e#.flac,answering_machine,16000,1,3.5556875,FLAC,67682
train,86,01485ddc-b4f2-4a2c-abac-47786be79695.flac,#ddc-b#f#-#a#c-abac-#be#.flac,ivr,16000,1,4.96,FLAC,104461
train,87,1d051f83-7a1a-46ab-a713-b99e75aaf27e.flac,#d#f#-#a#a-#ab-a#-b#e#aaf#e.flac,answering_machine,16000,1,7.476,FLAC,161073
train,88,response_46.wav,response_#.wav,human,8000,1,3.242625,WAV,26000
train,89,response_22.wav,response_#.wav,human,8000,1,9.642625,WAV,77200
train,90,human_tts_00187.wav,human_tts_#.wav,human,16000,1,2.688,WAV,86060
train,91,incomplete_534612e7-99eb-403b-90e6-1986de33ff2d_normalized.flac,incomplete_#e#-#eb-#b-#e#-#de#ff#d_normalized.flac,human,16000,1,4.09325,FLAC,89753
train,92,602b98e7bb1e6d0fbce91f31.wav,#b#e#bb#e#d#fbce#f#.wav,human,8000,1,8.277375,WAV,66278
train,93,60266243dc3604f481bcb383.wav,#dc#f#bcb#.wav,human,8000,1,6.4,WAV,51258
train,94,02cb5e86-0fe8-49f6-9da2-3498346765c5.flac,#cb#e#-#fe#-#f#-#da#-#c#.flac,ivr,16000,1,9.64,FLAC,187086
train,95,02ad4a26-ee08-4f9d-9cc5-342ca1be61b7.flac,#ad#a#-ee#-#f#d-#cc#-#ca#be#b#.flac,ivr,16000,1,5.32,FLAC,109790
train,96,complete_0171f57b-8817-45a5-b930-a021dde92674_normalized.flac,complete_#f#b-#-#a#-b#-a#dde#_normalized.flac,human,16000,1,4.06125,FLAC,87159
train,97,03559722-15a1-48af-9fa0-2480df3afb90.flac,#-#a#-#af-#fa#-#df#afb#.flac,ivr,16000,1,10.28,FLAC,208461
train,98,0028bdae-f2b7-4961-ae7b-fe54e7a15caf.flac,#bdae-f#b#-#-ae#b-fe#e#a#caf.flac,ivr,16000,1,6.28,FLAC,130992
train,99,0129cded-e5aa-466b-ad96-6f0c8b705ae4.flac,#cded-e#aa-#b-ad#-#f#c#b#ae#.flac,answering_machine,16000,1,6.0075,FLAC,95439
train,100,ivr_00005.wav,ivr_#.wav,ivr,16000,1,10.0,WAV,320044
train,101,0033e616-ca4a-4cbd-834f-db185cd34fdb.flac,#e#-ca#a-#cbd-#f-db#cd#fdb.flac,ivr,16000,1,11.56,FLAC,263000
train,102,02755fd2-cfad-4161-afe7-5d72ddb2f85d.flac,#fd#-cfad-#-afe#-#d#ddb#f#d.flac,voicemail,16000,1,15.87125,FLAC,293215
train,103,de_human_real_00412.wav,de_human_real_#.wav,human,16000,1,10.0,WAV,320044
train,104,0f20adb8-e7d7-47a0-a4ca-2ee80b479c56.flac,#f#adb#-e#d#-#a#-a#ca-#ee#b#c#.flac,answering_machine,16000,1,10.609375,FLAC,206940
train,105,carrier_en_voicemail_00421.wav,carrier_en_voicemail_#.wav,voicemail,16000,1,8.5164375,WAV,272570
train,106,0e660b9b-35b0-49f9-ab0e-2f6f7ef20277.flac,#e#b#b-#b#-#f#-ab#e-#f#f#ef#.flac,answering_machine,16000,1,4.4010625,FLAC,88829
train,107,complete_34d5f85f-ce73-4f43-b34c-7fa5456ef186_normalized.flac,complete_#d#f#f-ce#-#f#-b#c-#fa#ef#_normalized.flac,human,16000,1,3.818625,FLAC,81940
train,108,137a41f0-8efd-4a15-ad7c-c4e65c8704a5.flac,#a#f#-#efd-#a#-ad#c-c#e#c#a#.flac,answering_machine,16000,1,14.452875,FLAC,272455
train,109,ivr_00373.wav,ivr_#.wav,ivr,16000,1,9.3605625,WAV,299582
train,110,02d1e838-962a-4f0d-b237-1fe561065e15.flac,#d#e#-#a-#f#d-b#-#fe#e#.flac,ivr,16000,1,9.04,FLAC,175365
train,111,13b88219-5dd3-4230-ba89-4bb2616ae574.flac,#b#-#dd#-#-ba#-#bb#ae#.flac,voicemail,16000,1,15.1089375,FLAC,312805
train,112,carrier_es_human_00184.wav,carrier_es_human_#.wav,human,16000,1,2.064,WAV,66092
train,113,02f8073e-e42d-4795-b2dc-ab48900c923e.flac,#f#e-e#d-#-b#dc-ab#c#e.flac,ivr,16000,1,14.88,FLAC,314735
train,114,0e541ec7-7197-4711-8252-1120d52e2f97.flac,#e#ec#-#-#-#-#d#e#f#.flac,answering_machine,16000,1,14.2210625,FLAC,284554
train,115,1027031a-2ff0-453c-8a62-dc73dc242d14.flac,#a-#ff#-#c-#a#-dc#dc#d#.flac,answering_machine,16000,1,4.0455,FLAC,59402
train,116,carrier_de_answering_machine_00365.wav,carrier_de_answering_machine_#.wav,answering_machine,16000,1,9.364625,WAV,299712
train,117,de_am_00523.wav,de_am_#.wav,answering_machine,16000,1,9.99925,WAV,320020
train,118,01d7fd5f-b50a-4b2d-8b8c-e2ce4fe6fee0.flac,#d#fd#f-b#a-#b#d-#b#c-e#ce#fe#fee#.flac,ivr,16000,1,9.16,FLAC,174068
train,119,002f71f3-d5fa-4753-a82e-a1bfc61303ab.flac,#f#f#-d#fa-#-a#e-a#bfc#ab.flac,ivr,16000,1,4.96,FLAC,106636
train,120,104f0645-2c4f-410f-8094-e4670170fd07.flac,#f#-#c#f-#f-#-e#fd#.flac,answering_machine,16000,1,10.325375,FLAC,209794
train,121,003be31d-04f5-4fb9-a805-5057d88d489d.flac,#be#d-#f#-#fb#-a#-#d#d#d.flac,ivr,16000,1,4.52,FLAC,99257
train,122,023f379c-2601-4890-bf15-f29fdb25a442.flac,#f#c-#-#-bf#-f#fdb#a#.flac,ivr,16000,1,10.32,FLAC,220435
train,123,am_00042.wav,am_#.wav,answering_machine,16000,1,10.0,WAV,320044
train,124,voicemail_00118.wav,voicemail_#.wav,voicemail,16000,1,9.2050625,WAV,294606
train,125,voicemail_00297.wav,voicemail_#.wav,voicemail,16000,1,10.0,WAV,320044
train,126,carrier_en_voicemail_00456.wav,carrier_en_voicemail_#.wav,voicemail,16000,1,10.0,WAV,320044
train,127,13bc2dc6-9822-4c43-8073-db76823a6c69.flac,#bc#dc#-#-#c#-#-db#a#c#.flac,voicemail,16000,1,14.116,FLAC,257398
train,128,0da4ef27-f661-4204-bae5-29d0144f0ef6.flac,#da#ef#-f#-#-bae#-#d#f#ef#.flac,answering_machine,16000,1,3.6375,FLAC,48854
train,129,voicemail_00176.wav,voicemail_#.wav,voicemail,16000,1,9.2890625,WAV,297294
train,130,001dea92-14a7-474b-88d7-218423dda66b.flac,#dea#-#a#-#b-#d#-#dda#b.flac,ivr,16000,1,4.96,FLAC,105494
train,131,00bdddc9-e8de-4231-ae49-43b9bb251248.flac,#bdddc#-e#de-#-ae#-#b#bb#.flac,answering_machine,16000,1,6.797375,FLAC,133058
train,132,human_tts_00158.wav,human_tts_#.wav,human,16000,1,1.584,WAV,50732
train,133,02595358-b61f-4db8-9979-2600e9fbdfc5.flac,#-b#f-#db#-#-#e#fbdfc#.flac,voicemail,16000,1,11.6023125,FLAC,234473
train,134,voicemail_00310.wav,voicemail_#.wav,voicemail,16000,1,10.0,WAV,320044
train,135,ivr_00286.wav,ivr_#.wav,ivr,16000,1,9.648,WAV,308780
train,136,0cf6ddb3-fa95-454d-b96b-6e71cbf8df3d.flac,#cf#ddb#-fa#-#d-b#b-#e#cbf#df#d.flac,voicemail,16000,1,13.101375,FLAC,254222
train,137,1027744a-a7e7-4284-8491-9cd888e49f4c.flac,#a-a#e#-#-#-#cd#e#f#c.flac,answering_machine,16000,1,5.748,FLAC,114273
train,138,human_real_00113.wav,human_real_#.wav,human,16000,1,3.584,WAV,114732
train,139,carrier_es_answering_machine_00272.wav,carrier_es_answering_machine_#.wav,answering_machine,16000,1,10.0,WAV,320044
train,140,1dc91475-e798-4eed-9857-293b71c53bb2.flac,#dc#-e#-#eed-#-#b#c#bb#.flac,answering_machine,16000,1,8.1073125,FLAC,162424
train,141,0c025967-8517-4427-9226-40306f609564.flac,#c#-#-#-#-#f#.flac,voicemail,16000,1,5.88875,FLAC,109710
train,142,0057a996-09e5-485c-8a47-534c23acdbd6.flac,#a#-#e#-#c-#a#-#c#acdbd#.flac,ivr,16000,1,8.56,FLAC,168169
train,143,response_14.wav,response_#.wav,human,8000,1,5.12,WAV,41018
train,144,1b5fcf28-189f-468c-baba-6d5e0e11916f.flac,#b#fcf#-#f-#c-baba-#d#e#e#f.flac,voicemail,16000,1,4.132,FLAC,69455
train,145,01c83793-35dc-4026-98a7-37e625d9b1d7.flac,#c#-#dc-#-#a#-#e#d#b#d#.flac,ivr,16000,1,0.76,FLAC,15401
train,146,029316ba-60a6-4a22-93e4-7f8ece82bbd1.flac,#ba-#a#-#a#-#e#-#f#ece#bbd#.flac,ivr,16000,1,8.84,FLAC,184276
train,147,response_31.wav,response_#.wav,human,8000,1,7.338625,WAV,58768
train,148,0f0272fb-e55e-4729-a8a1-0455b4097264.flac,#f#fb-e#e-#-a#a#-#b#.flac,answering_machine,16000,1,16.0,FLAC,340686
train,149,ivr_00393.wav,ivr_#.wav,ivr,16000,1,10.0,WAV,320044
train,150,01c764e2-5ef9-4866-b090-8e31b10a21d7.flac,#c#e#-#ef#-#-b#-#e#b#a#d#.flac,ivr,16000,1,7.96,FLAC,144405
train,151,carrier_fr_voicemail_00030.wav,carrier_fr_voicemail_#.wav,voicemail,16000,1,10.0,WAV,320044
train,152,01b838c0-edcb-4558-8bff-115ea5c64414.flac,#b#c#-edcb-#-#bff-#ea#c#.flac,ivr,16000,1,4.92,FLAC,110782
train,153,1d5be448-e50c-430e-9e55-d222a7a857a0.flac,#d#be#-e#c-#e-#e#-d#a#a#a#.flac,voicemail,16000,1,5.747,FLAC,118108
train,154,ivr_00224.wav,ivr_#.wav,ivr,16000,1,10.0,WAV,320044
train,155,am_00343.wav,am_#.wav,answering_machine,16000,1,10.0,WAV,320044
train,156,voicemail_00041.wav,voicemail_#.wav,voicemail,16000,1,8.480375,WAV,271416
train,157,6026655cdc3604f481bcb4fb.wav,#cdc#f#bcb#fb.wav,human,8000,1,15.104,WAV,120890
train,158,complete_5db3e9fa-83a1-4b12-af80-c3a9c402c457_normalized.flac,complete_#db#e#fa-#a#-#b#-af#-c#a#c#c#_normalized.flac,human,16000,1,3.008,FLAC,61683
train,159,ivr_00104.wav,ivr_#.wav,ivr,16000,1,8.9709375,WAV,287114
train,160,110fe087-50f3-4cbe-a0e3-10331bf3f2c6.flac,#fe#-#f#-#cbe-a#e#-#bf#f#c#.flac,answering_machine,16000,1,7.3386875,FLAC,149679
train,161,de_human_tts_00466.wav,de_human_tts_#.wav,human,16000,1,2.76,WAV,88364
train,162,incomplete_ef50c0c356fb4315adca3cd6529b5941.flac,incomplete_ef#c#c#fb#adca#cd#b#.flac,human,16000,1,3.2209375,FLAC,44913
train,163,complete_f0493d75-3b75-44bc-a10d-c17249a2a273_normalized.flac,complete_f#d#-#b#-#bc-a#d-c#a#a#_normalized.flac,human,16000,1,3.735625,FLAC,82282
train,164,de_human_real_00413.wav,de_human_real_#.wav,human,16000,1,8.86,WAV,283564
train,165,carrier_de_human_00297.wav,carrier_de_human_#.wav,human,16000,1,2.544,WAV,81452
train,166,response_45.wav,response_#.wav,human,8000,1,18.76175,WAV,150152
train,167,0a25b24a-7d73-4b31-b8f7-9bad302337b5.flac,#a#b#a-#d#-#b#-b#f#-#bad#b#.flac,answering_machine,16000,1,7.424,FLAC,160771
train,168,01a056ab-60b8-4c07-ad71-99fb77e2f56a.flac,#a#ab-#b#-#c#-ad#-#fb#e#f#a.flac,ivr,16000,1,6.4,FLAC,128813
train,169,027580a1-0da8-4cdf-ad7a-14ecfbbf62ad.flac,#a#-#da#-#cdf-ad#a-#ecfbbf#ad.flac,ivr,16000,1,6.28,FLAC,131698
train,170,08420435-72a7-4166-9dfe-32c18dc622b1.flac,#-#a#-#-#dfe-#c#dc#b#.flac,voicemail,16000,1,11.61375,FLAC,209090
train,171,1854356b-a360-44ff-bc37-df3726d80ff4.flac,#b-a#-#ff-bc#-df#d#ff#.flac,voicemail,16000,1,16.0,FLAC,323536
train,172,60268f5fdc3604f481bcb864.wav,#f#fdc#f#bcb#.wav,human,8000,1,6.03725,WAV,48356
train,173,am_00287.wav,am_#.wav,answering_machine,16000,1,10.0,WAV,320044
train,174,response_16.wav,response_#.wav,human,8000,1,10.24,WAV,81978
train,175,069d3a50-a3ca-4014-a5f0-20100cd31c43.flac,#d#a#-a#ca-#-a#f#-#cd#c#.flac,answering_machine,16000,1,15.252375,FLAC,293835
train,176,0c90352e-2e2d-43c4-90d4-afcfd13e887c.flac,#c#e-#e#d-#c#-#d#-afcfd#e#c.flac,voicemail,16000,1,3.9405,FLAC,71058
train,177,ivr_00219.wav,ivr_#.wav,ivr,16000,1,8.376,WAV,268076
train,178,029e7f7e-3fdd-404f-b6f7-d08de87f3592.flac,#e#f#e-#fdd-#f-b#f#-d#de#f#.flac,voicemail,16000,1,6.73375,FLAC,130870
train,179,human_real_00084.wav,human_real_#.wav,human,16000,1,5.717375,WAV,183000
train,180,1d6ce38d-6594-4d54-98fb-75ac38978134.flac,#d#ce#d-#-#d#-#fb-#ac#.flac,answering_machine,16000,1,13.2135,FLAC,270993
train,181,1c1423c2-5146-45eb-b654-328e3170b791.flac,#c#c#-#-#eb-b#-#e#b#.flac,voicemail,16000,1,14.0751875,FLAC,284985
train,182,complete_267186fe-91c9-416c-95da-149f065992a6_normalized.flac,complete_#fe-#c#-#c-#da-#f#a#_normalized.flac,human,16000,1,2.53125,FLAC,55729
train,183,0d500640-6958-4e33-9ba2-e25ab1ecce8a.flac,#d#-#-#e#-#ba#-e#ab#ecce#a.flac,answering_machine,16000,1,6.892,FLAC,147135
train,184,14fd4a58-d6fa-4085-b973-4ed211bdb189.flac,#fd#a#-d#fa-#-b#-#ed#bdb#.flac,voicemail,16000,1,4.214375,FLAC,85250
train,185,0a947896-96c8-4871-bc67-d18e23d9fbd6.flac,#a#-#c#-#-bc#-d#e#d#fbd#.flac,answering_machine,16000,1,12.27125,FLAC,272247
train,186,0a6ec18d-8d79-4625-bf8e-8eebd79cfd30.flac,#a#ec#d-#d#-#-bf#e-#eebd#cfd#.flac,answering_machine,16000,1,4.742625,FLAC,64876
train,187,0006b31b-e955-4346-bc62-1966fec6f549.flac,#b#b-e#-#-bc#-#fec#f#.flac,answering_machine,16000,1,3.406875,FLAC,60143
train,188,1907c08f-69f9-43b6-940a-5e8dadc001c2.flac,#c#f-#f#-#b#-#a-#e#dadc#c#.flac,answering_machine,16000,1,4.3991875,FLAC,70884
train,189,0363a364-89e8-4deb-88a8-c8ff042319c8.flac,#a#-#e#-#deb-#a#-c#ff#c#.flac,answering_machine,16000,1,4.564,FLAC,101968
train,190,108afcf6-4bc3-407c-b081-7cf045f761b9.flac,#afcf#-#bc#-#c-b#-#cf#f#b#.flac,answering_machine,16000,1,16.0,FLAC,297189
train,191,0f08887e-5c9f-4b57-9e21-e21f7ac2f80a.flac,#f#e-#c#f-#b#-#e#-e#f#ac#f#a.flac,answering_machine,16000,1,13.674625,FLAC,235572
train,192,13c953fe-a09b-4adc-a4e3-454c9d424d02.flac,#c#fe-a#b-#adc-a#e#-#c#d#d#.flac,voicemail,16000,1,10.9648125,FLAC,208828
train,193,01b02709-5e5a-429d-9907-ae39b5b8080d.flac,#b#-#e#a-#d-#-ae#b#b#d.flac,answering_machine,16000,1,7.3386875,FLAC,147347
train,194,089a5938-a520-4580-bb46-2be32ef429fd.flac,#a#-a#-#-bb#-#be#ef#fd.flac,voicemail,16000,1,2.504625,FLAC,35149
train,195,ivr_00244.wav,ivr_#.wav,ivr,16000,1,10.0,WAV,320044
train,196,human_tts_00043.wav,human_tts_#.wav,human,16000,1,0.888,WAV,28460
train,197,0293170e-1c9f-47c5-a4cd-469baf66e1ea.flac,#e-#c#f-#c#-a#cd-#baf#e#ea.flac,ivr,16000,1,12.12,FLAC,220884
train,198,172def28-d988-4a19-830e-09c430bdad7e.flac,#def#-d#-#a#-#e-#c#bdad#e.flac,voicemail,16000,1,3.56575,FLAC,60825
train,199,complete_a33b0b19-aed1-410d-ab16-3c13c60a47ca_normalized.flac,complete_a#b#b#-aed#-#d-ab#-#c#c#a#ca_normalized.flac,human,16000,1,4.095875,FLAC,81167
train,200,response_45.wav,response_#.wav,human,8000,1,4.608,WAV,36922
train,201,ivr_00171.wav,ivr_#.wav,ivr,16000,1,9.288,WAV,297260
train,202,fr_voicemail_00136.wav,fr_voicemail_#.wav,voicemail,16000,1,8.9643125,WAV,286902
train,203,1860d0d5-5bf0-4088-816f-b604344ae51d.flac,#d#d#-#bf#-#-#f-b#ae#d.flac,voicemail,16000,1,5.2360625,FLAC,102228
train,204,13b2c222-e9f1-47c6-ab05-0aa992d06981.flac,#b#c#-e#f#-#c#-ab#-#aa#d#.flac,voicemail,16000,1,13.8795,FLAC,263179
train,205,02be72c5-c8fe-4e0f-8242-4e02ea546d48.flac,#be#c#-c#fe-#e#f-#-#e#ea#d#.flac,ivr,16000,1,7.84,FLAC,159503
train,206,00eb2f33-80ee-4eec-8dca-069dc7a2d2a5.flac,#eb#f#-#ee-#eec-#dca-#dc#a#d#a#.flac,ivr,16000,1,5.48,FLAC,125552
train,207,am_00129.wav,am_#.wav,answering_machine,16000,1,9.7943125,WAV,313462
train,208,0efa4e90-4577-4c4b-a41d-ecc7424c0891.flac,#efa#e#-#-#c#b-a#d-ecc#c#.flac,answering_machine,16000,1,8.1066875,FLAC,151802
train,209,02a66e36-e341-4b79-8de3-ce9b820647dc.flac,#a#e#-e#-#b#-#de#-ce#b#dc.flac,ivr,16000,1,10.4,FLAC,210189
train,210,complete_696046c1-d408-4384-9fe1-11b538cccc39_normalized.flac,complete_#c#-d#-#-#fe#-#b#cccc#_normalized.flac,human,16000,1,4.46,FLAC,67209
train,211,60268ffecfa37e1cf217b12e.wav,#ffecfa#e#cf#b#e.wav,human,8000,1,3.157375,WAV,25318
train,212,incomplete_902e35c5-05be-41ef-8705-0a7c029d9811_normalized.flac,incomplete_#e#c#-#be-#ef-#-#a#c#d#_normalized.flac,human,16000,1,4.8533125,FLAC,108120
train,213,carrier_en_ivr_00480.wav,carrier_en_ivr_#.wav,ivr,16000,1,10.0,WAV,320044
train,214,1a71beb2-dd72-4893-a5c7-79f009bfe3c9.flac,#a#beb#-dd#-#-a#c#-#f#bfe#c#.flac,voicemail,16000,1,11.704125,FLAC,261904
train,215,incomplete_bd4540d6-b08d-4bb0-8365-5c7c2d444c5f_normalized.flac,incomplete_bd#d#-b#d-#bb#-#-#c#c#d#c#f_normalized.flac,human,16000,1,2.937375,FLAC,53144
train,216,01df1e2d-dc9f-4a7b-81f7-8146be546cf8.flac,#df#e#d-dc#f-#a#b-#f#-#be#cf#.flac,ivr,16000,1,8.8,FLAC,172393
train,217,carrier_es_voicemail_00228.wav,carrier_es_voicemail_#.wav,voicemail,16000,1,9.1266875,WAV,292098
train,218,045e8c5e-f4af-46a4-bc70-0cabb11b9916.flac,#e#c#e-f#af-#a#-bc#-#cabb#b#.flac,voicemail,16000,1,15.3981875,FLAC,327257
train,219,025f94d3-14ac-4eaf-bcc6-de2aaf7be523.flac,#f#d#-#ac-#eaf-bcc#-de#aaf#be#.flac,voicemail,16000,1,14.1175625,FLAC,313441
train,220,17cc3ab8-ea0a-4500-b1e1-01e7df98b3ca.flac,#cc#ab#-ea#a-#-b#e#-#e#df#b#ca.flac,answering_machine,16000,1,10.9634375,FLAC,226149
train,221,complete_37d2efb5-a3b3-4f13-a66b-93bc82622a6e_normalized.flac,complete_#d#efb#-a#b#-#f#-a#b-#bc#a#e_normalized.flac,human,16000,1,3.232,FLAC,62568
train,222,0692b254-4ef5-4c61-9894-40e37fd081e3.flac,#b#-#ef#-#c#-#-#e#fd#e#.flac,voicemail,16000,1,10.847,FLAC,196549
train,223,am_00096.wav,am_#.wav,answering_machine,16000,1,9.764625,WAV,312512
train,224,incomplete_e27a6b433bf044efa11e4dff4c573c37.flac,incomplete_e#a#b#bf#efa#e#dff#c#c#.flac,human,16000,1,3.802375,FLAC,55649
train,225,05f21bc5-8b42-422f-958f-b4a74b305087.flac,#f#bc#-#b#-#f-#f-b#a#b#.flac,answering_machine,16000,1,15.365125,FLAC,335255
train,226,human_tts_00118.wav,human_tts_#.wav,human,16000,1,2.568,WAV,82220
train,227,16bdae94-e6cb-48c6-be42-260e2e7cadaf.flac,#bdae#-e#cb-#c#-be#-#e#e#cadaf.flac,voicemail,16000,1,3.051,FLAC,67493
train,228,60268f22c7abb7f832138bc1.wav,#f#c#abb#f#bc#.wav,human,8000,1,7.168,WAV,57402
train,229,carrier_fr_ivr_00108.wav,carrier_fr_ivr_#.wav,ivr,16000,1,10.0,WAV,320044
train,230,00d7c7bd-c56e-441a-a40b-258e5e38f6d3.flac,#d#c#bd-c#e-#a-a#b-#e#e#f#d#.flac,ivr,16000,1,5.84,FLAC,113119
train,231,02663335-2b71-4d91-ba2d-f0ffbf8c0c86.flac,#-#b#-#d#-ba#d-f#ffbf#c#c#.flac,ivr,16000,1,10.52,FLAC,220278
train,232,carrier_de_answering_machine_00379.wav,carrier_de_answering_machine_#.wav,answering_machine,16000,1,6.50625,WAV,208244
train,233,030481b7-58a0-490b-980c-db9334689b1f.flac,#b#-#a#-#b-#c-db#b#f.flac,ivr,16000,1,7.4,FLAC,164764
train,234,01e1373f-8b5e-4743-8b14-64702ed0f5ed.flac,#e#f-#b#e-#-#b#-#ed#f#ed.flac,voicemail,16000,1,11.798125,FLAC,200242
train,235,am_00391.wav,am_#.wav,answering_machine,16000,1,8.5326875,WAV,273090
train,236,602ba88ebb1e6d0fbce920ff.wav,#ba#ebb#e#d#fbce#ff.wav,human,8000,1,3.901,WAV,31266
train,237,carrier_fr_answering_machine_00157.wav,carrier_fr_answering_machine_#.wav,answering_machine,16000,1,9.9271875,WAV,317714
train,238,001c9355-dc7e-4667-8a53-3e477971c29f.flac,#c#-dc#e-#-#a#-#e#c#f.flac,ivr,16000,1,5.32,FLAC,88691
train,239,response_45.wav,response_#.wav,human,8000,1,4.949375,WAV,39654
train,240,025e60ef-aba7-43c0-824f-17bde954aedd.flac,#e#ef-aba#-#c#-#f-#bde#aedd.flac,ivr,16000,1,9.68,FLAC,209383
train,241,response_25.wav,response_#.wav,human,8000,1,4.864,WAV,38970
train,242,14c18653-5d94-41da-9f7f-a62343925f59.flac,#c#-#d#-#da-#f#f-a#f#.flac,voicemail,16000,1,6.1386875,FLAC,113155
train,243,carrier_en_ivr_00489.wav,carrier_en_ivr_#.wav,ivr,16000,1,10.0,WAV,320044
train,244,03345aa6-8a2e-4a71-8d95-a60576154649.flac,#aa#-#a#e-#a#-#d#-a#.flac,answering_machine,16000,1,11.7264375,FLAC,219357
train,245,031c32ea-1972-4422-84fa-a0a5e0c46080.flac,#c#ea-#-#-#fa-a#a#e#c#.flac,ivr,16000,1,6.88,FLAC,144790
train,246,carrier_de_voicemail_00315.wav,carrier_de_voicemail_#.wav,voicemail,16000,1,10.0,WAV,320044
train,247,1d2ffe51-6f8f-4925-8b2b-97f58410e51d.flac,#d#ffe#-#f#f-#-#b#b-#f#e#d.flac,voicemail,16000,1,13.477,FLAC,233308
train,248,ivr_00399.wav,ivr_#.wav,ivr,16000,1,10.0,WAV,320044
train,249,02c2bfe8-ff81-4b2a-bbc2-638fb7f21729.flac,#c#bfe#-ff#-#b#a-bbc#-#fb#f#.flac,ivr,16000,1,6.64,FLAC,133051
train,250,complete_26bf9812-fdf7-4f1e-ac50-92d634bc9247_normalized.flac,complete_#bf#-fdf#-#f#e-ac#-#d#bc#_normalized.flac,human,16000,1,2.693125,FLAC,57407
train,251,141d8e74-1c53-439d-ae24-27b711db6fe3.flac,#d#e#-#c#-#d-ae#-#b#db#fe#.flac,answering_machine,16000,1,11.0294375,FLAC,242803
train,252,18c573a9-08ae-42d3-8837-c1c7dbbc1f34.flac,#c#a#-#ae-#d#-#-c#c#dbbc#f#.flac,voicemail,16000,1,16.0,FLAC,315126
train,253,ivr_00022.wav,ivr_#.wav,ivr,16000,1,7.272,WAV,232748
train,254,fr_human_real_00054.wav,fr_human_real_#.wav,human,16000,1,10.0,WAV,320044
train,255,0f02c32b-31f2-42dd-8063-a028cf5b4ff9.flac,#f#c#b-#f#-#dd-#-a#cf#b#ff#.flac,voicemail,16000,1,15.0064375,FLAC,269644
train,256,ivr_00258.wav,ivr_#.wav,ivr,16000,1,7.728,WAV,247340
train,257,carrier_de_answering_machine_00366.wav,carrier_de_answering_machine_#.wav,answering_machine,16000,1,9.5069375,WAV,304266
train,258,am_00122.wav,am_#.wav,answering_machine,16000,1,10.0,WAV,320044
train,259,am_00030.wav,am_#.wav,answering_machine,16000,1,10.0,WAV,320044
train,260,1929347e-32c1-4221-9d86-9ca0e402995d.flac,#e-#c#-#-#d#-#ca#e#d.flac,answering_machine,16000,1,14.076,FLAC,257321
train,261,1cffba55-a8ef-450b-af47-27b84e71b515.flac,#cffba#-a#ef-#b-af#-#b#e#b#.flac,voicemail,16000,1,13.98075,FLAC,278090
train,262,1456059a-8ff6-4aef-a8d4-8ac3603ec027.flac,#a-#ff#-#aef-a#d#-#ac#ec#.flac,voicemail,16000,1,2.82475,FLAC,42423
train,263,131f8bad-503a-4ad1-9ab8-1a7a3fcf4a30.flac,#f#bad-#a-#ad#-#ab#-#a#a#fcf#a#.flac,voicemail,16000,1,10.6344375,FLAC,204843
train,264,00d98597-099e-4738-9981-23ead45b4a3b.flac,#d#-#e-#-#-#ead#b#a#b.flac,ivr,16000,1,6.76,FLAC,121767
train,265,0bb00b1b-d0bf-4463-afef-e6d382a73b3c.flac,#bb#b#b-d#bf-#-afef-e#d#a#b#c.flac,voicemail,16000,1,2.564,FLAC,51863
train,266,complete_161da3af-e028-4470-9e2c-a1141bc944a2_normalized.flac,complete_#da#af-e#-#-#e#c-a#bc#a#_normalized.flac,human,16000,1,2.171875,FLAC,41351
train,267,13888098-7aa1-4d4b-9788-fae0264548f8.flac,#-#aa#-#d#b-#-fae#f#.flac,answering_machine,16000,1,2.56,FLAC,57002
train,268,voicemail_00133.wav,voicemail_#.wav,voicemail,16000,1,8.0688125,WAV,258246
train,269,1b6190c6-e6c3-43e0-876c-a179e1c85b3f.flac,#b#c#-e#c#-#e#-#c-a#e#c#b#f.flac,answering_machine,16000,1,13.960375,FLAC,269820
train,270,00997df8-13ed-48b1-a8c7-9d111fac943c.flac,#df#-#ed-#b#-a#c#-#d#fac#c.flac,voicemail,16000,1,6.5015625,FLAC,111885
train,271,1073fa42-ad11-49b8-8343-d3e75889ae25.flac,#fa#-ad#-#b#-#-d#e#ae#.flac,voicemail,16000,1,13.74475,FLAC,268282
train,272,00e76801-f965-4b93-b2e7-527ae1b27c45.flac,#e#-f#-#b#-b#e#-#ae#b#c#.flac,answering_machine,16000,1,16.0,FLAC,279570
train,273,1a52902e-83db-4272-91ef-4b804085e7b9.flac,#a#e-#db-#-#ef-#b#e#b#.flac,answering_machine,16000,1,3.7768125,FLAC,44861
train,274,am_00193.wav,am_#.wav,answering_machine,16000,1,8.3806875,WAV,268226
train,275,1257db74-fdc1-4361-91a0-8df6ea587cb2.flac,#db#-fdc#-#-#a#-#df#ea#cb#.flac,voicemail,16000,1,4.5859375,FLAC,97347
train,276,am_00224.wav,am_#.wav,answering_machine,16000,1,9.760125,WAV,312368
train,277,fr_human_real_00068.wav,fr_human_real_#.wav,human,16000,1,8.96,WAV,286764
train,278,am_00095.wav,am_#.wav,answering_machine,16000,1,10.0,WAV,320044
train,279,voicemail_00204.wav,voicemail_#.wav,voicemail,16000,1,10.0,WAV,320044
train,280,009638b5-fd71-481f-bd5e-56a71e665275.flac,#b#-fd#-#f-bd#e-#a#e#.flac,ivr,16000,1,10.72,FLAC,216074
train,281,033a9179-69e2-41fb-a99d-4bca9e60f779.flac,#a#-#e#-#fb-a#d-#bca#e#f#.flac,voicemail,16000,1,3.2906875,FLAC,72882
train,282,0052f0c7-6f5d-46bd-984f-962daafab6b2.flac,#f#c#-#f#d-#bd-#f-#daafab#b#.flac,ivr,16000,1,3.2,FLAC,60696
train,283,0a4801ef-a5d9-48ba-9a27-4402796002e2.flac,#a#ef-a#d#-#ba-#a#-#e#.flac,voicemail,16000,1,5.189625,FLAC,82808
train,284,015ee4be-ed6d-4419-8381-1181b19711c1.flac,#ee#be-ed#d-#-#-#b#c#.flac,answering_machine,16000,1,3.3,FLAC,63015
train,285,am_00215.wav,am_#.wav,answering_machine,16000,1,10.0,WAV,320044
train,286,ivr_00397.wav,ivr_#.wav,ivr,16000,1,7.392,WAV,236588
train,287,01076bd8-05ff-4a7d-a79d-71a853612652.flac,#bd#-#ff-#a#d-a#d-#a#.flac,ivr,16000,1,5.2,FLAC,127768
train,288,fr_am_00230.wav,fr_am_#.wav,answering_machine,16000,1,10.0,WAV,320044
train,289,ivr_00038.wav,ivr_#.wav,ivr,16000,1,10.0,WAV,320044
train,290,voicemail_00311.wav,voicemail_#.wav,voicemail,16000,1,10.0,WAV,320044
train,291,06d35147-f551-47d5-87fb-7abbe74ad75d.flac,#d#-f#-#d#-#fb-#abbe#ad#d.flac,voicemail,16000,1,15.3544375,FLAC,308133
train,292,13888142-0ecd-43f2-b93e-0613c6e970d6.flac,#-#ecd-#f#-b#e-#c#e#d#.flac,voicemail,16000,1,12.2764375,FLAC,241092
train,293,0137dcc0-9017-474a-ba4a-c34d67e54afb.flac,#dcc#-#-#a-ba#a-c#d#e#afb.flac,voicemail,16000,1,10.766625,FLAC,212678
train,294,response_11.wav,response_#.wav,human,8000,1,3.072,WAV,24634
train,295,0606d215-b7de-4cc7-a13f-e7043e197615.flac,#d#-b#de-#cc#-a#f-e#e#.flac,voicemail,16000,1,10.843125,FLAC,228572
train,296,01d3eabb-d318-461d-a5f2-ed85ba17dc89.flac,#d#eabb-d#-#d-a#f#-ed#ba#dc#.flac,answering_machine,16000,1,4.9775,FLAC,82221
train,297,complete_665a87ac-d795-4e64-b190-eefe7dafc6f3_normalized.flac,complete_#a#ac-d#-#e#-b#-eefe#dafc#f#_normalized.flac,human,16000,1,3.424,FLAC,68237
train,298,carrier_es_human_00185.wav,carrier_es_human_#.wav,human,16000,1,2.856,WAV,91436
train,299,complete_86df4c16-fc9b-4091-a68c-ebd1d3779574_normalized.flac,complete_#df#c#-fc#b-#-a#c-ebd#d#_normalized.flac,human,16000,1,3.4666875,FLAC,78885
train,300,07f9df98-9ff0-4580-b430-9130ba2ee502.flac,#f#df#-#ff#-#-b#-#ba#ee#.flac,voicemail,16000,1,7.3839375,FLAC,148517
train,301,0301f5c6-73f0-4ece-8ba0-08f19fe29cd2.flac,#f#c#-#f#-#ece-#ba#-#f#fe#cd#.flac,ivr,16000,1,7.04,FLAC,156054
train,302,17a26d8a-35ff-4950-ac75-ab546f907283.flac,#a#d#a-#ff-#-ac#-ab#f#.flac,voicemail,16000,1,7.052,FLAC,150660
train,303,602664cadc3604f481bcb47e.wav,#cadc#f#bcb#e.wav,human,8000,1,9.84525,WAV,78820
train,304,am_00282.wav,am_#.wav,answering_machine,16000,1,8.53875,WAV,273284
train,305,060a6107-8ee6-495e-9c63-a50e7c94a435.flac,#a#-#ee#-#e-#c#-a#e#c#a#.flac,voicemail,16000,1,14.9,FLAC,290441
train,306,0f652930-7853-43d7-b4d4-e74be101e890.flac,#f#-#-#d#-b#d#-e#be#e#.flac,voicemail,16000,1,3.2633125,FLAC,63245
train,307,00cc7c1f-984f-4a71-b180-994f3814fb0d.flac,#cc#c#f-#f-#a#-b#-#f#fb#d.flac,ivr,16000,1,8.0,FLAC,147125
train,308,incomplete_f7acea00a7964b40b7a88f59f98cbe31.flac,incomplete_f#acea#a#b#b#a#f#f#cbe#.flac,human,16000,1,3.593,FLAC,60289
train,309,voicemail_00024.wav,voicemail_#.wav,voicemail,16000,1,8.945875,WAV,286312
train,310,01045966-25da-4e46-9614-7242a7a0d69f.flac,#-#da-#e#-#-#a#a#d#f.flac,ivr,16000,1,5.72,FLAC,135695
train,311,05bce0d7-6042-44a4-bf74-03ae9c0a7311.flac,#bce#d#-#-#a#-bf#-#ae#c#a#.flac,answering_machine,16000,1,3.3024375,FLAC,67202
train,312,voicemail_00152.wav,voicemail_#.wav,voicemail,16000,1,8.1549375,WAV,261002
train,313,057acaa8-67d7-4129-88d4-6a996a682bb3.flac,#acaa#-#d#-#-#d#-#a#a#bb#.flac,answering_machine,16000,1,15.6159375,FLAC,293374
train,314,complete_b5fe7df5-5c0a-493d-96b5-2e2ab76a9431_normalized.flac,complete_b#fe#df#-#c#a-#d-#b#-#e#ab#a#_normalized.flac,human,16000,1,2.816,FLAC,56013
train,315,00c83b68-223d-443b-85e1-357633c526c1.flac,#c#b#-#d-#b-#e#-#c#c#.flac,ivr,16000,1,3.36,FLAC,65802
train,316,0365fd12-1377-4d2f-b0c4-d7a0131d5ba4.flac,#fd#-#-#d#f-b#c#-d#a#d#ba#.flac,ivr,16000,1,5.08,FLAC,104178
train,317,0088dc70-870f-4f69-af42-0ac3b8797a37.flac,#dc#-#f-#f#-af#-#ac#b#a#.flac,voicemail,16000,1,13.1024375,FLAC,268941
train,318,1710f4ed-9609-44b6-bc8e-693f7defeac6.flac,#f#ed-#-#b#-bc#e-#f#defeac#.flac,voicemail,16000,1,4.214375,FLAC,81916
train,319,19330db4-6285-4dc5-afd8-f4b422ee0edb.flac,#db#-#-#dc#-afd#-f#b#ee#edb.flac,answering_machine,16000,1,4.6510625,FLAC,70432
train,320,ivr_00293.wav,ivr_#.wav,ivr,16000,1,10.0,WAV,320044
train,321,185da0eb-ef1d-4cd4-b0f7-faf622b0e716.flac,#da#eb-ef#d-#cd#-b#f#-faf#b#e#.flac,voicemail,16000,1,13.45575,FLAC,257621
train,322,084ac7a5-e4df-4567-ab7d-6ec42c7b7212.flac,#ac#a#-e#df-#-ab#d-#ec#c#b#.flac,voicemail,16000,1,9.9075625,FLAC,150911
train,323,040bc5f3-61f7-4502-bf36-9ee8de18bcfb.flac,#bc#f#-#f#-#-bf#-#ee#de#bcfb.flac,voicemail,16000,1,5.92725,FLAC,123432
train,324,fr_human_tts_00122.wav,fr_human_tts_#.wav,human,16000,1,2.496,WAV,79916
train,325,60266536dc3604f481bcb4db.wav,#dc#f#bcb#db.wav,human,8000,1,8.448,WAV,67642
train,326,human_tts_00090.wav,human_tts_#.wav,human,16000,1,2.88,WAV,92204
train,327,carrier_fr_voicemail_00070.wav,carrier_fr_voicemail_#.wav,voicemail,16000,1,10.0,WAV,320044
train,328,18aef193-34f3-4619-a397-149f9f1430ae.flac,#aef#-#f#-#-a#-#f#f#ae.flac,answering_machine,16000,1,14.7230625,FLAC,315449
train,329,carrier_de_ivr_00353.wav,carrier_de_ivr_#.wav,ivr,16000,1,6.842,WAV,218988
train,330,incomplete_b30232f4-fd55-4be6-bccf-28a73eef7130_normalized.flac,incomplete_b#f#-fd#-#be#-bccf-#a#eef#_normalized.flac,human,16000,1,3.88075,FLAC,83685
train,331,ivr_00036.wav,ivr_#.wav,ivr,16000,1,8.376,WAV,268076
train,332,human_tts_00132.wav,human_tts_#.wav,human,16000,1,2.256,WAV,72236
train,333,60268faac421a821df7c18bc.wav,#faac#a#df#c#bc.wav,human,8000,1,10.837375,WAV,86758
train,334,0291e915-4f07-486c-b69b-3f5ec3743c14.flac,#e#-#f#-#c-b#b-#f#ec#c#.flac,voicemail,16000,1,12.165625,FLAC,238307
train,335,009af80e-2dee-454a-9e4a-23acdca9836e.flac,#af#e-#dee-#a-#e#a-#acdca#e.flac,ivr,16000,1,10.96,FLAC,231898
train,336,carrier_fr_answering_machine_00144.wav,carrier_fr_answering_machine_#.wav,answering_machine,16000,1,9.0830625,WAV,290702
train,337,human_tts_00004.wav,human_tts_#.wav,human,16000,1,3.288,WAV,105260
train,338,102c5aaa-9b29-4ff6-a5a5-bb722b001ce0.flac,#c#aaa-#b#-#ff#-a#a#-bb#b#ce#.flac,voicemail,16000,1,10.9423125,FLAC,194970
train,339,0f3801bb-4517-42cb-9f49-4c71f929d326.flac,#f#bb-#-#cb-#f#-#c#f#d#.flac,voicemail,16000,1,4.175875,FLAC,77545
train,340,04684d94-7d1d-4895-a46d-5c4e0ce78139.flac,#d#-#d#d-#-a#d-#c#e#ce#.flac,answering_machine,16000,1,12.650375,FLAC,230748
train,341,01bb274c-506e-4938-acf2-44aa5fb29be2.flac,#bb#c-#e-#-acf#-#aa#fb#be#.flac,ivr,16000,1,6.6,FLAC,135189
train,342,16fcf29a-46c6-435e-b91e-0a2cc05c2941.flac,#fcf#a-#c#-#e-b#e-#a#cc#c#.flac,answering_machine,16000,1,2.58425,FLAC,32366
train,343,15813dc7-5fcd-4cac-b18c-0f111257df44.flac,#dc#-#fcd-#cac-b#c-#f#df#.flac,voicemail,16000,1,2.9373125,FLAC,61684
train,344,incomplete_ed5e06ba-3c8e-42d2-b454-db04dcf4adf1_normalized.flac,incomplete_ed#e#ba-#c#e-#d#-b#-db#dcf#adf#_normalized.flac,human,16000,1,5.82,FLAC,87857
train,345,1aa7f096-4108-4c9d-9821-67417878c5c6.flac,#aa#f#-#-#c#d-#-#c#c#.flac,answering_machine,16000,1,16.0,FLAC,317705
train,346,056d0429-4d14-4068-a5fb-91fc93344db9.flac,#d#-#d#-#-a#fb-#fc#db#.flac,answering_machine,16000,1,11.685,FLAC,249022
train,347,carrier_fr_voicemail_00033.wav,carrier_fr_voicemail_#.wav,voicemail,16000,1,10.0,WAV,320044
train,348,01f9c212-a916-43f5-aadd-dd8bc63c42a5.flac,#f#c#-a#-#f#-aadd-dd#bc#c#a#.flac,ivr,16000,1,9.76,FLAC,226388
train,349,00470190-1eb1-4b84-9f54-1d8069392876.flac,#-#eb#-#b#-#f#-#d#.flac,voicemail,16000,1,11.2375625,FLAC,227241
train,350,19f65d13-83ae-4eab-8de1-2293bfa356c5.flac,#f#d#-#ae-#eab-#de#-#bfa#c#.flac,answering_machine,16000,1,11.2000625,FLAC,246546
train,351,1d6dbdc6-c4eb-48a9-9703-fc61e808b282.flac,#d#dbdc#-c#eb-#a#-#-fc#e#b#.flac,voicemail,16000,1,3.7620625,FLAC,56841
train,352,18fd05f1-d5f3-43b0-9cba-0bea55406ea1.flac,#fd#f#-d#f#-#b#-#cba-#bea#ea#.flac,voicemail,16000,1,11.6213125,FLAC,245325
train,353,02647ab3-d9bc-4bfe-b8a1-d8d1d627fb6a.flac,#ab#-d#bc-#bfe-b#a#-d#d#d#fb#a.flac,ivr,16000,1,7.32,FLAC,171100
train,354,01aaf979-420b-43da-963c-5c96e90aee79.flac,#aaf#-#b-#da-#c-#c#e#aee#.flac,ivr,16000,1,4.36,FLAC,88508
train,355,0f331198-296a-458a-a327-4efffe73b671.flac,#f#-#a-#a-a#-#efffe#b#.flac,voicemail,16000,1,12.389625,FLAC,231247
train,356,0491efcc-ffab-4d5a-83bb-72e88d7fd925.flac,#efcc-ffab-#d#a-#bb-#e#d#fd#.flac,voicemail,16000,1,13.9775,FLAC,271769
train,357,11f7a512-03dd-4117-b805-235f81d097d7.flac,#f#a#-#dd-#-b#-#f#d#d#.flac,voicemail,16000,1,10.0754375,FLAC,221741
train,358,am_00166.wav,am_#.wav,answering_machine,16000,1,10.0,WAV,320044
train,359,1c56a7c4-4d39-49f7-bf7e-158f09c6890d.flac,#c#a#c#-#d#-#f#-bf#e-#f#c#d.flac,answering_machine,16000,1,10.3396875,FLAC,215063
train,360,complete_84721578-180e-4c4e-8bf6-fab50f8253a5_normalized.flac,complete_#-#e-#c#e-#bf#-fab#f#a#_normalized.flac,human,16000,1,3.1725,FLAC,63268
train,361,voicemail_00393.wav,voicemail_#.wav,voicemail,16000,1,7.8964375,WAV,252730
train,362,incomplete_4a87d692-eb66-4bfd-b6a8-e61c3702cae7_normalized.flac,incomplete_#a#d#-eb#-#bfd-b#a#-e#c#cae#_normalized.flac,human,16000,1,4.5175,FLAC,96634
train,363,carrier_de_answering_machine_00389.wav,carrier_de_answering_machine_#.wav,answering_machine,16000,1,9.6865,WAV,310012
train,364,14d213ae-5ac0-44ec-a2ad-c55adba03e9a.flac,#d#ae-#ac#-#ec-a#ad-c#adba#e#a.flac,answering_machine,16000,1,3.012,FLAC,61581
train,365,01e1096d-8cea-45fc-afa8-e9a8d2d63f31.flac,#e#d-#cea-#fc-afa#-e#a#d#d#f#.flac,ivr,16000,1,4.0,FLAC,69855
train,366,602b9c95963e11ccd901cc00.wav,#b#c#e#ccd#cc#.wav,human,8000,1,3.925375,WAV,31462
train,367,1e3bfe42-459b-45d9-9de6-e2c98a09f4f6.flac,#e#bfe#-#b-#d#-#de#-e#c#a#f#f#.flac,voicemail,16000,1,15.4159375,FLAC,314776
train,368,0222f411-4d11-4282-a176-07c68bb2aed5.flac,#f#-#d#-#-a#-#c#bb#aed#.flac,ivr,16000,1,3.2,FLAC,69173
train,369,0bca87d0-0a9c-44e6-b427-1efd1c94d2d7.flac,#bca#d#-#a#c-#e#-b#-#efd#c#d#d#.flac,answering_machine,16000,1,4.608,FLAC,94435
train,370,human_tts_00021.wav,human_tts_#.wav,human,16000,1,1.344,WAV,43052
train,371,complete_8ee4919b-a375-4dfe-89a2-67075cf7c109_normalized.flac,complete_#ee#b-a#-#dfe-#a#-#cf#c#_normalized.flac,human,16000,1,3.56,FLAC,55792
train,372,carrier_en_voicemail_00441.wav,carrier_en_voicemail_#.wav,voicemail,16000,1,10.0,WAV,320044
train,373,response_28.wav,response_#.wav,human,8000,1,2.972125,WAV,23836
train,374,complete_63de1e6d-f1d5-486f-992c-4f67a0d86f29_normalized.flac,complete_#de#e#d-f#d#-#f-#c-#f#a#d#f#_normalized.flac,human,16000,1,8.49,FLAC,167543
train,375,0dea4d12-af6f-4ed3-8120-476ccef554fc.flac,#dea#d#-af#f-#ed#-#-#ccef#fc.flac,answering_machine,16000,1,5.0806875,FLAC,88839
train,376,008bb8b6-50e2-4ae6-8203-b89ebee0a62f.flac,#bb#b#-#e#-#ae#-#-b#ebee#a#f.flac,ivr,16000,1,5.68,FLAC,122075
train,377,response_36.wav,response_#.wav,human,8000,1,4.693375,WAV,37606
train,378,0ab74d88-9be3-4d90-89e3-22f89c22efa8.flac,#ab#d#-#be#-#d#-#e#-#f#c#efa#.flac,answering_machine,16000,1,8.78475,FLAC,181837
train,379,carrier_en_ivr_00462.wav,carrier_en_ivr_#.wav,ivr,16000,1,10.0,WAV,320044
train,380,voicemail_00162.wav,voicemail_#.wav,voicemail,16000,1,9.4335625,WAV,301918
train,381,incomplete_64349d42-1e77-47c2-b5e5-aa0039d8f162_normalized.flac,incomplete_#d#-#e#-#c#-b#e#-aa#d#f#_normalized.flac,human,16000,1,6.32,FLAC,95847
train,382,complete_ae054186-e8c0-449b-8eb7-9c34298a172e_normalized.flac,complete_ae#-e#c#-#b-#eb#-#c#a#e_normalized.flac,human,16000,1,3.552,FLAC,67569
train,383,ivr_00117.wav,ivr_#.wav,ivr,16000,1,10.0,WAV,320044
train,384,carrier_es_voicemail_00216.wav,carrier_es_voicemail_#.wav,voicemail,16000,1,9.9456875,WAV,318306
train,385,human_tts_00086.wav,human_tts_#.wav,human,16000,1,3.456,WAV,110636
train,386,602ba0fe5f67b421554f63cc.wav,#ba#fe#f#b#f#cc.wav,human,8000,1,5.888,WAV,47162
train,387,carrier_es_human_00179.wav,carrier_es_human_#.wav,human,16000,1,3.648,WAV,116780
train,388,complete_7ae6ff2e-656a-4d2d-8e4c-5ce48b8d295a_normalized.flac,complete_#ae#ff#e-#a-#d#d-#e#c-#ce#b#d#a_normalized.flac,human,16000,1,3.71625,FLAC,76265
train,389,complete_49b71322cedf452194046950c0dcd63c.flac,complete_#b#cedf#c#dcd#c.flac,human,16000,1,1.918625,FLAC,20995
train,390,1a3f5005-8d72-4303-b32f-864f7ccd58f2.flac,#a#f#-#d#-#-b#f-#f#ccd#f#.flac,answering_machine,16000,1,11.83775,FLAC,242936
train,391,1ca8d441-6ac6-4667-ab3f-3d75dd015be6.flac,#ca#d#-#ac#-#-ab#f-#d#dd#be#.flac,voicemail,16000,1,4.88775,FLAC,101880
train,392,human_real_00033.wav,human_real_#.wav,human,16000,1,10.0,WAV,320044
train,393,0439b79b-6a64-4b31-8252-87982a6ff051.flac,#b#b-#a#-#b#-#-#a#ff#.flac,answering_machine,16000,1,8.96,FLAC,182600
train,394,05205c6e-8bb3-459c-b9a0-ba32e02e9906.flac,#c#e-#bb#-#c-b#a#-ba#e#e#.flac,voicemail,16000,1,12.2189375,FLAC,226215
train,395,009993de-6c19-4d57-91e4-a338ef46a63b.flac,#de-#c#-#d#-#e#-a#ef#a#b.flac,ivr,16000,1,8.24,FLAC,190111
train,396,voicemail_00246.wav,voicemail_#.wav,voicemail,16000,1,9.47775,WAV,303332
train,397,16e7d35c-a44d-48d2-9fc6-4696048d33a1.flac,#e#d#c-a#d-#d#-#fc#-#d#a#.flac,answering_machine,16000,1,4.550125,FLAC,94464
train,398,voicemail_00061.wav,voicemail_#.wav,voicemail,16000,1,8.7075625,WAV,278686
train,399,human_real_00123.wav,human_real_#.wav,human,16000,1,5.665625,WAV,181344
train,400,088dc3f3-1dd8-4920-b223-6e17c642fb64.flac,#dc#f#-#dd#-#-b#-#e#c#fb#.flac,answering_machine,16000,1,13.2014375,FLAC,284867
train,401,complete_7d590ed8-3656-4e5a-bb18-b1411a1072ef_normalized.flac,complete_#d#ed#-#-#e#a-bb#-b#a#ef_normalized.flac,human,16000,1,7.40625,FLAC,151369
train,402,1742405b-5648-4b32-b226-5e8b0c78abb3.flac,#b-#-#b#-b#-#e#b#c#abb#.flac,answering_machine,16000,1,11.7616875,FLAC,245671
train,403,00079349-93fc-49fa-9cfa-07b578b6e6e8.flac,#-#fc-#fa-#cfa-#b#b#e#e#.flac,ivr,16000,1,6.72,FLAC,137334
train,404,0d3e741c-dfbd-4f5a-8152-864b74d001b5.flac,#d#e#c-dfbd-#f#a-#-#b#d#b#.flac,voicemail,16000,1,12.408875,FLAC,252536
train,405,ivr_00200.wav,ivr_#.wav,ivr,16000,1,8.112,WAV,259628
train,406,19bc601f-5c93-443c-b671-ec530bd9eabf.flac,#bc#f-#c#-#c-b#-ec#bd#eabf.flac,voicemail,16000,1,10.9466875,FLAC,221185
train,407,0187f27b-3541-4252-bbad-637008bf0273.flac,#f#b-#-#-bbad-#bf#.flac,ivr,16000,1,9.48,FLAC,185818
train,408,am_00046.wav,am_#.wav,answering_machine,16000,1,10.0,WAV,320044
train,409,0f116211-c3dd-4182-9fc7-09b87b4ccc83.flac,#f#-c#dd-#-#fc#-#b#b#ccc#.flac,voicemail,16000,1,16.0,FLAC,306148
train,410,human_tts_00156.wav,human_tts_#.wav,human,16000,1,2.472,WAV,79148
train,411,response_10.wav,response_#.wav,human,8000,1,13.824,WAV,110650
train,412,0cc81f45-5803-4a2d-a3c6-4fb2ec8844f5.flac,#cc#f#-#-#a#d-a#c#-#fb#ec#f#.flac,voicemail,16000,1,5.06975,FLAC,67878
train,413,60266651c421a821df7c176e.wav,#c#a#df#c#e.wav,human,8000,1,9.130625,WAV,73104
train,414,059e18d0-2233-46f2-985b-c224399fad50.flac,#e#d#-#-#f#-#b-c#fad#.flac,answering_machine,16000,1,4.874,FLAC,98351
train,415,response_11.wav,response_#.wav,human,8000,1,13.568,WAV,108602
train,416,012b094b-0e10-470a-b9b6-5db4c4eac54b.flac,#b#b-#e#-#a-b#b#-#db#c#eac#b.flac,ivr,16000,1,8.64,FLAC,186822
train,417,014d682d-12de-442a-b1ad-bd91f2044672.flac,#d#d-#de-#a-b#ad-bd#f#.flac,ivr,16000,1,4.24,FLAC,88843
train,418,0084a8f5-0505-4441-a0a2-ba181af1bede.flac,#a#f#-#-#-a#a#-ba#af#bede.flac,ivr,16000,1,8.4,FLAC,166150
train,419,de_human_tts_00453.wav,de_human_tts_#.wav,human,16000,1,2.832,WAV,90668
train,420,complete_87c812ac-1244-45e5-908b-c6fa1720576a_normalized.flac,complete_#c#ac-#-#e#-#b-c#fa#a_normalized.flac,human,16000,1,2.432,FLAC,47514
train,421,complete_0fdeda1f-ef61-474f-a99e-2ab60f79af3f_normalized.flac,complete_#fdeda#f-ef#-#f-a#e-#ab#f#af#f_normalized.flac,human,16000,1,3.24,FLAC,50314
train,422,response_4.wav,response_#.wav,human,8000,1,9.984,WAV,79930
train,423,034c3401-86ac-4fdc-b942-3f1c3806a8b8.flac,#c#-#ac-#fdc-b#-#f#c#a#b#.flac,ivr,16000,1,5.8,FLAC,108656
train,424,human_real_00106.wav,human_real_#.wav,human,16000,1,4.08675,WAV,130820
train,425,00b6e54f-dcf3-4ef0-8f08-369e08d9f01e.flac,#b#e#f-dcf#-#ef#-#f#-#e#d#f#e.flac,voicemail,16000,1,15.05325,FLAC,288443
train,426,16fa919e-db91-4cf4-987d-53cc51c3a170.flac,#fa#e-db#-#cf#-#d-#cc#c#a#.flac,answering_machine,16000,1,14.9495625,FLAC,341383
train,427,carrier_fr_voicemail_00085.wav,carrier_fr_voicemail_#.wav,voicemail,16000,1,10.0,WAV,320044
train,428,voicemail_00028.wav,voicemail_#.wav,voicemail,16000,1,10.0,WAV,320044
train,429,02947a5f-143b-4910-a183-3c482c44e77f.flac,#a#f-#b-#-a#-#c#c#e#f.flac,ivr,16000,1,5.08,FLAC,95196
train,430,incomplete_b11fb592-4f14-4c09-b5a0-9dc68500821d_normalized.flac,incomplete_b#fb#-#f#-#c#-b#a#-#dc#d_normalized.flac,human,16000,1,3.388125,FLAC,65545
train,431,13f02dfa-5d75-4de2-936e-147a1a9101e4.flac,#f#dfa-#d#-#de#-#e-#a#a#e#.flac,answering_machine,16000,1,13.4775625,FLAC,255561
train,432,incomplete_e8ce7cdd-d96a-43d7-9ab5-fa684831c069_normalized.flac,incomplete_e#ce#cdd-d#a-#d#-#ab#-fa#c#_normalized.flac,human,16000,1,4.512,FLAC,85293
train,433,fr_ivr_00167.wav,fr_ivr_#.wav,ivr,16000,1,7.032,WAV,225068
train,434,03469a18-68ef-43df-8b52-dec076b65ea1.flac,#a#-#ef-#df-#b#-dec#b#ea#.flac,ivr,16000,1,10.2,FLAC,201230
train,435,0315ee2a-b68e-4599-b582-27d40bc86ceb.flac,#ee#a-b#e-#-b#-#d#bc#ceb.flac,ivr,16000,1,6.16,FLAC,114860
train,436,02b10845-a560-4b3d-a05d-a1e3d17fc99a.flac,#b#-a#-#b#d-a#d-a#e#d#fc#a.flac,ivr,16000,1,7.12,FLAC,130981
train,437,602b996e963e11ccd901cbb2.wav,#b#e#e#ccd#cbb#.wav,human,8000,1,5.290625,WAV,42384
train,438,0b09dce5-0351-4045-886e-0ad1bf7aa8c8.flac,#b#dce#-#-#-#e-#ad#bf#aa#c#.flac,voicemail,16000,1,6.83825,FLAC,121347
train,439,carrier_fr_answering_machine_00133.wav,carrier_fr_answering_machine_#.wav,answering_machine,16000,1,8.8159375,WAV,282154
train,440,101b5ab4-8622-4f2d-be58-ae1c308725da.flac,#b#ab#-#-#f#d-be#-ae#c#da.flac,answering_machine,16000,1,13.2496875,FLAC,259788
train,441,0f03ee23-002e-46a1-91ab-3e0091d78474.flac,#f#ee#-#e-#a#-#ab-#e#d#.flac,answering_machine,16000,1,4.0036875,FLAC,80493
train,442,099defcf-9fc6-4f69-8eb9-a15a834634ac.flac,#defcf-#fc#-#f#-#eb#-a#a#ac.flac,voicemail,16000,1,15.43475,FLAC,256537
train,443,incomplete_51827a20-40aa-4e62-9b33-75e4f995ad43_normalized.flac,incomplete_#a#-#aa-#e#-#b#-#e#f#ad#_normalized.flac,human,16000,1,7.64,FLAC,111516
train,444,0141486b-50cc-4c55-ab18-5069906f2545.flac,#b-#cc-#c#-ab#-#f#.flac,ivr,16000,1,3.72,FLAC,72286
train,445,004c4d24-76f8-44d6-9de7-9bb57240d4eb.flac,#c#d#-#f#-#d#-#de#-#bb#d#eb.flac,ivr,16000,1,4.04,FLAC,71534
train,446,carrier_de_ivr_00362.wav,carrier_de_ivr_#.wav,ivr,16000,1,4.848,WAV,155180
train,447,am_00113.wav,am_#.wav,answering_machine,16000,1,10.0,WAV,320044
train,448,00259f44-a687-43fa-a574-1f4db5e5d97b.flac,#f#-a#-#fa-a#-#f#db#e#d#b.flac,voicemail,16000,1,11.172125,FLAC,264533
train,449,0aaef965-74b1-4402-a1f0-62d8db7e3e37.flac,#aaef#-#b#-#-a#f#-#d#db#e#e#.flac,voicemail,16000,1,13.20825,FLAC,263710
train,450,es_voicemail_00327.wav,es_voicemail_#.wav,voicemail,16000,1,7.1900625,WAV,230126
train,451,de_human_real_00409.wav,de_human_real_#.wav,human,16000,1,10.0,WAV,320044
train,452,1435525e-e85e-4f05-8460-ba883090bd8e.flac,#e-e#e-#f#-#-ba#bd#e.flac,answering_machine,16000,1,12.7260625,FLAC,245099
train,453,carrier_de_voicemail_00318.wav,carrier_de_voicemail_#.wav,voicemail,16000,1,9.4158125,WAV,301350
train,454,1e2ab0d0-fe73-49cf-843e-969a7785a361.flac,#e#ab#d#-fe#-#cf-#e-#a#a#.flac,answering_machine,16000,1,11.5626875,FLAC,244098
train,455,602ba9f005f96973d67944a0.wav,#ba#f#f#d#a#.wav,human,8000,1,6.314625,WAV,50576
train,456,ivr_00329.wav,ivr_#.wav,ivr,16000,1,7.656,WAV,245036
train,457,1ceadab4-e08b-451a-9cca-ff3be12dbd18.flac,#ceadab#-e#b-#a-#cca-ff#be#dbd#.flac,answering_machine,16000,1,9.8015,FLAC,183739
train,458,1591ef82-d8e5-40fb-a2c2-5764d93745c7.flac,#ef#-d#e#-#fb-a#c#-#d#c#.flac,answering_machine,16000,1,4.6456875,FLAC,70078
train,459,13b2571e-e995-4393-a96e-cdac2aecff3e.flac,#b#e-e#-#-a#e-cdac#aecff#e.flac,answering_machine,16000,1,8.96,FLAC,194932
train,460,09dfc042-ad3e-46e9-a3a1-8f4c2a867c7d.flac,#dfc#-ad#e-#e#-a#a#-#f#c#a#c#d.flac,answering_machine,16000,1,4.5226875,FLAC,86533
train,461,18014125-ca7f-40c9-92e1-751059db96f3.flac,#-ca#f-#c#-#e#-#db#f#.flac,voicemail,16000,1,15.85325,FLAC,255617
train,462,response_12.wav,response_#.wav,human,8000,1,6.4,WAV,51258
train,463,1a8ed573-2378-451a-b951-0ebe23fed04a.flac,#a#ed#-#-#a-b#-#ebe#fed#a.flac,answering_machine,16000,1,14.209375,FLAC,284666
train,464,incomplete_c941512a7c4549a1970941b8f3b3413a.flac,incomplete_c#a#c#a#b#f#b#a.flac,human,16000,1,2.5,FLAC,43027
train,465,1ab96f13-c54e-4b20-82c9-47e5bb58c3d5.flac,#ab#f#-c#e-#b#-#c#-#e#bb#c#d#.flac,voicemail,16000,1,9.48875,FLAC,199951
train,466,voicemail_00240.wav,voicemail_#.wav,voicemail,16000,1,8.8608125,WAV,283590
train,467,04a44120-8ceb-435b-9517-b5d0b00c08ee.flac,#a#-#ceb-#b-#-b#d#b#c#ee.flac,voicemail,16000,1,3.901875,FLAC,56780
train,468,am_00397.wav,am_#.wav,answering_machine,16000,1,9.75475,WAV,312196
train,469,05350660-f6da-46db-847c-ed55a598bffa.flac,#-f#da-#db-#c-ed#a#bffa.flac,voicemail,16000,1,14.6174375,FLAC,298285
train,470,1861b38a-353c-4e68-85d2-fb29b53f2cb4.flac,#b#a-#c-#e#-#d#-fb#b#f#cb#.flac,answering_machine,16000,1,7.0826875,FLAC,136642
train,471,01148dc8-6b1a-43a4-bce5-1f263e3c5b5a.flac,#dc#-#b#a-#a#-bce#-#f#e#c#b#a.flac,ivr,16000,1,5.72,FLAC,118181
train,472,response_21.wav,response_#.wav,human,8000,1,5.717375,WAV,45798
train,473,incomplete_98bae05d-8981-4f09-acf9-fe1b6710afc8_normalized.flac,incomplete_#bae#d-#-#f#-acf#-fe#b#afc#_normalized.flac,human,16000,1,4.05825,FLAC,82957
train,474,00cf4045-b4ea-4ba6-b0d4-af7be8188b5f.flac,#cf#-b#ea-#ba#-b#d#-af#be#b#f.flac,ivr,16000,1,4.92,FLAC,98085
train,475,1735e845-a9f7-4aff-b73c-992760f98505.flac,#e#-a#f#-#aff-b#c-#f#.flac,answering_machine,16000,1,11.1389375,FLAC,220691
train,476,0d75a5d6-e12f-486d-82aa-622a2576873f.flac,#d#a#d#-e#f-#d-#aa-#a#f.flac,answering_machine,16000,1,14.317375,FLAC,298837
train,477,1401e31d-053b-4438-be1d-ce7fa6e42225.flac,#e#d-#b-#-be#d-ce#fa#e#.flac,voicemail,16000,1,12.334625,FLAC,257687
train,478,00660fbc-bfe7-449d-be38-7f3760a118a1.flac,#fbc-bfe#-#d-be#-#f#a#a#.flac,ivr,16000,1,2.76,FLAC,51479
train,479,00bab0cd-cad0-4537-868f-d1da5b3a7b94.flac,#bab#cd-cad#-#-#f-d#da#b#a#b#.flac,voicemail,16000,1,16.0,FLAC,334162
train,480,02b821ce-cb59-4671-8dee-0529024bea63.flac,#b#ce-cb#-#-#dee-#bea#.flac,ivr,16000,1,9.52,FLAC,176757
train,481,192e7488-4bb5-42fe-8572-7c46d86fa364.flac,#e#-#bb#-#fe-#-#c#d#fa#.flac,answering_machine,16000,1,9.1306875,FLAC,194570
train,482,incomplete_2c9c358c-26c4-4b3b-8386-b0cf8398615e_normalized.flac,incomplete_#c#c#c-#c#-#b#b-#-b#cf#e_normalized.flac,human,16000,1,5.569375,FLAC,105907
train,483,am_00273.wav,am_#.wav,answering_machine,16000,1,8.5841875,WAV,274738
train,484,03775038-64dd-473e-a36f-1da8099d3c89.flac,#-#dd-#e-a#f-#da#d#c#.flac,answering_machine,16000,1,12.2061875,FLAC,225869
train,485,complete_4c88d775-41b9-4e14-8c85-4c071b19da5f_normalized.flac,complete_#c#d#-#b#-#e#-#c#-#c#b#da#f_normalized.flac,human,16000,1,2.88,FLAC,55192
train,486,fr_voicemail_00145.wav,fr_voicemail_#.wav,voicemail,16000,1,8.70425,WAV,278580
train,487,complete_d395b17f-96ee-493e-aa3d-b300fd6785f5_normalized.flac,complete_d#b#f-#ee-#e-aa#d-b#fd#f#_normalized.flac,human,16000,1,2.95375,FLAC,59699
train,488,am_00137.wav,am_#.wav,answering_machine,16000,1,9.16525,WAV,293332
train,489,1594475b-a7fc-48b9-955e-92476efea1a3.flac,#b-a#fc-#b#-#e-#efea#a#.flac,answering_machine,16000,1,6.6094375,FLAC,110313
train,490,008adfc2-f795-4497-a50f-306cf998a984.flac,#adfc#-f#-#-a#f-#cf#a#.flac,ivr,16000,1,4.08,FLAC,74425
train,491,052d1981-ce19-4269-92c4-26bcaa2f9ada.flac,#d#-ce#-#-#c#-#bcaa#f#ada.flac,voicemail,16000,1,2.073,FLAC,40946
train,492,CA894b28e1ce0880e3d86110690cb51b58_0.wav,CA#b#e#ce#e#d#cb#b#_#.wav,human,8000,1,14.68,WAV,117498
train,493,human_real_00021.wav,human_real_#.wav,human,16000,1,8.277375,WAV,264920
train,494,carrier_en_voicemail_00416.wav,carrier_en_voicemail_#.wav,voicemail,16000,1,10.0,WAV,320044
train,495,voicemail_00276.wav,voicemail_#.wav,voicemail,16000,1,9.989875,WAV,319720
train,496,response_8.wav,response_#.wav,human,8000,1,12.970625,WAV,103824
train,497,ivr_00274.wav,ivr_#.wav,ivr,16000,1,10.0,WAV,320044
train,498,carrier_de_answering_machine_00370.wav,carrier_de_answering_machine_#.wav,answering_machine,16000,1,9.6701875,WAV,309490
train,499,02e73ae1-7b56-420a-a9da-fdc60ace6e05.flac,#e#ae#-#b#-#a-a#da-fdc#ace#e#.flac,voicemail,16000,1,4.8109375,FLAC,76726
train,500,032ca681-c1cd-4ea8-94fb-ad67f10efc67.flac,#ca#-c#cd-#ea#-#fb-ad#f#efc#.flac,ivr,16000,1,4.96,FLAC,89106
train,501,1b7709f0-34d0-4a04-a535-0347287c02b9.flac,#b#f#-#d#-#a#-a#-#c#b#.flac,answering_machine,16000,1,6.3146875,FLAC,139507
train,502,00912771-1c00-4706-b034-991fe415c024.flac,#-#c#-#-b#-#fe#c#.flac,ivr,16000,1,8.88,FLAC,180723
train,503,complete_ad29027f-ebae-44a5-b88f-9b630e8e1f6f_normalized.flac,complete_ad#f-ebae-#a#-b#f-#b#e#e#f#f_normalized.flac,human,16000,1,2.95375,FLAC,58542
train,504,0c357b29-d53f-48f1-b994-6b0eb7595e75.flac,#c#b#-d#f-#f#-b#-#b#eb#e#.flac,voicemail,16000,1,3.6691875,FLAC,52707
train,505,complete_9fdaaa813aa942379fadaa0de805ee26.flac,complete_#fdaaa#aa#fadaa#de#ee#.flac,human,16000,1,1.488375,FLAC,22092
train,506,complete_ea4d7eba-fec5-46ec-bbad-cfb36b0f16bb_normalized.flac,complete_ea#d#eba-fec#-#ec-bbad-cfb#b#f#bb_normalized.flac,human,16000,1,3.22175,FLAC,67119
train,507,023e8306-b0fd-48af-9a8b-a8dea88fcca4.flac,#e#-b#fd-#af-#a#b-a#dea#fcca#.flac,ivr,16000,1,3.76,FLAC,67155
train,508,de_human_real_00403.wav,de_human_real_#.wav,human,16000,1,7.594625,WAV,243072
train,509,011093c7-b623-4959-8e37-1acf1132fe82.flac,#c#-b#-#-#e#-#acf#fe#.flac,ivr,16000,1,5.36,FLAC,102687
train,510,human_tts_00067.wav,human_tts_#.wav,human,16000,1,2.904,WAV,92972
train,511,carrier_es_human_00170.wav,carrier_es_human_#.wav,human,16000,1,3.024,WAV,96812
train,512,06055910-093b-4f14-a57f-6f3654dbd304.flac,#-#b-#f#-a#f-#f#dbd#.flac,answering_machine,16000,1,11.76625,FLAC,224501
train,513,incomplete_515f2fb8-3f09-41a0-ae64-a7ed4e89c126_normalized.flac,incomplete_#f#fb#-#f#-#a#-ae#-a#ed#e#c#_normalized.flac,human,16000,1,5.14425,FLAC,114628
train,514,ivr_00243.wav,ivr_#.wav,ivr,16000,1,10.0,WAV,320044
train,515,voicemail_00318.wav,voicemail_#.wav,voicemail,16000,1,10.0,WAV,320044
train,516,carrier_fr_voicemail_00039.wav,carrier_fr_voicemail_#.wav,voicemail,16000,1,9.559375,WAV,305944
train,517,am_00297.wav,am_#.wav,answering_machine,16000,1,10.0,WAV,320044
train,518,human_real_00189.wav,human_real_#.wav,human,16000,1,10.0,WAV,320044
train,519,incomplete_e008f811-bfba-42dd-b717-48c2c49c8e2f_normalized.flac,incomplete_e#f#-bfba-#dd-b#-#c#c#c#e#f_normalized.flac,human,16000,1,3.776,FLAC,68290
train,520,00a827ed-e9e1-4b7e-b826-81ae35568fc7.flac,#a#ed-e#e#-#b#e-b#-#ae#fc#.flac,ivr,16000,1,3.96,FLAC,76358
train,521,complete_4d239dec-43f3-47dc-94fe-515c4a4061d5_normalized.flac,complete_#d#dec-#f#-#dc-#fe-#c#a#d#_normalized.flac,human,16000,1,5.518125,FLAC,109733
train,522,ivr_00231.wav,ivr_#.wav,ivr,16000,1,10.0,WAV,320044
train,523,complete_09a35d74-14c2-4ca6-9b5c-e96bf977fd5b_normalized.flac,complete_#a#d#-#c#-#ca#-#b#c-e#bf#fd#b_normalized.flac,human,16000,1,3.873625,FLAC,85541
train,524,incomplete_16f359ff51ee4cb59bc4aaf787e2a6e8.flac,incomplete_#f#ff#ee#cb#bc#aaf#e#a#e#.flac,human,16000,1,2.558125,FLAC,30257
train,525,1205d5a4-0a64-4905-912b-352757cc0462.flac,#d#a#-#a#-#-#b-#cc#.flac,answering_machine,16000,1,13.8354375,FLAC,264032
train,526,100271d3-ceb0-44d4-8c41-b5b174e3e682.flac,#d#-ceb#-#d#-#c#-b#b#e#e#.flac,answering_machine,16000,1,14.3170625,FLAC,257319
train,527,02f8f98f-5449-445e-9001-7d8d6bec3c62.flac,#f#f#f-#-#e-#-#d#d#bec#c#.flac,ivr,16000,1,2.24,FLAC,42832
train,528,fr_human_real_00042.wav,fr_human_real_#.wav,human,16000,1,10.0,WAV,320044
train,529,response_13.wav,response_#.wav,human,8000,1,11.349375,WAV,90854
train,530,human_real_00169.wav,human_real_#.wav,human,16000,1,5.376,WAV,172076
train,531,ivr_00105.wav,ivr_#.wav,ivr,16000,1,7.08,WAV,226604
train,532,ivr_00354.wav,ivr_#.wav,ivr,16000,1,7.944,WAV,254252
train,533,01cd2e41-f4b1-4c2e-b02b-05d6304ac99f.flac,#cd#e#-f#b#-#c#e-b#b-#d#ac#f.flac,ivr,16000,1,5.56,FLAC,128098
train,534,167b4ee9-0b92-4e93-9a42-214376917250.flac,#b#ee#-#b#-#e#-#a#-#.flac,voicemail,16000,1,6.46675,FLAC,137851
train,535,026bff3a-d584-4a13-a27c-fd76f0b795b9.flac,#bff#a-d#-#a#-a#c-fd#f#b#b#.flac,ivr,16000,1,4.24,FLAC,92395
train,536,1a4e0a7d-32bf-487a-8185-b2e6b0302b74.flac,#a#e#a#d-#bf-#a-#-b#e#b#b#.flac,voicemail,16000,1,6.868,FLAC,143064
train,537,1c6b3db9-dd07-4702-a7af-2d63746eb292.flac,#c#b#db#-dd#-#-a#af-#d#eb#.flac,voicemail,16000,1,2.767,FLAC,59574
train,538,1bcf6bbd-3b00-43d5-b43f-f84dff630cb7.flac,#bcf#bbd-#b#-#d#-b#f-f#dff#cb#.flac,voicemail,16000,1,13.3500625,FLAC,248756
train,539,15c59bc4-5ee4-473d-92a7-9c117341a0a7.flac,#c#bc#-#ee#-#d-#a#-#c#a#a#.flac,answering_machine,16000,1,6.5706875,FLAC,129218
train,540,incomplete_5a82dc88-824a-4ea2-b551-91d735539476_normalized.flac,incomplete_#a#dc#-#a-#ea#-b#-#d#_normalized.flac,human,16000,1,5.8453125,FLAC,129641
train,541,0d088a32-2e1d-4dc9-905f-1b6d62bdccf7.flac,#d#a#-#e#d-#dc#-#f-#b#d#bdccf#.flac,voicemail,16000,1,5.665625,FLAC,123086
train,542,02c8c6ab-f508-450c-8fc4-f6dd7fc002d4.flac,#c#c#ab-f#-#c-#fc#-f#dd#fc#d#.flac,ivr,16000,1,9.2,FLAC,172584
train,543,0129ef97-5003-4c7e-82d9-94ce98bda5e2.flac,#ef#-#-#c#e-#d#-#ce#bda#e#.flac,ivr,16000,1,10.2,FLAC,193870
train,544,602ba9e2963e11ccd901cd4f.wav,#ba#e#e#ccd#cd#f.wav,human,8000,1,7.850625,WAV,62864
train,545,03516dff-9bce-4676-b9cd-af51024da160.flac,#dff-#bce-#-b#cd-af#da#.flac,answering_machine,16000,1,13.10475,FLAC,264349
train,546,02eb8d74-4373-4cd0-87c5-ee70f4002e90.flac,#eb#d#-#-#cd#-#c#-ee#f#e#.flac,ivr,16000,1,5.52,FLAC,106481
train,547,carrier_en_voicemail_00442.wav,carrier_en_voicemail_#.wav,voicemail,16000,1,10.0,WAV,320044
train,548,15b47324-644d-4e03-a1a4-384ddda01e8f.flac,#b#-#d-#e#-a#a#-#ddda#e#f.flac,voicemail,16000,1,16.0,FLAC,282116
train,549,0273df3b-394f-42bb-84bd-8484755f1e18.flac,#df#b-#f-#bb-#bd-#f#e#.flac,answering_machine,16000,1,5.7793125,FLAC,90208
train,550,am_00000.wav,am_#.wav,answering_machine,16000,1,9.2605625,WAV,296382
train,551,am_00301.wav,am_#.wav,answering_machine,16000,1,9.9479375,WAV,318378
train,552,191a0cc0-f882-4394-bbcb-d012234a64dc.flac,#a#cc#-f#-#-bbcb-d#a#dc.flac,answering_machine,16000,1,4.0106875,FLAC,78941
train,553,1975ff36-0845-41ec-859b-94ba3d1dd96e.flac,#ff#-#-#ec-#b-#ba#d#dd#e.flac,answering_machine,16000,1,14.5115,FLAC,282002
train,554,057144ef-632c-48b1-82fc-a392854643f3.flac,#ef-#c-#b#-#fc-a#f#.flac,answering_machine,16000,1,9.1334375,FLAC,184619
train,555,02a68df9-82d4-4afe-ae73-f3f66df8ae92.flac,#a#df#-#d#-#afe-ae#-f#f#df#ae#.flac,ivr,16000,1,3.8,FLAC,62791
train,556,0c808108-7a64-498b-832a-fa22b7ec9819.flac,#c#-#a#-#b-#a-fa#b#ec#.flac,answering_machine,16000,1,14.58125,FLAC,275057
train,557,602b9ae5963e11ccd901cbd6.wav,#b#ae#e#ccd#cbd#.wav,human,8000,1,9.984,WAV,79930
train,558,035b7a57-cd63-41a8-a569-a71e116de28b.flac,#b#a#-cd#-#a#-a#-a#e#de#b.flac,ivr,16000,1,4.48,FLAC,97467
train,559,0819b2ab-de3b-46a9-9cea-d3bc1a0847da.flac,#b#ab-de#b-#a#-#cea-d#bc#a#da.flac,answering_machine,16000,1,15.3795,FLAC,289974
train,560,1922edbb-0947-446e-b5e4-72a40de589f2.flac,#edbb-#-#e-b#e#-#a#de#f#.flac,voicemail,16000,1,11.2120625,FLAC,245302
train,561,voicemail_00231.wav,voicemail_#.wav,voicemail,16000,1,8.9465,WAV,286332
train,562,005b94e6-60f8-4c96-bc22-0fdca63618de.flac,#b#e#-#f#-#c#-bc#-#fdca#de.flac,ivr,16000,1,9.84,FLAC,195366
train,563,voicemail_00001.wav,voicemail_#.wav,voicemail,16000,1,8.417375,WAV,269400
train,564,031017bb-5102-4af1-b24c-85a6291da528.flac,#bb-#-#af#-b#c-#a#da#.flac,ivr,16000,1,4.72,FLAC,87246
train,565,08e666ad-2d03-4e16-bbe3-53bcab10f924.flac,#e#ad-#d#-#e#-bbe#-#bcab#f#.flac,answering_machine,16000,1,10.2523125,FLAC,214688
train,566,voicemail_00056.wav,voicemail_#.wav,voicemail,16000,1,8.663625,WAV,277280
train,567,complete_5bfd221f-682f-40f4-9356-e8fa974c2abf_normalized.flac,complete_#bfd#f-#f-#f#-#-e#fa#c#abf_normalized.flac,human,16000,1,2.86,FLAC,45265
train,568,089d112c-7edf-4080-9a07-e9ff19f8ebc9.flac,#d#c-#edf-#-#a#-e#ff#f#ebc#.flac,answering_machine,16000,1,13.0189375,FLAC,263140
train,569,complete_116da91a-98c0-45d1-aec2-22a017a3c164_normalized.flac,complete_#da#a-#c#-#d#-aec#-#a#a#c#_normalized.flac,human,16000,1,1.9855,FLAC,45027
train,570,18a5b12c-4fae-4138-8ab5-271ee2d500b6.flac,#a#b#c-#fae-#-#ab#-#ee#d#b#.flac,answering_machine,16000,1,10.9916875,FLAC,173145
train,571,incomplete_587f4a8a-84aa-4d27-9b00-fa6c501deafd_normalized.flac,incomplete_#f#a#a-#aa-#d#-#b#-fa#c#deafd_normalized.flac,human,16000,1,6.691875,FLAC,127177
train,572,complete_3397a070-3cff-4f93-96c7-4f8987f0355d_normalized.flac,complete_#a#-#cff-#f#-#c#-#f#f#d_normalized.flac,human,16000,1,2.72625,FLAC,55359
train,573,602694cfdc3604f481bcb93f.wav,#cfdc#f#bcb#f.wav,human,8000,1,10.325375,WAV,82662
train,574,14d4f0eb-fdc4-4c16-ac20-7c07b687cdde.flac,#d#f#eb-fdc#-#c#-ac#-#c#b#cdde.flac,voicemail,16000,1,12.0613125,FLAC,224682
train,575,002c74b7-c430-4a99-8d4f-5d08fa8fedc5.flac,#c#b#-c#-#a#-#d#f-#d#fa#fedc#.flac,ivr,16000,1,3.96,FLAC,84047
train,576,01d9a49b-3fa0-4d8e-a426-0d37abcd84fd.flac,#d#a#b-#fa#-#d#e-a#-#d#abcd#fd.flac,ivr,16000,1,6.44,FLAC,133336
train,577,carrier_fr_ivr_00098.wav,carrier_fr_ivr_#.wav,ivr,16000,1,10.0,WAV,320044
train,578,0a022c67-55e2-4990-9459-0b61cb1f758b.flac,#a#c#-#e#-#-#-#b#cb#f#b.flac,answering_machine,16000,1,11.9585625,FLAC,240417
train,579,07840991-afc3-4f93-bf74-7cd770d27ec3.flac,#-afc#-#f#-bf#-#cd#d#ec#.flac,answering_machine,16000,1,8.72675,FLAC,141849
train,580,carrier_fr_voicemail_00031.wav,carrier_fr_voicemail_#.wav,voicemail,16000,1,10.0,WAV,320044
train,581,incomplete_df3deb28-d4e0-48cd-8b6c-15e66df10944_normalized.flac,incomplete_df#deb#-d#e#-#cd-#b#c-#e#df#_normalized.flac,human,16000,1,4.288,FLAC,87257
train,582,response_37.wav,response_#.wav,human,8000,1,5.973375,WAV,47846
train,583,incomplete_d0c0dfe5-32e0-4283-a433-e877e44df3e8_normalized.flac,incomplete_d#c#dfe#-#e#-#-a#-e#e#df#e#_normalized.flac,human,16000,1,6.4575,FLAC,121623
train,584,ivr_00277.wav,ivr_#.wav,ivr,16000,1,7.008,WAV,224300
train,585,011a5746-87d3-486b-b05a-e225abf605c9.flac,#a#-#d#-#b-b#a-e#abf#c#.flac,answering_machine,16000,1,12.69575,FLAC,278007
train,586,01ea574b-2e7f-4e5e-b08c-39e4383979e9.flac,#ea#b-#e#f-#e#e-b#c-#e#e#.flac,ivr,16000,1,14.8,FLAC,300592
train,587,005d95c0-44d2-4c3e-8a19-5685dbeb1e94.flac,#d#c#-#d#-#c#e-#a#-#dbeb#e#.flac,answering_machine,16000,1,7.486,FLAC,163356
train,588,0259ef96-1648-4702-85b2-b32675ca9dc5.flac,#ef#-#-#-#b#-b#ca#dc#.flac,answering_machine,16000,1,11.605375,FLAC,270089
train,589,1806eb1d-6263-420e-ac50-64ef158365b6.flac,#eb#d-#-#e-ac#-#ef#b#.flac,answering_machine,16000,1,12.4593125,FLAC,249987
train,590,es_human_real_00259.wav,es_human_real_#.wav,human,16000,1,6.144,WAV,196652
train,591,am_00126.wav,am_#.wav,answering_machine,16000,1,10.0,WAV,320044
train,592,carrier_en_ivr_00484.wav,carrier_en_ivr_#.wav,ivr,16000,1,10.0,WAV,320044
train,593,60268e8cdc3604f481bcb7e1.wav,#e#cdc#f#bcb#e#.wav,human,8000,1,11.702875,WAV,93682
train,594,60269000c7abb7f832138dc4.wav,#c#abb#f#dc#.wav,human,8000,1,6.357375,WAV,50918
train,595,fr_am_00241.wav,fr_am_#.wav,answering_machine,16000,1,7.7380625,WAV,247662
train,596,164bef94-5abe-4d23-ab8f-87f290de8ac7.flac,#bef#-#abe-#d#-ab#f-#f#de#ac#.flac,answering_machine,16000,1,14.6715,FLAC,299370
train,597,0240612d-d377-4d62-b535-35df39f5013f.flac,#d-d#-#d#-b#-#df#f#f.flac,ivr,16000,1,10.52,FLAC,201206
train,598,09f0982e-a693-4018-a694-578375c335b0.flac,#f#e-a#-#-a#-#c#b#.flac,voicemail,16000,1,3.9740625,FLAC,62258
train,599,00f11696-6e70-4bc2-ba15-b14c2f0c6231.flac,#f#-#e#-#bc#-ba#-b#c#f#c#.flac,ivr,16000,1,11.2,FLAC,240844
train,600,0027d458-9a95-499c-895b-aeb337750212.flac,#d#-#a#-#c-#b-aeb#.flac,ivr,16000,1,3.8,FLAC,66936
train,601,0c574512-f527-4b13-96c2-6d722a113c64.flac,#c#-f#-#b#-#c#-#d#a#c#.flac,voicemail,16000,1,15.8294375,FLAC,296624
train,602,0bbc4d2b-1b18-4d71-b3f5-8978fbd84cf6.flac,#bbc#d#b-#b#-#d#-b#f#-#fbd#cf#.flac,answering_machine,16000,1,4.5226875,FLAC,92280
train,603,02172aab-c91a-4082-9aef-2a43373d5746.flac,#aab-c#a-#-#aef-#a#d#.flac,voicemail,16000,1,6.9188125,FLAC,145408
train,604,602664a5dc3604f481bcb45b.wav,#a#dc#f#bcb#b.wav,human,8000,1,22.613375,WAV,180966
train,605,1c84f5a1-a399-4897-9b42-67b5142cc6c2.flac,#c#f#a#-a#-#-#b#-#b#cc#c#.flac,answering_machine,16000,1,12.8393125,FLAC,238057
train,606,0419422b-ee08-4656-8064-87f994815f57.flac,#b-ee#-#-#-#f#f#.flac,voicemail,16000,1,7.9123125,FLAC,187903
train,607,ivr_00024.wav,ivr_#.wav,ivr,16000,1,10.0,WAV,320044
train,608,human_real_00059.wav,human_real_#.wav,human,16000,1,4.352,WAV,139308
train,609,0b38b440-fb79-4e8f-a822-faf19e81e08c.flac,#b#b#-fb#-#e#f-a#-faf#e#e#c.flac,answering_machine,16000,1,14.4913125,FLAC,298978
train,610,60269156dc3604f481bcb8fc.wav,#dc#f#bcb#fc.wav,human,8000,1,2.901375,WAV,23270
train,611,1224cec9-120d-4613-ae3c-9d069d2c4cce.flac,#cec#-#d-#-ae#c-#d#d#c#cce.flac,answering_machine,16000,1,6.4934375,FLAC,127523
train,612,0074bf57-fb62-4a49-b9fc-a352b7ca846b.flac,#bf#-fb#-#a#-b#fc-a#b#ca#b.flac,ivr,16000,1,4.56,FLAC,84189
train,613,CA0b4d4857194c320734d6cbf560f822d7_2.wav,CA#b#d#c#d#cbf#f#d#_#.wav,human,8000,1,22.46,WAV,179738
train,614,carrier_de_voicemail_00301.wav,carrier_de_voicemail_#.wav,voicemail,16000,1,10.0,WAV,320044
train,615,02585aa7-6d59-4b3f-aac8-2b8b4afa5261.flac,#aa#-#d#-#b#f-aac#-#b#b#afa#.flac,ivr,16000,1,7.16,FLAC,147768
train,616,021ed574-0454-4453-9af6-0b92e26b6b6c.flac,#ed#-#-#-#af#-#b#e#b#b#c.flac,ivr,16000,1,8.44,FLAC,179152
train,617,0a4eddf1-4297-4b75-9a7a-a738dcd04b7e.flac,#a#eddf#-#-#b#-#a#a-a#dcd#b#e.flac,answering_machine,16000,1,10.6785625,FLAC,202721
train,618,human_real_00024.wav,human_real_#.wav,human,16000,1,3.84,WAV,122924
train,619,1a2a1fd5-cb8c-4403-9355-f6f5ee1493b7.flac,#a#a#fd#-cb#c-#-#-f#f#ee#b#.flac,answering_machine,16000,1,4.0428125,FLAC,65896
train,620,143febf9-0c3e-4ac3-9659-c377134a211d.flac,#febf#-#c#e-#ac#-#-c#a#d.flac,answering_machine,16000,1,14.0454375,FLAC,282482
train,621,00593b7e-1d7c-4559-b498-70c22cbd9ddd.flac,#b#e-#d#c-#-b#-#c#cbd#ddd.flac,ivr,16000,1,8.12,FLAC,163669
train,622,ivr_00103.wav,ivr_#.wav,ivr,16000,1,9.672,WAV,309548
train,623,0cc22793-6837-4555-92d2-e8392410d0d4.flac,#cc#-#-#-#d#-e#d#d#.flac,voicemail,16000,1,13.355125,FLAC,253043
train,624,voicemail_00150.wav,voicemail_#.wav,voicemail,16000,1,7.1791875,WAV,229778
train,625,complete_a708c99e-48d1-4198-9650-96734bfb1e54_normalized.flac,complete_a#c#e-#d#-#-#-#bfb#e#_normalized.flac,human,16000,1,3.04,FLAC,63294
train,626,1b340085-9505-4fd8-b673-4c2e7d1716c7.flac,#b#-#-#fd#-b#-#c#e#d#c#.flac,voicemail,16000,1,7.5229375,FLAC,150746
train,627,human_real_00172.wav,human_real_#.wav,human,16000,1,3.669375,WAV,117464
train,628,carrier_en_voicemail_00426.wav,carrier_en_voicemail_#.wav,voicemail,16000,1,10.0,WAV,320044
train,629,complete_343c2f6b-23bd-4b73-abfd-1bb5c8b17992_normalized.flac,complete_#c#f#b-#bd-#b#-abfd-#bb#c#b#_normalized.flac,human,16000,1,3.621625,FLAC,73390
train,630,05a21887-88cb-48e2-801b-91232125cc3b.flac,#a#-#cb-#e#-#b-#cc#b.flac,answering_machine,16000,1,11.779,FLAC,230725
train,631,01040407-0a2f-4f04-a8e8-58ad054f9389.flac,#-#a#f-#f#-a#e#-#ad#f#.flac,ivr,16000,1,9.16,FLAC,186046
train,632,de_human_real_00405.wav,de_human_real_#.wav,human,16000,1,10.0,WAV,320044
train,633,02f6853f-c80a-43d2-9842-7cce3b373efa.flac,#f#f-c#a-#d#-#-#cce#b#efa.flac,ivr,16000,1,5.4,FLAC,103960
train,634,00c184ab-0ac1-494a-baf7-daa3e9980502.flac,#c#ab-#ac#-#a-baf#-daa#e#.flac,ivr,16000,1,7.76,FLAC,178051
train,635,07945ab8-68a7-4e02-b5af-8952ddea1070.flac,#ab#-#a#-#e#-b#af-#ddea#.flac,answering_machine,16000,1,6.5,FLAC,144258
train,636,09dacc1e-d866-471f-9b0a-cb0a2d61f647.flac,#dacc#e-d#-#f-#b#a-cb#a#d#f#.flac,voicemail,16000,1,4.5389375,FLAC,99000
train,637,1c800605-4b7c-4172-b6bc-2c2c4a057d3a.flac,#c#-#b#c-#-b#bc-#c#c#a#d#a.flac,answering_machine,16000,1,6.4,FLAC,144581
train,638,015acbd4-dcc0-4931-8cac-34be1fc2f3ce.flac,#acbd#-dcc#-#-#cac-#be#fc#f#ce.flac,voicemail,16000,1,12.5458125,FLAC,221155
train,639,19790ecd-4da1-48d6-9c3e-c1f58f135ee8.flac,#ecd-#da#-#d#-#c#e-c#f#f#ee#.flac,answering_machine,16000,1,6.731,FLAC,135737
train,640,carrier_fr_voicemail_00046.wav,carrier_fr_voicemail_#.wav,voicemail,16000,1,8.6749375,WAV,277642
train,641,ivr_00057.wav,ivr_#.wav,ivr,16000,1,7.752,WAV,248108
train,642,0c0b4476-1977-47b2-944d-ed2375517f8d.flac,#c#b#-#-#b#-#d-ed#f#d.flac,voicemail,16000,1,15.678375,FLAC,303252
train,643,0f25dfd0-322a-491a-a521-6080ea39a566.flac,#f#dfd#-#a-#a-a#-#ea#a#.flac,voicemail,16000,1,4.6760625,FLAC,78931
train,644,176b0b4e-fc40-4957-a2be-8c10e38f1e5b.flac,#b#b#e-fc#-#-a#be-#c#e#f#e#b.flac,voicemail,16000,1,4.87525,FLAC,68983
train,645,response_9.wav,response_#.wav,human,8000,1,12.458625,WAV,99728
train,646,1776ab87-f54f-4ca2-b23a-3a82fd2566c0.flac,#ab#-f#f-#ca#-b#a-#a#fd#c#.flac,answering_machine,16000,1,10.4021875,FLAC,168440
train,647,081dafd9-e361-4b76-9d43-ededc91594dd.flac,#dafd#-e#-#b#-#d#-ededc#dd.flac,answering_machine,16000,1,14.284,FLAC,317931
train,648,es_human_real_00284.wav,es_human_real_#.wav,human,16000,1,10.0,WAV,320044
train,649,07d03c25-2328-4434-9994-5ecff1939cf9.flac,#d#c#-#-#-#-#ecff#cf#.flac,answering_machine,16000,1,16.0,FLAC,336955
train,650,02dedaf0-8495-42ce-9340-17976bf1aaad.flac,#dedaf#-#-#ce-#-#bf#aaad.flac,answering_machine,16000,1,9.469625,FLAC,146515
train,651,complete_3266f7fc-80be-4977-b278-a2fccdc783ff_normalized.flac,complete_#f#fc-#be-#-b#-a#fccdc#ff_normalized.flac,human,16000,1,3.040625,FLAC,65002
train,652,voicemail_00112.wav,voicemail_#.wav,voicemail,16000,1,10.0,WAV,320044
train,653,voicemail_00331.wav,voicemail_#.wav,voicemail,16000,1,9.9961875,WAV,319922
train,654,60266625c7abb7f832138449.wav,#c#abb#f#.wav,human,8000,1,17.408,WAV,139322
train,655,133eae76-8024-405c-83ba-abf53c2153a7.flac,#eae#-#-#c-#ba-abf#c#a#.flac,answering_machine,16000,1,7.3386875,FLAC,150971
train,656,voicemail_00216.wav,voicemail_#.wav,voicemail,16000,1,9.4638125,WAV,302886
train,657,am_00134.wav,am_#.wav,answering_machine,16000,1,9.0098125,WAV,288358
train,658,02efdede-78a3-4c49-80ba-1b8ef7ff7cb0.flac,#efdede-#a#-#c#-#ba-#b#ef#ff#cb#.flac,ivr,16000,1,9.96,FLAC,187390
train,659,028eaaa2-95a9-4bcb-b3bc-a5ba181a3c59.flac,#eaaa#-#a#-#bcb-b#bc-a#ba#a#c#.flac,voicemail,16000,1,14.3335,FLAC,281171
train,660,incomplete_d106f7a4-2e50-492e-b86e-311766c37a04_normalized.flac,incomplete_d#f#a#-#e#-#e-b#e-#c#a#_normalized.flac,human,16000,1,7.104125,FLAC,126411
train,661,602b99cd05f96973d67943b7.wav,#b#cd#f#d#b#.wav,human,8000,1,6.826625,WAV,54672
train,662,0070a0db-a3c5-4dcd-a474-2791a3a30782.flac,#a#db-a#c#-#dcd-a#-#a#a#.flac,ivr,16000,1,9.12,FLAC,181404
train,663,08889e93-ab02-465e-a61e-307064f98ada.flac,#e#-ab#-#e-a#e-#f#ada.flac,voicemail,16000,1,10.348375,FLAC,195148
train,664,es_voicemail_00331.wav,es_voicemail_#.wav,voicemail,16000,1,8.1265625,WAV,260094
train,665,0e0f4c05-b770-414b-9c4a-7ccce63d26c2.flac,#e#f#c#-b#-#b-#c#a-#ccce#d#c#.flac,answering_machine,16000,1,4.864,FLAC,102063
train,666,am_00367.wav,am_#.wav,answering_machine,16000,1,8.0353125,WAV,257174
train,667,00027097-da25-4c47-a43a-5c5d2ffe17d3.flac,#-da#-#c#-a#a-#c#d#ffe#d#.flac,ivr,16000,1,12.08,FLAC,254856
train,668,0020bf3d-5bbc-4f99-baa5-c3aa181f8efb.flac,#bf#d-#bbc-#f#-baa#-c#aa#f#efb.flac,ivr,16000,1,5.36,FLAC,104955
train,669,03116778-e544-494f-9aee-752458326e58.flac,#-e#-#f-#aee-#e#.flac,ivr,16000,1,6.08,FLAC,137975
train,670,fr_human_tts_00107.wav,fr_human_tts_#.wav,human,16000,1,3.528,WAV,112940
train,671,0dc71ea1-3c30-4288-8654-80461fd887d8.flac,#dc#ea#-#c#-#-#-#fd#d#.flac,answering_machine,16000,1,12.844,FLAC,255533
train,672,02949e27-7d1b-4316-81e2-fe0a2ff626b8.flac,#e#-#d#b-#-#e#-fe#a#ff#b#.flac,ivr,16000,1,4.68,FLAC,91132
train,673,10159959-f68d-4bd1-9181-5a1042a67de0.flac,#-f#d-#bd#-#-#a#a#de#.flac,answering_machine,16000,1,15.7703125,FLAC,353486
train,674,incomplete_df7c8cde-74cf-4baa-b635-0f9fd1fe663e_normalized.flac,incomplete_df#c#cde-#cf-#baa-b#-#f#fd#fe#e_normalized.flac,human,16000,1,5.2125,FLAC,92317
train,675,059c2c76-b2fe-4f4e-ab47-e6ebfbaa286c.flac,#c#c#-b#fe-#f#e-ab#-e#ebfbaa#c.flac,voicemail,16000,1,3.2200625,FLAC,63297
train,676,ivr_00053.wav,ivr_#.wav,ivr,16000,1,9.408,WAV,301100
train,677,carrier_fr_voicemail_00083.wav,carrier_fr_voicemail_#.wav,voicemail,16000,1,10.0,WAV,320044
train,678,00cfa8f6-accd-4be0-87d3-ad31d2486183.flac,#cfa#f#-accd-#be#-#d#-ad#d#.flac,ivr,16000,1,3.32,FLAC,64123
train,679,0042253f-7024-468b-bdd3-9fb1c500c8ea.flac,#f-#-#b-bdd#-#fb#c#c#ea.flac,ivr,16000,1,11.44,FLAC,215723
train,680,053dfd5b-b3f5-4e75-9943-4d0965bec0d0.flac,#dfd#b-b#f#-#e#-#-#d#bec#d#.flac,voicemail,16000,1,3.961375,FLAC,64836
train,681,ivr_00370.wav,ivr_#.wav,ivr,16000,1,9.264,WAV,296492
train,682,voicemail_00183.wav,voicemail_#.wav,voicemail,16000,1,10.0,WAV,320044
train,683,014223cb-5f43-4780-aceb-f2a4d76e1bf6.flac,#cb-#f#-#-aceb-f#a#d#e#bf#.flac,ivr,16000,1,11.68,FLAC,246624
train,684,196cc737-8ebc-41d2-90f1-f98c9ee6562f.flac,#cc#-#ebc-#d#-#f#-f#c#ee#f.flac,voicemail,16000,1,10.4114375,FLAC,229271
train,685,1428bc72-a95b-444e-8e77-5745483d2874.flac,#bc#-a#b-#e-#e#-#d#.flac,answering_machine,16000,1,6.676,FLAC,138925
train,686,01e54053-4d7b-4966-9355-00ab1b4e69e0.flac,#e#-#d#b-#-#-#ab#b#e#e#.flac,answering_machine,16000,1,16.0,FLAC,299222
train,687,006c05c6-08c2-45a0-9a99-d972dd582b7b.flac,#c#c#-#c#-#a#-#a#-d#dd#b#b.flac,ivr,16000,1,3.56,FLAC,69213
train,688,17c47504-62b3-4d81-98ee-b368ebd4e3a4.flac,#c#-#b#-#d#-#ee-b#ebd#e#a#.flac,voicemail,16000,1,12.0535,FLAC,235992
train,689,0216a7fc-9e16-4ce8-8f0b-47c629afd24d.flac,#a#fc-#e#-#ce#-#f#b-#c#afd#d.flac,voicemail,16000,1,16.0,FLAC,303708
train,690,114aa575-2372-421b-9087-43736045cd04.flac,#aa#-#-#b-#-#cd#.flac,answering_machine,16000,1,6.3146875,FLAC,132290
train,691,1c66951e-b08f-4583-8198-3b8062b922cf.flac,#c#e-b#f-#-#-#b#b#cf.flac,voicemail,16000,1,3.9566875,FLAC,58371
train,692,am_00362.wav,am_#.wav,answering_machine,16000,1,10.0,WAV,320044
train,693,008eb08f-2fd0-4f9a-8f4b-d38707f59e2b.flac,#eb#f-#fd#-#f#a-#f#b-d#f#e#b.flac,ivr,16000,1,6.88,FLAC,159212
train,694,161c2d0a-fe39-4a49-bc33-1735a6fa10b0.flac,#c#d#a-fe#-#a#-bc#-#a#fa#b#.flac,answering_machine,16000,1,10.186875,FLAC,195056
train,695,1d570c33-2ee6-4654-a95c-ad0642602e37.flac,#d#c#-#ee#-#-a#c-ad#e#.flac,voicemail,16000,1,13.6653125,FLAC,251535
train,696,07fb5519-5e98-4cbc-92e2-47967624a1b4.flac,#fb#-#e#-#cbc-#e#-#a#b#.flac,answering_machine,16000,1,12.237375,FLAC,261567
train,697,602ba6b9963e11ccd901ccdb.wav,#ba#b#e#ccd#ccdb.wav,human,8000,1,52.394625,WAV,419216
train,698,0222ecb4-6db1-4157-8f94-9b2fb3eae1e2.flac,#ecb#-#db#-#-#f#-#b#fb#eae#e#.flac,ivr,16000,1,7.44,FLAC,166100
train,699,0025110d-861c-46a5-83b2-300062fef70d.flac,#d-#c-#a#-#b#-#fef#d.flac,ivr,16000,1,1.72,FLAC,32911
train,700,0ed5a145-df90-4dc9-8e6d-b5d6adb96a9a.flac,#ed#a#-df#-#dc#-#e#d-b#d#adb#a#a.flac,answering_machine,16000,1,16.0,FLAC,278241
train,701,03cbb709-d35a-424d-835e-df95614708f8.flac,#cbb#-d#a-#d-#e-df#f#.flac,voicemail,16000,1,16.0,FLAC,287439
train,702,01aca1ac-db2d-44f9-8e7a-d0ec0915e8c0.flac,#aca#ac-db#d-#f#-#e#a-d#ec#e#c#.flac,ivr,16000,1,8.52,FLAC,163053
train,703,0fd89a44-cffd-43d8-8024-57e3b0608f23.flac,#fd#a#-cffd-#d#-#-#e#b#f#.flac,answering_machine,16000,1,16.0,FLAC,334912
train,704,incomplete_a373b475-2084-4d17-acbf-eb6907726376_normalized.flac,incomplete_a#b#-#-#d#-acbf-eb#_normalized.flac,human,16000,1,3.8225,FLAC,74363
train,705,60268d9dc7abb7f832138a64.wav,#d#dc#abb#f#a#.wav,human,8000,1,63.829375,WAV,510694
train,706,0a1209e6-8679-4247-aaca-5f0ced973473.flac,#a#e#-#-#-aaca-#f#ced#.flac,voicemail,16000,1,14.42375,FLAC,266443
train,707,12a19980-68a2-40c3-9279-e1e71622adf8.flac,#a#-#a#-#c#-#-e#e#adf#.flac,voicemail,16000,1,12.5475625,FLAC,233712
train,708,human_real_00008.wav,human_real_#.wav,human,16000,1,7.3375,WAV,234844
train,709,1ad6dfe6-9489-4d0e-ba6c-18db8f52abbf.flac,#ad#dfe#-#-#d#e-ba#c-#db#f#abbf.flac,voicemail,16000,1,10.9641875,FLAC,202084
train,710,carrier_fr_ivr_00094.wav,carrier_fr_ivr_#.wav,ivr,16000,1,10.0,WAV,320044
train,711,02fcdcff-50d8-411e-9964-bb4455ccefe7.flac,#fcdcff-#d#-#e-#-bb#ccefe#.flac,ivr,16000,1,3.6,FLAC,71668
train,712,am_00035.wav,am_#.wav,answering_machine,16000,1,9.73375,WAV,311524
train,713,fr_human_tts_00088.wav,fr_human_tts_#.wav,human,16000,1,2.592,WAV,82988
train,714,018977af-827a-49df-9003-f08116696a36.flac,#af-#a-#df-#-f#a#.flac,ivr,16000,1,6.28,FLAC,128994
train,715,de_human_real_00426.wav,de_human_real_#.wav,human,16000,1,9.72,WAV,311084
train,716,fr_human_real_00070.wav,fr_human_real_#.wav,human,16000,1,3.072,WAV,98348
train,717,12a6a1af-dce0-4d04-94d3-fab2084158d1.flac,#a#a#af-dce#-#d#-#d#-fab#d#.flac,voicemail,16000,1,11.923875,FLAC,213306
train,718,0b5e1a79-fab3-437e-8c6e-15e001311451.flac,#b#e#a#-fab#-#e-#c#e-#e#.flac,answering_machine,16000,1,12.0526875,FLAC,260482
train,719,074d17cd-e9fa-423a-bcc5-1932c31890d2.flac,#d#cd-e#fa-#a-bcc#-#c#d#.flac,answering_machine,16000,1,15.5188125,FLAC,321522
train,720,0b8de096-c53b-40e6-aba0-c688fa6224b2.flac,#b#de#-c#b-#e#-aba#-c#fa#b#.flac,voicemail,16000,1,6.7801875,FLAC,125871
train,721,complete_e78e49c0-a258-4d13-a8a2-06914b271d44_normalized.flac,complete_e#e#c#-a#-#d#-a#a#-#b#d#_normalized.flac,human,16000,1,3.0695,FLAC,66606
train,722,response_40.wav,response_#.wav,human,8000,1,3.413375,WAV,27366
train,723,044eecf5-5118-4040-9f27-8240bbd13a8b.flac,#eecf#-#-#-#f#-#bbd#a#b.flac,voicemail,16000,1,12.00925,FLAC,254712
train,724,02bcb241-03c4-4b5a-8737-eee551ffd067.flac,#bcb#-#c#-#b#a-#-eee#ffd#.flac,ivr,16000,1,6.92,FLAC,126080
train,725,voicemail_00322.wav,voicemail_#.wav,voicemail,16000,1,10.0,WAV,320044
train,726,response_23.wav,response_#.wav,human,8000,1,4.179625,WAV,33496
train,727,1d435a9e-b4e2-4d0b-b30e-da61664bf68a.flac,#d#a#e-b#e#-#d#b-b#e-da#bf#a.flac,answering_machine,16000,1,4.3694375,FLAC,74294
train,728,incomplete_bf3871fb-c20a-46a0-93c5-33533bb80240_normalized.flac,incomplete_bf#fb-c#a-#a#-#c#-#bb#_normalized.flac,human,16000,1,4.17,FLAC,87117
train,729,voicemail_00062.wav,voicemail_#.wav,voicemail,16000,1,8.1173125,WAV,259798
train,730,ivr_00239.wav,ivr_#.wav,ivr,16000,1,9.192,WAV,294188
train,731,60265cc9dc3604f481bcb300.wav,#cc#dc#f#bcb#.wav,human,8000,1,3.669375,WAV,29414
train,732,02c218e1-55a4-4cd3-868c-f3d5a9e7d8ec.flac,#c#e#-#a#-#cd#-#c-f#d#a#e#d#ec.flac,ivr,16000,1,7.8,FLAC,151445
train,733,carrier_es_ivr_00242.wav,carrier_es_ivr_#.wav,ivr,16000,1,10.0,WAV,320044
train,734,165ed4c3-0af9-4d11-8fb0-ca689d4df084.flac,#ed#c#-#af#-#d#-#fb#-ca#d#df#.flac,voicemail,16000,1,13.158875,FLAC,277156
train,735,complete_c53891ab-46ea-4bc5-addf-bf5147277aad_normalized.flac,complete_c#ab-#ea-#bc#-addf-bf#aad_normalized.flac,human,16000,1,4.830875,FLAC,95801
train,736,am_00135.wav,am_#.wav,answering_machine,16000,1,9.2145625,WAV,294910
train,737,02b7d8d8-6f18-453e-90e1-e2fa0c7baaf2.flac,#b#d#d#-#f#-#e-#e#-e#fa#c#baaf#.flac,ivr,16000,1,7.36,FLAC,148498
train,738,1d65862e-827b-437c-8cda-d32b84799060.flac,#d#e-#b-#c-#cda-d#b#.flac,voicemail,16000,1,4.435,FLAC,78028
train,739,00edcf99-1ea1-4eed-8681-3b0f5111a054.flac,#edcf#-#ea#-#eed-#-#b#f#a#.flac,ivr,16000,1,2.44,FLAC,55732
train,740,0358bece-8481-4fb9-b268-a3b2ef59b1c2.flac,#bece-#-#fb#-b#-a#b#ef#b#c#.flac,ivr,16000,1,4.08,FLAC,72589
train,741,004c384b-6753-41a1-b4ee-d4ecd4595ef6.flac,#c#b-#-#a#-b#ee-d#ecd#ef#.flac,ivr,16000,1,8.08,FLAC,169998
train,742,14a058c0-56a7-481e-bf3a-9e5cb9120644.flac,#a#c#-#a#-#e-bf#a-#e#cb#.flac,voicemail,16000,1,13.446375,FLAC,293659
train,743,0452e6fa-fecb-4926-90ff-a3c748749cae.flac,#e#fa-fecb-#-#ff-a#c#cae.flac,answering_machine,16000,1,4.110875,FLAC,73997
train,744,1a97aa42-184b-4143-8022-01969684e803.flac,#a#aa#-#b-#-#-#e#.flac,voicemail,16000,1,15.50075,FLAC,303854
train,745,1dd4c33c-e55d-4e39-931e-749e7b8cab66.flac,#dd#c#c-e#d-#e#-#e-#e#b#cab#.flac,answering_machine,16000,1,11.07325,FLAC,243796
train,746,156ca9a3-e9d0-4347-89f0-a335b497eb38.flac,#ca#a#-e#d#-#-#f#-a#b#eb#.flac,answering_machine,16000,1,4.7571875,FLAC,78933
train,747,002093c2-8654-4fe1-9397-c49277294323.flac,#c#-#-#fe#-#-c#.flac,answering_machine,16000,1,10.5705625,FLAC,239762
train,748,05eed89c-5a1e-4def-b92c-35978dd6ef15.flac,#eed#c-#a#e-#def-b#c-#dd#ef#.flac,answering_machine,16000,1,14.2606875,FLAC,301353
train,749,011659a1-1c12-472d-b273-450714427d97.flac,#a#-#c#-#d-b#-#d#.flac,ivr,16000,1,8.36,FLAC,166573
train,750,carrier_en_voicemail_00428.wav,carrier_en_voicemail_#.wav,voicemail,16000,1,10.0,WAV,320044
train,751,response_47.wav,response_#.wav,human,8000,1,6.656,WAV,53306
train,752,00bb3029-af1e-4c60-b36d-a1478d6ebcf0.flac,#bb#-af#e-#c#-b#d-a#d#ebcf#.flac,ivr,16000,1,9.8,FLAC,200017
train,753,complete_8b54d716-7c83-491f-a7bb-e62506030d0c_normalized.flac,complete_#b#d#-#c#-#f-a#bb-e#d#c_normalized.flac,human,16000,1,2.908,FLAC,56129
train,754,am_00001.wav,am_#.wav,answering_machine,16000,1,10.0,WAV,320044
train,755,602666addc3604f481bcb58e.wav,#addc#f#bcb#e.wav,human,8000,1,5.888,WAV,47162
train,756,02a9ef06-4ee0-4c0d-acad-838d66948023.flac,#a#ef#-#ee#-#c#d-acad-#d#.flac,ivr,16000,1,3.8,FLAC,86885
train,757,02ad361d-128a-4e40-982c-7d38690e4971.flac,#ad#d-#a-#e#-#c-#d#e#.flac,ivr,16000,1,7.48,FLAC,156707
train,758,de_ivr_00499.wav,de_ivr_#.wav,ivr,16000,1,9.986,WAV,319596
train,759,ivr_00126.wav,ivr_#.wav,ivr,16000,1,8.952,WAV,286508
train,760,091d6c7d-7e20-4e72-81ae-758ed7e31677.flac,#d#c#d-#e#-#e#-#ae-#ed#e#.flac,answering_machine,16000,1,5.12,FLAC,107669
train,761,03521e2c-cbde-45ac-8b8d-c552b787f78f.flac,#e#c-cbde-#ac-#b#d-c#b#f#f.flac,voicemail,16000,1,9.6986875,FLAC,197080
train,762,complete_afecb4f4147b4a3ebf3aa39bd8ec7a91.flac,complete_afecb#f#b#a#ebf#aa#bd#ec#a#.flac,human,16000,1,1.918625,FLAC,24125
train,763,01407eb7-00b3-426c-9aac-04d48e9f8398.flac,#eb#-#b#-#c-#aac-#d#e#f#.flac,ivr,16000,1,13.4,FLAC,299176
train,764,carrier_en_voicemail_00439.wav,carrier_en_voicemail_#.wav,voicemail,16000,1,9.501625,WAV,304096
train,765,fr_human_tts_00080.wav,fr_human_tts_#.wav,human,16000,1,2.784,WAV,89132
train,766,10cde3a2-727b-4530-8868-9a32116991cd.flac,#cde#a#-#b-#-#-#a#cd.flac,answering_machine,16000,1,4.118,FLAC,87324
train,767,response_7.wav,response_#.wav,human,8000,1,8.448,WAV,67642
train,768,17d23ed0-cd56-4d6d-853b-92b08b0417c6.flac,#d#ed#-cd#-#d#d-#b-#b#b#c#.flac,answering_machine,16000,1,8.517875,FLAC,178336
train,769,18f45664-99ff-4387-af67-610f6b25fe80.flac,#f#-#ff-#-af#-#f#b#fe#.flac,voicemail,16000,1,16.0,FLAC,318034
train,770,human_tts_00139.wav,human_tts_#.wav,human,16000,1,2.232,WAV,71468
train,771,1bcd3150-5a2b-425d-bb4a-636de85bf88d.flac,#bcd#-#a#b-#d-bb#a-#de#bf#d.flac,answering_machine,16000,1,10.4129375,FLAC,221231
train,772,CAe8c0a8a7009720ce428811c5af3e226d_0.wav,CAe#c#a#a#ce#c#af#e#d_#.wav,human,8000,1,15.0,WAV,120058
train,773,0187dc30-3a8e-4c95-9e20-020c0d1486eb.flac,#dc#-#a#e-#c#-#e#-#c#d#eb.flac,ivr,16000,1,12.88,FLAC,265722
train,774,incomplete_42e75544-0cb6-40ee-b8b6-9478c9157550_normalized.flac,incomplete_#e#-#cb#-#ee-b#b#-#c#_normalized.flac,human,16000,1,4.0275,FLAC,80834
train,775,1acad9eb-917c-48f5-9ef1-1c8fcda4d5e0.flac,#acad#eb-#c-#f#-#ef#-#c#fcda#d#e#.flac,voicemail,16000,1,7.211,FLAC,143170
train,776,10727504-6c6d-4d49-a622-ea62ea7fe081.flac,#-#c#d-#d#-a#-ea#ea#fe#.flac,voicemail,16000,1,12.704625,FLAC,247862
train,777,06ea31f6-2bca-49c1-984a-21dd65fd41d6.flac,#ea#f#-#bca-#c#-#a-#dd#fd#d#.flac,answering_machine,16000,1,5.205375,FLAC,104582
train,778,02236339-7d2d-46ce-a32c-94bd745a1ce5.flac,#-#d#d-#ce-a#c-#bd#a#ce#.flac,ivr,16000,1,7.8,FLAC,151650
train,779,000395cd-4871-4827-ba7c-0bf3ab6ef0ac.flac,#cd-#-#-ba#c-#bf#ab#ef#ac.flac,ivr,16000,1,11.52,FLAC,226081
train,780,ivr_00000.wav,ivr_#.wav,ivr,16000,1,9.264,WAV,296492
train,781,02b938c3-a92d-4bf0-9c4f-e14f7d0339c5.flac,#b#c#-a#d-#bf#-#c#f-e#f#d#c#.flac,ivr,16000,1,7.68,FLAC,165844
train,782,1d8f48a1-bf08-4f7d-acc1-98c588387981.flac,#d#f#a#-bf#-#f#d-acc#-#c#.flac,voicemail,16000,1,8.409875,FLAC,151395
train,783,fr_voicemail_00146.wav,fr_voicemail_#.wav,voicemail,16000,1,7.2695625,WAV,232670
train,784,human_real_00089.wav,human_real_#.wav,human,16000,1,10.0,WAV,320044
train,785,response_18.wav,response_#.wav,human,8000,1,10.154625,WAV,81296
train,786,carrier_de_human_00284.wav,carrier_de_human_#.wav,human,16000,1,1.944,WAV,62252
train,787,carrier_fr_voicemail_00089.wav,carrier_fr_voicemail_#.wav,voicemail,16000,1,10.0,WAV,320044
train,788,0365ebac-0e8a-459a-acf4-38395e73d24a.flac,#ebac-#e#a-#a-acf#-#e#d#a.flac,ivr,16000,1,2.32,FLAC,45292
train,789,602ba703bb1e6d0fbce920b9.wav,#ba#bb#e#d#fbce#b#.wav,human,8000,1,8.021375,WAV,64230
train,790,human_tts_00177.wav,human_tts_#.wav,human,16000,1,2.328,WAV,74540
train,791,07228d4a-2c4d-4308-885d-bab3bc01e0d0.flac,#d#a-#c#d-#-#d-bab#bc#e#d#.flac,voicemail,16000,1,13.0579375,FLAC,248108
train,792,voicemail_00135.wav,voicemail_#.wav,voicemail,16000,1,10.0,WAV,320044
train,793,10fadaf5-0cbf-49f9-88c6-13a59fb0b049.flac,#fadaf#-#cbf-#f#-#c#-#a#fb#b#.flac,voicemail,16000,1,9.8850625,FLAC,177909
train,794,fr_human_real_00010.wav,fr_human_real_#.wav,human,16000,1,4.181375,WAV,133848
train,795,00bc13c1-ae74-4fec-8f59-9b81f300bed3.flac,#bc#c#-ae#-#fec-#f#-#b#f#bed#.flac,ivr,16000,1,6.12,FLAC,113215
train,796,034659c4-e7cc-4dfd-8387-ada24a87849f.flac,#c#-e#cc-#dfd-#-ada#a#f.flac,ivr,16000,1,7.12,FLAC,156818
train,797,07803acf-f9aa-45ef-85eb-e155615b0ebf.flac,#acf-f#aa-#ef-#eb-e#b#ebf.flac,voicemail,16000,1,16.0,FLAC,307881
train,798,de_human_real_00411.wav,de_human_real_#.wav,human,16000,1,9.64,WAV,308524
train,799,151eaf79-4068-4fb1-9027-5dd7ca38d622.flac,#eaf#-#-#fb#-#-#dd#ca#d#.flac,voicemail,16000,1,13.525375,FLAC,248163
train,800,00daffcc-e253-41bf-8ffe-dd1d2c162291.flac,#daffcc-e#-#bf-#ffe-dd#d#c#.flac,ivr,16000,1,8.24,FLAC,152524
train,801,001b52ba-b220-4c2e-823f-26a678eb9ed2.flac,#b#ba-b#-#c#e-#f-#a#eb#ed#.flac,ivr,16000,1,7.0,FLAC,134342
train,802,0198e449-e93f-4574-9492-ba9124b618a2.flac,#e#-e#f-#-#-ba#b#a#.flac,ivr,16000,1,4.48,FLAC,90571
train,803,de_human_tts_00449.wav,de_human_tts_#.wav,human,16000,1,2.304,WAV,73772
train,804,1369f287-91c0-4675-9352-6b4b8032e981.flac,#f#-#c#-#-#-#b#b#e#.flac,voicemail,16000,1,3.9566875,FLAC,53219
train,805,015e9fb0-b038-4cfc-a46e-f8d0933bdcbd.flac,#e#fb#-b#-#cfc-a#e-f#d#bdcbd.flac,ivr,16000,1,4.36,FLAC,79739
train,806,162b3953-b297-42f5-aca4-ad864575f146.flac,#b#-b#-#f#-aca#-ad#f#.flac,voicemail,16000,1,4.5275625,FLAC,77278
train,807,0085a1b4-7b65-4363-b2f8-1406f7ded85d.flac,#a#b#-#b#-#-b#f#-#f#ded#d.flac,voicemail,16000,1,6.2345,FLAC,90175
train,808,am_00153.wav,am_#.wav,answering_machine,16000,1,10.0,WAV,320044
train,809,voicemail_00366.wav,voicemail_#.wav,voicemail,16000,1,8.399,WAV,268812
train,810,carrier_en_ivr_00464.wav,carrier_en_ivr_#.wav,ivr,16000,1,9.744,WAV,311852
train,811,01c78a6b-ad26-4915-a782-813e69d9b562.flac,#c#a#b-ad#-#-a#-#e#d#b#.flac,answering_machine,16000,1,9.621125,FLAC,174738
train,812,10a3fbeb-055e-4b09-9cd0-075db63eb3fd.flac,#a#fbeb-#e-#b#-#cd#-#db#eb#fd.flac,answering_machine,16000,1,13.385,FLAC,281697
train,813,0928f95c-ccc9-4f6d-8a52-a0532e4fdbc4.flac,#f#c-ccc#-#f#d-#a#-a#e#fdbc#.flac,answering_machine,16000,1,3.02225,FLAC,50164
train,814,06fbd2f4-9106-42a5-967a-45ffd604758c.flac,#fbd#f#-#-#a#-#a-#ffd#c.flac,answering_machine,16000,1,9.534375,FLAC,187742
train,815,de_human_real_00410.wav,de_human_real_#.wav,human,16000,1,8.545,WAV,273484
train,816,133e11ad-6639-4cef-9771-62316d1916db.flac,#e#ad-#-#cef-#-#d#db.flac,voicemail,16000,1,4.2289375,FLAC,50201
train,817,carrier_en_human_00401.wav,carrier_en_human_#.wav,human,16000,1,0.912,WAV,29228
train,818,ivr_00130.wav,ivr_#.wav,ivr,16000,1,10.0,WAV,320044
train,819,008ef7f3-c13f-49e0-a25f-436d091d40da.flac,#ef#f#-c#f-#e#-a#f-#d#d#da.flac,answering_machine,16000,1,2.9866875,FLAC,68531
train,820,0feeada6-b9d4-4dc3-b151-b3edc8385299.flac,#feeada#-b#d#-#dc#-b#-b#edc#.flac,answering_machine,16000,1,10.8631875,FLAC,211435
train,821,1a95a78e-d7eb-45a1-bbac-ad7470d3bce1.flac,#a#a#e-d#eb-#a#-bbac-ad#d#bce#.flac,answering_machine,16000,1,6.741375,FLAC,137198
train,822,response_36.wav,response_#.wav,human,8000,1,11.517125,WAV,92196
train,823,004ea599-7015-4a94-8ade-4dca346f6321.flac,#ea#-#-#a#-#ade-#dca#f#.flac,voicemail,16000,1,16.0,FLAC,339247
train,824,0e05753f-f8e7-469e-a349-835ed788edc2.flac,#e#f-f#e#-#e-a#-#ed#edc#.flac,voicemail,16000,1,13.43325,FLAC,214665
train,825,carrier_fr_voicemail_00041.wav,carrier_fr_voicemail_#.wav,voicemail,16000,1,10.0,WAV,320044
train,826,60268e00dc3604f481bcb783.wav,#e#dc#f#bcb#.wav,human,8000,1,5.973375,WAV,47846
train,827,12a06366-0398-49e5-8d19-46f3addca61a.flac,#a#-#-#e#-#d#-#f#addca#a.flac,answering_machine,16000,1,5.1039375,FLAC,90867
train,828,01c45dd5-5e3f-48ca-8a1a-e528bd0d0e64.flac,#c#dd#-#e#f-#ca-#a#a-e#bd#d#e#.flac,ivr,16000,1,4.32,FLAC,80237
train,829,voicemail_00193.wav,voicemail_#.wav,voicemail,16000,1,10.0,WAV,320044
train,830,0553dba0-dd4f-44c6-9ce6-b78df57b35a8.flac,#dba#-dd#f-#c#-#ce#-b#df#b#a#.flac,voicemail,16000,1,8.2895,FLAC,155114
train,831,fr_voicemail_00144.wav,fr_voicemail_#.wav,voicemail,16000,1,9.9161875,WAV,317362
train,832,602ba64f05f96973d6794450.wav,#ba#f#f#d#.wav,human,8000,1,5.57275,WAV,44640
train,833,02388eab-b577-4a21-89d1-bb23f094e31f.flac,#eab-b#-#a#-#d#-bb#f#e#f.flac,voicemail,16000,1,12.8615,FLAC,257017
train,834,carrier_fr_human_00027.wav,carrier_fr_human_#.wav,human,16000,1,2.832,WAV,90668
train,835,181f9152-0f37-4031-a52f-40fe88d85dcd.flac,#f#-#f#-#-a#f-#fe#d#dcd.flac,voicemail,16000,1,15.99825,FLAC,298876
train,836,15e07656-a78f-4a4f-8fe8-bef1f7b9dee9.flac,#e#-a#f-#a#f-#fe#-bef#f#b#dee#.flac,voicemail,16000,1,5.7469375,FLAC,117536
train,837,am_00329.wav,am_#.wav,answering_machine,16000,1,8.111875,WAV,259624
train,838,097c1b51-1a45-49af-b1ee-f26404697238.flac,#c#b#-#a#-#af-b#ee-f#.flac,answering_machine,16000,1,5.2155625,FLAC,81618
train,839,voicemail_00128.wav,voicemail_#.wav,voicemail,16000,1,9.41225,WAV,301236
train,840,0afa2010-5454-4431-a290-b300645e80c9.flac,#afa#-#-#-a#-b#e#c#.flac,answering_machine,16000,1,12.948875,FLAC,247025
train,841,carrier_es_answering_machine_00274.wav,carrier_es_answering_machine_#.wav,answering_machine,16000,1,10.0,WAV,320044
train,842,039eaa6d-54cd-49f3-b8c1-f9000dccfb50.flac,#eaa#d-#cd-#f#-b#c#-f#dccfb#.flac,voicemail,16000,1,15.712,FLAC,300433
train,843,voicemail_00103.wav,voicemail_#.wav,voicemail,16000,1,10.0,WAV,320044
train,844,03282ad6-ebd2-4e58-ac27-082512b26776.flac,#ad#-ebd#-#e#-ac#-#b#.flac,ivr,16000,1,9.12,FLAC,172140
train,845,0d3c3b58-6dff-4d86-bab9-82f54209b817.flac,#d#c#b#-#dff-#d#-bab#-#f#b#.flac,voicemail,16000,1,5.212875,FLAC,102744
train,846,006d7a8d-ae0c-4c2a-afcf-3a5d96dec89a.flac,#d#a#d-ae#c-#c#a-afcf-#a#d#dec#a.flac,ivr,16000,1,5.04,FLAC,101246
train,847,1a37dca1-9007-4ac5-9609-10a076c1f7af.flac,#a#dca#-#-#ac#-#-#a#c#f#af.flac,voicemail,16000,1,10.5071875,FLAC,211543
train,848,1e2ba64a-01f9-4b93-8951-7d7ac32cfb8d.flac,#e#ba#a-#f#-#b#-#-#d#ac#cfb#d.flac,voicemail,16000,1,4.6858125,FLAC,66183
train,849,voicemail_00083.wav,voicemail_#.wav,voicemail,16000,1,10.0,WAV,320044
train,850,00284ae0-473d-4d68-9f78-6f27f38df6fb.flac,#ae#-#d-#d#-#f#-#f#f#df#fb.flac,ivr,16000,1,8.68,FLAC,164647
train,851,de_voicemail_00483.wav,de_voicemail_#.wav,voicemail,16000,1,8.8634375,WAV,283674
train,852,complete_c91785e4-a8ee-445c-841a-555b62575f0e_normalized.flac,complete_c#e#-a#ee-#c-#a-#b#f#e_normalized.flac,human,16000,1,4.925625,FLAC,90878
train,853,1b79ef3c-a188-4b0f-8f6b-fd6cb829e62d.flac,#b#ef#c-a#-#b#f-#f#b-fd#cb#e#d.flac,voicemail,16000,1,12.85,FLAC,269611
train,854,020b34b3-29b1-45a3-a82d-736c0f9a5244.flac,#b#b#-#b#-#a#-a#d-#c#f#a#.flac,ivr,16000,1,11.0,FLAC,244136
train,855,incomplete_73163e7f-ff2a-4b22-958d-ffef951f3992_normalized.flac,incomplete_#e#f-ff#a-#b#-#d-ffef#f#_normalized.flac,human,16000,1,4.06125,FLAC,84167
train,856,ivr_00083.wav,ivr_#.wav,ivr,16000,1,10.0,WAV,320044
train,857,001bc892-c1d4-4d33-afe4-77751bdc8116.flac,#bc#-c#d#-#d#-afe#-#bdc#.flac,ivr,16000,1,3.6,FLAC,67365
train,858,voicemail_00243.wav,voicemail_#.wav,voicemail,16000,1,8.265125,WAV,264528
train,859,carrier_fr_answering_machine_00150.wav,carrier_fr_answering_machine_#.wav,answering_machine,16000,1,8.9041875,WAV,284978
train,860,am_00099.wav,am_#.wav,answering_machine,16000,1,10.0,WAV,320044
train,861,060609bd-2680-46c0-b66a-62d88fa3eb5d.flac,#bd-#-#c#-b#a-#d#fa#eb#d.flac,answering_machine,16000,1,14.732125,FLAC,298218
train,862,incomplete_97f4f2d9-e7dc-4c7b-88e6-4abf5094578d_normalized.flac,incomplete_#f#f#d#-e#dc-#c#b-#e#-#abf#d_normalized.flac,human,16000,1,3.552,FLAC,66669
train,863,complete_ab58571d-67fa-4c5f-8f83-a11048424d24_normalized.flac,complete_ab#d-#fa-#c#f-#f#-a#d#_normalized.flac,human,16000,1,3.744,FLAC,75360
train,864,0c3b0835-271e-42ce-b4d7-967560afdaec.flac,#c#b#-#e-#ce-b#d#-#afdaec.flac,answering_machine,16000,1,13.0243125,FLAC,264617
train,865,ivr_00037.wav,ivr_#.wav,ivr,16000,1,7.656,WAV,245036
train,866,1141042a-b76f-40e0-81ae-fcf3ec790b1f.flac,#a-b#f-#e#-#ae-fcf#ec#b#f.flac,answering_machine,16000,1,5.0078125,FLAC,76547
train,867,incomplete_dd873722-781a-4cb2-aad9-740a4c4f2ec1_normalized.flac,incomplete_dd#-#a-#cb#-aad#-#a#c#f#ec#_normalized.flac,human,16000,1,4.273125,FLAC,84243
train,868,complete_f2c0248f-0d05-4044-abe5-2893d20413bb_normalized.flac,complete_f#c#f-#d#-#-abe#-#d#bb_normalized.flac,human,16000,1,4.17,FLAC,81759
train,869,019de1f8-1570-44dd-8abf-a42d79af5b95.flac,#de#f#-#-#dd-#abf-a#d#af#b#.flac,ivr,16000,1,6.04,FLAC,129952
train,870,incomplete_2a0ba29584484ee08175b0626ea4a4f9.flac,incomplete_#a#ba#ee#b#ea#a#f#.flac,human,16000,1,3.848875,FLAC,56154
train,871,17a5d2c9-71d6-4970-9c49-7a8c6ff5305b.flac,#a#d#c#-#d#-#-#c#-#a#c#ff#b.flac,answering_machine,16000,1,10.325375,FLAC,215731
train,872,de_ivr_00513.wav,de_ivr_#.wav,ivr,16000,1,7.776,WAV,248876
train,873,response_25.wav,response_#.wav,human,8000,1,6.873125,WAV,55044
train,874,voicemail_00127.wav,voicemail_#.wav,voicemail,16000,1,7.878875,WAV,252168
train,875,am_00098.wav,am_#.wav,answering_machine,16000,1,10.0,WAV,320044
train,876,19d92beb-6269-4d74-a585-39c9f6c05882.flac,#d#beb-#-#d#-a#-#c#f#c#.flac,voicemail,16000,1,13.4554375,FLAC,260692
train,877,carrier_de_voicemail_00337.wav,carrier_de_voicemail_#.wav,voicemail,16000,1,10.0,WAV,320044
train,878,0214d7e3-7642-4963-b3d0-954d6e80418b.flac,#d#e#-#-#-b#d#-#d#e#b.flac,ivr,16000,1,4.28,FLAC,89873
train,879,complete_cf880667-3a93-43cb-9176-29ee12f49296_normalized.flac,complete_cf#-#a#-#cb-#-#ee#f#_normalized.flac,human,16000,1,3.45,FLAC,67655
train,880,0b83959e-4795-4726-895d-3611348a0957.flac,#b#e-#-#-#d-#a#.flac,answering_machine,16000,1,12.61075,FLAC,270922
train,881,0a023a9f-4de0-4363-9792-e815ec733760.flac,#a#a#f-#de#-#-#-e#ec#.flac,voicemail,16000,1,13.2261875,FLAC,252707
train,882,ivr_00352.wav,ivr_#.wav,ivr,16000,1,9.456,WAV,302636
train,883,09e31e34-e445-4375-a453-082339d8074e.flac,#e#e#-e#-#-a#-#d#e.flac,voicemail,16000,1,11.4913125,FLAC,238225
train,884,602666a6c7abb7f8321384f7.wav,#a#c#abb#f#f#.wav,human,8000,1,4.266625,WAV,34192
train,885,01091f33-a97d-4df5-97d5-8c9147f5e769.flac,#f#-a#d-#df#-#d#-#c#f#e#.flac,ivr,16000,1,12.68,FLAC,303690
train,886,1df5f078-1e82-4435-8141-18becfd10a19.flac,#df#f#-#e#-#-#-#becfd#a#.flac,answering_machine,16000,1,9.6033125,FLAC,215817
train,887,051fd493-5c29-4bfd-a44d-fefb15d3d2f8.flac,#fd#-#c#-#bfd-a#d-fefb#d#d#f#.flac,voicemail,16000,1,4.9124375,FLAC,87717
train,888,1a3176d5-0af4-4012-8cab-4b7e70890e8a.flac,#a#d#-#af#-#-#cab-#b#e#e#a.flac,answering_machine,16000,1,9.56225,FLAC,186005
train,889,015d3187-a02c-4fbd-ac60-c1f22f8ade7c.flac,#d#-a#c-#fbd-ac#-c#f#f#ade#c.flac,ivr,16000,1,8.2,FLAC,165703
train,890,602b99c4bb1e6d0fbce91f44.wav,#b#c#bb#e#d#fbce#f#.wav,human,8000,1,8.106625,WAV,64912
train,891,02797d0d-30b6-44bf-a928-171688075588.flac,#d#d-#b#-#bf-a#-#.flac,ivr,16000,1,4.0,FLAC,88551
train,892,0290696a-9350-4fd8-b56a-35e5e7df4aba.flac,#a-#-#fd#-b#a-#e#e#df#aba.flac,ivr,16000,1,6.56,FLAC,128935
train,893,fr_ivr_00200.wav,fr_ivr_#.wav,ivr,16000,1,9.026,WAV,288876
train,894,047a9ddd-b360-4f08-9860-66235cdfc5bf.flac,#a#ddd-b#-#f#-#-#cdfc#bf.flac,voicemail,16000,1,5.674,FLAC,125440
train,895,complete_f10793f4-39dc-451d-a9b8-b251c27e6f9a_normalized.flac,complete_f#f#-#dc-#d-a#b#-b#c#e#f#a_normalized.flac,human,16000,1,3.66,FLAC,59777
train,896,1ccca766-ca2d-4781-ba38-7a902fe80e67.flac,#ccca#-ca#d-#-ba#-#a#fe#e#.flac,voicemail,16000,1,7.94,FLAC,149870
train,897,139ed777-a880-4d0f-a1a3-4530a57e109e.flac,#ed#-a#-#d#f-a#a#-#a#e#e.flac,answering_machine,16000,1,9.261875,FLAC,184122
train,898,ivr_00289.wav,ivr_#.wav,ivr,16000,1,9.264,WAV,296492
train,899,0140741c-296d-40f6-bc0d-c6be9b027e84.flac,#c-#d-#f#-bc#d-c#be#b#e#.flac,ivr,16000,1,4.68,FLAC,92077
train,900,human_tts_00144.wav,human_tts_#.wav,human,16000,1,2.016,WAV,64556
train,901,0349e85b-f4d2-46dc-a289-d90ac2512352.flac,#e#b-f#d#-#dc-a#-d#ac#.flac,ivr,16000,1,7.92,FLAC,149560
train,902,1aeddbbf-e214-479e-a117-da4da781d339.flac,#aeddbbf-e#-#e-a#-da#da#d#.flac,voicemail,16000,1,12.80275,FLAC,266646
train,903,ivr_00285.wav,ivr_#.wav,ivr,16000,1,9.384,WAV,300332
train,904,18992441-1f77-450f-bcc5-0115d745729f.flac,#-#f#-#f-bcc#-#d#f.flac,voicemail,16000,1,16.0,FLAC,328216
train,905,1c99f4bb-4e0a-495a-99e2-1b8ad31cbca6.flac,#c#f#bb-#e#a-#a-#e#-#b#ad#cbca#.flac,voicemail,16000,1,2.836875,FLAC,47205
train,906,07cff9c0-8a84-40fa-b026-ea15ae863849.flac,#cff#c#-#a#-#fa-b#-ea#ae#.flac,voicemail,16000,1,11.6765,FLAC,239148
train,907,ivr_00261.wav,ivr_#.wav,ivr,16000,1,8.28,WAV,265004
train,908,response_10.wav,response_#.wav,human,8000,1,22.016,WAV,176186
train,909,es_ivr_00366.wav,es_ivr_#.wav,ivr,16000,1,9.408,WAV,301100
train,910,018d8392-0603-43c6-a01d-f3ead4ed9fa5.flac,#d#-#-#c#-a#d-f#ead#ed#fa#.flac,ivr,16000,1,9.88,FLAC,203162
train,911,complete_5cb45ee6ef8841bb8f7ecd9e16f3e0b3.flac,complete_#cb#ee#ef#bb#f#ecd#e#f#e#b#.flac,human,16000,1,0.848875,FLAC,10409
train,912,01c93ccc-7558-4813-8d10-cad32711ea31.flac,#c#ccc-#-#-#d#-cad#ea#.flac,ivr,16000,1,9.48,FLAC,181554
train,913,voicemail_00164.wav,voicemail_#.wav,voicemail,16000,1,8.3419375,WAV,266986
train,914,088ec8fc-1f32-4ecf-a0d5-06ff7f05e1f6.flac,#ec#fc-#f#-#ecf-a#d#-#ff#f#e#f#.flac,voicemail,16000,1,5.5495625,FLAC,108691
train,915,126d246c-7fd4-49b9-ab76-3ec2749a6e01.flac,#d#c-#fd#-#b#-ab#-#ec#a#e#.flac,answering_machine,16000,1,6.74,FLAC,126347
train,916,complete_85bac068-59d9-4200-82e3-1a7fb6ca0b90_normalized.flac,complete_#bac#-#d#-#-#e#-#a#fb#ca#b#_normalized.flac,human,16000,1,3.388125,FLAC,70369
train,917,fr_human_tts_00119.wav,fr_human_tts_#.wav,human,16000,1,2.352,WAV,75308
train,918,17d6dd7a-01e0-472a-8d40-0d1e6fe4666c.flac,#d#dd#a-#e#-#a-#d#-#d#e#fe#c.flac,voicemail,16000,1,7.833,FLAC,154477
train,919,voicemail_00241.wav,voicemail_#.wav,voicemail,16000,1,9.8549375,WAV,315402
train,920,033cdca5-1c94-44a0-bf8b-dcb125e3f321.flac,#cdca#-#c#-#a#-bf#b-dcb#e#f#.flac,ivr,16000,1,3.4,FLAC,64460
train,921,incomplete_2d450ba2-7631-4f20-b5f0-12e37d6e42fa_normalized.flac,incomplete_#d#ba#-#-#f#-b#f#-#e#d#e#fa_normalized.flac,human,16000,1,4.34375,FLAC,91859
train,922,017bfcad-d4a7-4f90-9e28-f0b2b455390f.flac,#bfcad-d#a#-#f#-#e#-f#b#b#f.flac,ivr,16000,1,7.84,FLAC,167999
train,923,14bcd6c3-fb0e-4956-a35c-ae8128cf817c.flac,#bcd#c#-fb#e-#-a#c-ae#cf#c.flac,voicemail,16000,1,2.713,FLAC,55382
train,924,035b8562-e4bc-446f-b28d-fc4d8c7dbf85.flac,#b#-e#bc-#f-b#d-fc#d#c#dbf#.flac,ivr,16000,1,6.4,FLAC,132680
train,925,0e1394d9-4efb-4c63-aadd-c6b7b844f640.flac,#e#d#-#efb-#c#-aadd-c#b#b#f#.flac,voicemail,16000,1,13.564875,FLAC,252783
train,926,carrier_es_answering_machine_00276.wav,carrier_es_answering_machine_#.wav,answering_machine,16000,1,9.604625,WAV,307392
train,927,de_ivr_00515.wav,de_ivr_#.wav,ivr,16000,1,9.986,WAV,319596
train,928,066fb23b-3ad9-4bac-b8e0-df47897e4b21.flac,#fb#b-#ad#-#bac-b#e#-df#e#b#.flac,voicemail,16000,1,2.72375,FLAC,52861
train,929,02228a6d-3bf6-417e-ac0b-c7fdf9093ed3.flac,#a#d-#bf#-#e-ac#b-c#fdf#ed#.flac,ivr,16000,1,6.56,FLAC,112119
train,930,1dcffb1a-7f12-4512-9b31-6564dae35a26.flac,#dcffb#a-#f#-#-#b#-#dae#a#.flac,answering_machine,16000,1,3.876,FLAC,82515
train,931,incomplete_eb5fc335-508c-41d0-aaa2-a2f17b8e01d9_normalized.flac,incomplete_eb#fc#-#c-#d#-aaa#-a#f#b#e#d#_normalized.flac,human,16000,1,4.93125,FLAC,99163
train,932,incomplete_508482f4c3c64be2bca6175a40faf440.flac,incomplete_#f#c#c#be#bca#a#faf#.flac,human,16000,1,2.5814375,FLAC,37881
train,933,de_voicemail_00470.wav,de_voicemail_#.wav,voicemail,16000,1,10.0,WAV,320044
train,934,017caf4f-f5a5-4da8-9246-1f04d9afcbf1.flac,#caf#f-f#a#-#da#-#-#f#d#afcbf#.flac,voicemail,16000,1,6.4783125,FLAC,124213
train,935,complete_313888f8-ad33-49c2-85bd-8b83e62b4022_normalized.flac,complete_#f#-ad#-#c#-#bd-#b#e#b#_normalized.flac,human,16000,1,2.459625,FLAC,47005
train,936,1afaca43-031b-436b-95c8-dec03c087c56.flac,#afaca#-#b-#b-#c#-dec#c#c#.flac,answering_machine,16000,1,12.2484375,FLAC,245334
train,937,human_real_00101.wav,human_real_#.wav,human,16000,1,5.632,WAV,180268
train,938,human_real_00036.wav,human_real_#.wav,human,16000,1,3.84,WAV,122924
train,939,response_47.wav,response_#.wav,human,8000,1,10.325375,WAV,82662
train,940,voicemail_00253.wav,voicemail_#.wav,voicemail,16000,1,7.843125,WAV,251024
train,941,19dcab96-ab73-457b-9681-cff11da10963.flac,#dcab#-ab#-#b-#-cff#da#.flac,answering_machine,16000,1,5.256875,FLAC,98721
train,942,de_human_real_00402.wav,de_human_real_#.wav,human,16000,1,10.0,WAV,320044
train,943,009e748c-56fa-4600-b9bc-d1ff71bbd95c.flac,#e#c-#fa-#-b#bc-d#ff#bbd#c.flac,ivr,16000,1,7.84,FLAC,162107
train,944,voicemail_00073.wav,voicemail_#.wav,voicemail,16000,1,7.5861875,WAV,242802
train,945,06af8b12-e9c2-4433-95f6-485d54a99f2f.flac,#af#b#-e#c#-#-#f#-#d#a#f#f.flac,voicemail,16000,1,4.3119375,FLAC,75726
train,946,es_voicemail_00321.wav,es_voicemail_#.wav,voicemail,16000,1,9.2170625,WAV,294990
train,947,am_00022.wav,am_#.wav,answering_machine,16000,1,9.65425,WAV,308980
train,948,0b1b2acd-4578-4ce9-89ee-324f30da5b28.flac,#b#b#acd-#-#ce#-#ee-#f#da#b#.flac,answering_machine,16000,1,13.7710625,FLAC,283227
train,949,006fd5a4-4fc6-4cd3-b549-7ac87a2711ba.flac,#fd#a#-#fc#-#cd#-b#-#ac#a#ba.flac,ivr,16000,1,5.76,FLAC,97285
train,950,07f34368-aee8-4f93-8a94-21ef95a1e6b4.flac,#f#-aee#-#f#-#a#-#ef#a#e#b#.flac,answering_machine,16000,1,3.034,FLAC,61616
train,951,0eb148da-248b-4671-9431-e675f30e7863.flac,#eb#da-#b-#-#-e#f#e#.flac,answering_machine,16000,1,5.5466875,FLAC,106674
train,952,0e329a57-ce4f-4a96-b246-54469caea098.flac,#e#a#-ce#f-#a#-b#-#caea#.flac,voicemail,16000,1,7.1285,FLAC,140617
train,953,1d6dd248-d4f0-4f5e-a8ce-dadef4716cbc.flac,#d#dd#-d#f#-#f#e-a#ce-dadef#cbc.flac,answering_machine,16000,1,12.456125,FLAC,254164
train,954,10a65c91-d051-45dc-abf7-ec32747f9c87.flac,#a#c#-d#-#dc-abf#-ec#f#c#.flac,answering_machine,16000,1,10.325375,FLAC,248927
train,955,01b281a6-0036-4304-b6ae-81c4d1b1f24b.flac,#b#a#-#-#-b#ae-#c#d#b#f#b.flac,ivr,16000,1,7.56,FLAC,170961
train,956,de_voicemail_00492.wav,de_voicemail_#.wav,voicemail,16000,1,9.0631875,WAV,290066
train,957,ivr_00068.wav,ivr_#.wav,ivr,16000,1,10.0,WAV,320044
train,958,response_23.wav,response_#.wav,human,8000,1,5.546625,WAV,44432
train,959,04a435ab-820d-43cd-b34c-6c5bb26b7239.flac,#a#ab-#d-#cd-b#c-#c#bb#b#.flac,answering_machine,16000,1,14.141875,FLAC,262074
train,960,1969be40-dda3-4f83-a4ce-58029c82afd4.flac,#be#-dda#-#f#-a#ce-#c#afd#.flac,answering_machine,16000,1,12.647625,FLAC,272538
train,961,01e55680-af29-4eb9-98fb-c4308156e743.flac,#e#-af#-#eb#-#fb-c#e#.flac,ivr,16000,1,4.6,FLAC,81065
train,962,fr_human_tts_00094.wav,fr_human_tts_#.wav,human,16000,1,2.88,WAV,92204
train,963,16766ea7-93c2-4778-aa38-d6fc956d98dc.flac,#ea#-#c#-#-aa#-d#fc#d#dc.flac,answering_machine,16000,1,13.3195,FLAC,260481
train,964,008d81e8-094b-468a-9193-fdcee80f7bee.flac,#d#e#-#b-#a-#-fdcee#f#bee.flac,answering_machine,16000,1,7.509375,FLAC,160961
train,965,00fd1d8b-972a-4617-b8a4-46fec8a070af.flac,#fd#d#b-#a-#-b#a#-#fec#a#af.flac,answering_machine,16000,1,2.679,FLAC,44116
train,966,1a4a97a2-4871-4916-aaff-d9297d10e728.flac,#a#a#a#-#-#-aaff-d#d#e#.flac,answering_machine,16000,1,15.8836875,FLAC,321803
train,967,ivr_00270.wav,ivr_#.wav,ivr,16000,1,10.0,WAV,320044
train,968,01044b69-ed09-43ce-9359-85fb777fade9.flac,#b#-ed#-#ce-#-#fb#fade#.flac,ivr,16000,1,9.16,FLAC,198715
train,969,12c28fdd-7c99-4491-82e0-4a6750827147.flac,#c#fdd-#c#-#-#e#-#a#.flac,answering_machine,16000,1,15.9973125,FLAC,351239
train,970,01e26549-855d-4b28-b6a8-c71634f9a949.flac,#e#-#d-#b#-b#a#-c#f#a#.flac,ivr,16000,1,7.4,FLAC,150556
train,971,0fe35668-a71e-4330-9d36-b8febe22416c.flac,#fe#-a#e-#-#d#-b#febe#c.flac,answering_machine,16000,1,10.73775,FLAC,191698
train,972,125fec14-8393-4874-a9db-cb8ac3d3b8e0.flac,#fec#-#-#-a#db-cb#ac#d#b#e#.flac,answering_machine,16000,1,15.45825,FLAC,313025
train,973,ivr_00114.wav,ivr_#.wav,ivr,16000,1,7.944,WAV,254252
train,974,incomplete_bb9429dd-3d3f-47c2-9816-9fcda19e7d0a_normalized.flac,incomplete_bb#dd-#d#f-#c#-#-#fcda#e#d#a_normalized.flac,human,16000,1,6.12675,FLAC,104446
train,975,15bad30f-e882-43b8-b4f3-f3e4355c4d76.flac,#bad#f-e#-#b#-b#f#-f#e#c#d#.flac,voicemail,16000,1,13.48175,FLAC,305645
train,976,0262d1e8-c166-4d47-9ab7-e7784d2b10c7.flac,#d#e#-c#-#d#-#ab#-e#d#b#c#.flac,ivr,16000,1,5.0,FLAC,103372
train,977,0121eb48-5a49-4375-b04d-103f50fb36f0.flac,#eb#-#a#-#-b#d-#f#fb#f#.flac,voicemail,16000,1,13.3904375,FLAC,262723
train,978,00b530e8-227d-4fd7-8308-0ed3cfc96ccd.flac,#b#e#-#d-#fd#-#-#ed#cfc#ccd.flac,ivr,16000,1,3.24,FLAC,68472
train,979,voicemail_00306.wav,voicemail_#.wav,voicemail,16000,1,7.581375,WAV,242648
train,980,000a6785-f42c-4e5f-9d9d-d0c389cb658d.flac,#a#-f#c-#e#f-#d#d-d#c#cb#d.flac,ivr,16000,1,7.16,FLAC,129210
train,981,voicemail_00304.wav,voicemail_#.wav,voicemail,16000,1,10.0,WAV,320044
train,982,0f17015f-be82-436d-843a-746d3b4ae539.flac,#f#f-be#-#d-#a-#d#b#ae#.flac,voicemail,16000,1,3.108,FLAC,71456
train,983,voicemail_00006.wav,voicemail_#.wav,voicemail,16000,1,10.0,WAV,320044
train,984,0111d811-597a-4c8e-978a-28ebb02c7924.flac,#d#-#a-#c#e-#a-#ebb#c#.flac,ivr,16000,1,13.0,FLAC,267362
train,985,03735a19-1bda-469f-a55b-c2c1b0a36b10.flac,#a#-#bda-#f-a#b-c#c#b#a#b#.flac,voicemail,16000,1,13.583625,FLAC,290754
train,986,013c4203-4f45-44f5-a719-ff36a1a76cb2.flac,#c#-#f#-#f#-a#-ff#a#a#cb#.flac,ivr,16000,1,7.84,FLAC,150795
train,987,ivr_00209.wav,ivr_#.wav,ivr,16000,1,9.696,WAV,310316
train,988,01edc79a-5532-489a-a344-54f501c2b918.flac,#edc#a-#-#a-a#-#f#c#b#.flac,ivr,16000,1,6.6,FLAC,131338
train,989,60266454dc3604f481bcb41c.wav,#dc#f#bcb#c.wav,human,8000,1,9.642625,WAV,77200
train,990,140ee652-1333-44e7-9034-56e2fc2f554b.flac,#ee#-#-#e#-#-#e#fc#f#b.flac,voicemail,16000,1,10.779125,FLAC,203506
train,991,06665e80-31b8-4800-bcf6-3327545b9c92.flac,#e#-#b#-#-bcf#-#b#c#.flac,answering_machine,16000,1,4.57975,FLAC,63665
train,992,response_33.wav,response_#.wav,human,8000,1,6.912,WAV,55354
train,993,6026639cc7abb7f8321382bc.wav,#cc#abb#f#bc.wav,human,8000,1,8.618625,WAV,69008
train,994,0aaec071-4847-45b3-8953-7d0a8a6ab272.flac,#aaec#-#-#b#-#-#d#a#a#ab#.flac,answering_machine,16000,1,2.304,FLAC,49625
train,995,034ddbbb-2d29-456d-96a0-951a2fc3bd8a.flac,#ddbbb-#d#-#d-#a#-#a#fc#bd#a.flac,voicemail,16000,1,12.68525,FLAC,259618
train,996,carrier_fr_answering_machine_00153.wav,carrier_fr_answering_machine_#.wav,answering_machine,16000,1,10.0,WAV,320044
train,997,CAaf1bc5fd1b91b67b454ccfe15446aef0_0.wav,CAaf#bc#fd#b#b#b#ccfe#aef#_#.wav,human,8000,1,9.98,WAV,79898
train,998,02859996-c84f-4531-b912-0d76dc48085d.flac,#-c#f-#-b#-#d#dc#d.flac,ivr,16000,1,7.8,FLAC,158277
train,999,07a5b0c1-5eb5-4204-b7d2-9c8632cc8b86.flac,#a#b#c#-#eb#-#-b#d#-#c#cc#b#.flac,answering_machine,16000,1,7.168,FLAC,146894
train,1000,complete_3cbd04f22ff9418da43e2a3d4fc87fe5.flac,complete_#cbd#f#ff#da#e#a#d#fc#fe#.flac,human,16000,1,3.465125,FLAC,59420
train,1001,response_31.wav,response_#.wav,human,8000,1,5.888,WAV,47162
train,1002,complete_96d401e7-85a5-43c4-aeef-a48e20ced104_normalized.flac,complete_#d#e#-#a#-#c#-aeef-a#e#ced#_normalized.flac,human,16000,1,4.170625,FLAC,90181
train,1003,0e3eb6c6-8c93-46b1-8d67-15b64386a1c9.flac,#e#eb#c#-#c#-#b#-#d#-#b#a#c#.flac,voicemail,16000,1,10.9741875,FLAC,216635
train,1004,carrier_en_voicemail_00449.wav,carrier_en_voicemail_#.wav,voicemail,16000,1,10.0,WAV,320044
train,1005,0aa75cab-1644-410f-8bb8-a315c97a218a.flac,#aa#cab-#-#f-#bb#-a#c#a#a.flac,answering_machine,16000,1,4.2895,FLAC,86734
train,1006,17b4c4e6-6682-4c0f-aa3c-90386457d4a0.flac,#b#c#e#-#-#c#f-aa#c-#d#a#.flac,answering_machine,16000,1,8.817,FLAC,129866
train,1007,incomplete_fed0a57b-cbdc-470c-ae2d-16ebabd34d09_normalized.flac,incomplete_fed#a#b-cbdc-#c-ae#d-#ebabd#d#_normalized.flac,human,16000,1,3.735625,FLAC,70543
train,1008,complete_2bd3a40d-be35-458e-9ad9-8a807844a8f7_normalized.flac,complete_#bd#a#d-be#-#e-#ad#-#a#a#f#_normalized.flac,human,16000,1,1.824375,FLAC,37584
train,1009,human_real_00043.wav,human_real_#.wav,human,16000,1,4.693375,WAV,150232
train,1010,incomplete_56dec6b6-8144-4106-b317-57507118bf18_normalized.flac,incomplete_#dec#b#-#-#-b#-#bf#_normalized.flac,human,16000,1,3.88125,FLAC,71844
train,1011,am_00047.wav,am_#.wav,answering_machine,16000,1,9.7679375,WAV,312618
train,1012,response_49.wav,response_#.wav,human,8000,1,6.570625,WAV,52624
train,1013,0e70499b-72cd-4965-88fa-4d041b68383b.flac,#e#b-#cd-#-#fa-#d#b#b.flac,voicemail,16000,1,3.366125,FLAC,59632
train,1014,099eb048-44bf-4393-a306-ec1f311f211b.flac,#eb#-#bf-#-a#-ec#f#f#b.flac,answering_machine,16000,1,14.076625,FLAC,286785
train,1015,00454388-5f3d-4b28-ba96-907cd14ecd7b.flac,#-#f#d-#b#-ba#-#cd#ecd#b.flac,ivr,16000,1,4.36,FLAC,89597
train,1016,de_am_00536.wav,de_am_#.wav,answering_machine,16000,1,8.720875,WAV,279112
train,1017,ivr_00124.wav,ivr_#.wav,ivr,16000,1,9.0,WAV,288044
train,1018,human_tts_00170.wav,human_tts_#.wav,human,16000,1,2.472,WAV,79148
train,1019,carrier_es_voicemail_00226.wav,carrier_es_voicemail_#.wav,voicemail,16000,1,9.6424375,WAV,308602
train,1020,am_00058.wav,am_#.wav,answering_machine,16000,1,9.831,WAV,314636
train,1021,00c8c640-2b97-4173-8ad7-e2f0aeb5afbb.flac,#c#c#-#b#-#-#ad#-e#f#aeb#afbb.flac,ivr,16000,1,8.44,FLAC,150568
train,1022,1c1f8f99-3f2a-463c-a73a-7785bba1aba1.flac,#c#f#f#-#f#a-#c-a#a-#bba#aba#.flac,answering_machine,16000,1,5.5466875,FLAC,114540
train,1023,response_8.wav,response_#.wav,human,8000,1,7.338625,WAV,58768
train,1024,069f38ca-4851-4204-8175-e35b83267b60.flac,#f#ca-#-#-#-e#b#b#.flac,voicemail,16000,1,14.8310625,FLAC,299328
train,1025,1e4e5239-73da-4172-97a1-3210b17c0913.flac,#e#e#-#da-#-#a#-#b#c#.flac,answering_machine,16000,1,9.4421875,FLAC,176359
train,1026,carrier_en_ivr_00488.wav,carrier_en_ivr_#.wav,ivr,16000,1,6.456,WAV,206636
train,1027,17fbd9af-aa0a-4e19-aa24-f7a6af95174b.flac,#fbd#af-aa#a-#e#-aa#-f#a#af#b.flac,voicemail,16000,1,2.5,FLAC,50914
train,1028,08e64633-ec70-4989-b701-e78bf874c245.flac,#e#-ec#-#-b#-e#bf#c#.flac,answering_machine,16000,1,2.4746875,FLAC,52472
train,1029,602ba36e05f96973d679441c.wav,#ba#e#f#d#c.wav,human,8000,1,6.223,WAV,49842
train,1030,12041b8f-f47a-4585-8172-b2412eb799a6.flac,#b#f-f#a-#-#-b#eb#a#.flac,answering_machine,16000,1,10.529,FLAC,223395
train,1031,0d444b21-0adb-4821-9068-6759b94f9226.flac,#d#b#-#adb-#-#-#b#f#.flac,voicemail,16000,1,12.7946875,FLAC,231145
train,1032,human_real_00154.wav,human_real_#.wav,human,16000,1,8.192,WAV,262188
train,1033,0fc80eb8-2426-4831-be48-9dab682fcc35.flac,#fc#eb#-#-#-be#-#dab#fcc#.flac,answering_machine,16000,1,5.973375,FLAC,119459
train,1034,026265ed-1021-4ca7-839d-b00e225ee238.flac,#ed-#-#ca#-#d-b#e#ee#.flac,ivr,16000,1,4.48,FLAC,93966
train,1035,ivr_00013.wav,ivr_#.wav,ivr,16000,1,9.744,WAV,311852
train,1036,18155de9-2d11-4b40-adf8-78bb26dbedbb.flac,#de#-#d#-#b#-adf#-#bb#dbedbb.flac,voicemail,16000,1,10.2710625,FLAC,228289
train,1037,ivr_00076.wav,ivr_#.wav,ivr,16000,1,8.376,WAV,268076
train,1038,carrier_fr_ivr_00119.wav,carrier_fr_ivr_#.wav,ivr,16000,1,10.0,WAV,320044
train,1039,human_real_00163.wav,human_real_#.wav,human,16000,1,3.498625,WAV,112000
train,1040,am_00314.wav,am_#.wav,answering_machine,16000,1,7.4613125,WAV,238806
train,1041,105d320e-29d2-4f08-a4a8-311de2852cd9.flac,#d#e-#d#-#f#-a#a#-#de#cd#.flac,answering_machine,16000,1,3.2906875,FLAC,64070
train,1042,am_00187.wav,am_#.wav,answering_machine,16000,1,10.0,WAV,320044
train,1043,de_am_00533.wav,de_am_#.wav,answering_machine,16000,1,9.9896875,WAV,319714
train,1044,complete_10213e3d-5604-4763-8144-3e52605a91a3_normalized.flac,complete_#e#d-#-#-#-#e#a#a#_normalized.flac,human,16000,1,9.816875,FLAC,173840
train,1045,0efce6a9-64e7-4848-b41c-eca459de3fa9.flac,#efce#a#-#e#-#-b#c-eca#de#fa#.flac,voicemail,16000,1,6.826625,FLAC,129854
train,1046,090c2dbb-2644-4403-a7f5-89968e3457d1.flac,#c#dbb-#-#-a#f#-#e#d#.flac,answering_machine,16000,1,9.721875,FLAC,193739
train,1047,010a0d0f-45e5-4a97-ba99-a9d6d9250aa0.flac,#a#d#f-#e#-#a#-ba#-a#d#d#aa#.flac,answering_machine,16000,1,4.308,FLAC,94389
train,1048,incomplete_f54e7c4f-d821-4bc8-999d-34a60bde4758_normalized.flac,incomplete_f#e#c#f-d#-#bc#-#d-#a#bde#_normalized.flac,human,16000,1,4.253375,FLAC,79299
train,1049,CA0bde529fb093b69d7b732442a63b03d5_0.wav,CA#bde#fb#b#d#b#a#b#d#_#.wav,human,8000,1,6.62,WAV,53018
train,1050,02db91c3-e943-4baf-aa08-48785c9781ca.flac,#db#c#-e#-#baf-aa#-#c#ca.flac,ivr,16000,1,9.4,FLAC,181454
train,1051,01497e1a-066c-4258-9b26-cd6c56c6dec3.flac,#e#a-#c-#-#b#-cd#c#c#dec#.flac,ivr,16000,1,12.2,FLAC,268011
train,1052,complete_ba8bcbd1-ec44-458f-971f-13d3893f7798_normalized.flac,complete_ba#bcbd#-ec#-#f-#f-#d#f#_normalized.flac,human,16000,1,3.735625,FLAC,85499
train,1053,1286a108-138d-4cae-8699-3f70ceb07c6f.flac,#a#-#d-#cae-#-#f#ceb#c#f.flac,voicemail,16000,1,12.08125,FLAC,247915
train,1054,ivr_00348.wav,ivr_#.wav,ivr,16000,1,9.864,WAV,315692
train,1055,am_00053.wav,am_#.wav,answering_machine,16000,1,6.8654375,WAV,219738
train,1056,156b28f0-e4d8-4113-833b-54112c10d777.flac,#b#f#-e#d#-#-#b-#c#d#.flac,voicemail,16000,1,11.8359375,FLAC,219119
train,1057,025aa3d2-ca04-4b53-a27b-31b166097fac.flac,#aa#d#-ca#-#b#-a#b-#b#fac.flac,ivr,16000,1,3.84,FLAC,82452
train,1058,incomplete_3a9ba4810c434ad99651c6e3a620de36.flac,incomplete_#a#ba#c#ad#c#e#a#de#.flac,human,16000,1,2.1395625,FLAC,33919
train,1059,0108290f-b3ed-4a91-b47b-31daa85c408e.flac,#f-b#ed-#a#-b#b-#daa#c#e.flac,ivr,16000,1,4.0,FLAC,80250
train,1060,07523ebb-ce2e-4cb4-8406-270066f71629.flac,#ebb-ce#e-#cb#-#-#f#.flac,answering_machine,16000,1,4.047,FLAC,66560
train,1061,08870aa8-6cb1-4988-9b94-974c54cbdaf5.flac,#aa#-#cb#-#-#b#-#c#cbdaf#.flac,voicemail,16000,1,16.0,FLAC,312421
train,1062,152fd53a-e271-4be3-8433-f84ea0516240.flac,#fd#a-e#-#be#-#-f#ea#.flac,answering_machine,16000,1,3.2475,FLAC,63757
train,1063,019d4ae7-f57d-4626-b622-3c984e6af0a0.flac,#d#ae#-f#d-#-b#-#c#e#af#a#.flac,ivr,16000,1,9.28,FLAC,200614
train,1064,complete_a020e1f2-b69d-4dbb-8a59-54e7c171439b_normalized.flac,complete_a#e#f#-b#d-#dbb-#a#-#e#c#b_normalized.flac,human,16000,1,5.44,FLAC,117385
train,1065,0b4a375b-576c-4d72-8a2a-51bcbf3459bb.flac,#b#a#b-#c-#d#-#a#a-#bcbf#bb.flac,voicemail,16000,1,7.924,FLAC,157202
train,1066,1a5c96b2-26c7-48d3-9ca5-beaa37e92d3e.flac,#a#c#b#-#c#-#d#-#ca#-beaa#e#d#e.flac,answering_machine,16000,1,1.4506875,FLAC,27127
train,1067,voicemail_00395.wav,voicemail_#.wav,voicemail,16000,1,10.0,WAV,320044
train,1068,00765a61-1144-4f75-b7a8-e04c90d292c0.flac,#a#-#-#f#-b#a#-e#c#d#c#.flac,answering_machine,16000,1,9.270125,FLAC,182610
train,1069,incomplete_7aa165fb-f99a-45d2-add1-f6d6243f08f0_normalized.flac,incomplete_#aa#fb-f#a-#d#-add#-f#d#f#f#_normalized.flac,human,16000,1,6.71825,FLAC,125363
train,1070,02fdd6bb-6f25-4ce6-9713-23ed75cf3dc4.flac,#fdd#bb-#f#-#ce#-#-#ed#cf#dc#.flac,ivr,16000,1,8.56,FLAC,176602
train,1071,es_human_real_00254.wav,es_human_real_#.wav,human,16000,1,5.888,WAV,188460
train,1072,00255cc5-2cbc-4574-8266-945f4828b89c.flac,#cc#-#cbc-#-#-#f#b#c.flac,voicemail,16000,1,12.8005625,FLAC,239818
train,1073,12b8aab8-165a-4a73-b2af-a9dd2d8240c8.flac,#b#aab#-#a-#a#-b#af-a#dd#d#c#.flac,answering_machine,16000,1,3.157375,FLAC,58256
train,1074,0b4cfb28-42b0-4f88-ba88-14044772b719.flac,#b#cfb#-#b#-#f#-ba#-#b#.flac,voicemail,16000,1,11.3065625,FLAC,253551
train,1075,fr_human_real_00037.wav,fr_human_real_#.wav,human,16000,1,3.925375,WAV,125656
train,1076,am_00209.wav,am_#.wav,answering_machine,16000,1,10.0,WAV,320044
train,1077,0182a40d-50dd-449e-9791-cdefad17154a.flac,#a#d-#dd-#e-#-cdefad#a.flac,ivr,16000,1,6.2,FLAC,115303
train,1078,incomplete_d404163f-1ace-4405-989a-c5c80c6622d6_normalized.flac,incomplete_d#f-#ace-#-#a-c#c#c#d#_normalized.flac,human,16000,1,6.3175,FLAC,133889
train,1079,0231c1eb-1723-48d9-ace5-8c589d5edbbe.flac,#c#eb-#-#d#-ace#-#c#d#edbbe.flac,ivr,16000,1,8.0,FLAC,162632
train,1080,60268b71c7abb7f8321388e6.wav,#b#c#abb#f#e#.wav,human,8000,1,16.718375,WAV,133806
train,1081,166f9d52-47ba-4299-b1bf-3d9b43562ed8.flac,#f#d#-#ba-#-b#bf-#d#b#ed#.flac,voicemail,16000,1,9.7325625,FLAC,164483
train,1082,carrier_fr_human_00008.wav,carrier_fr_human_#.wav,human,16000,1,1.224,WAV,39212
train,1083,11748f82-64ab-4209-8afc-91ac9f09e8a7.flac,#f#-#ab-#-#afc-#ac#f#e#a#.flac,voicemail,16000,1,10.218375,FLAC,190376
train,1084,027c97a3-afed-4d57-bc51-afdc9bb13794.flac,#c#a#-afed-#d#-bc#-afdc#bb#.flac,ivr,16000,1,6.88,FLAC,137854
train,1085,1bc7a62e-0de6-43ab-9f69-dfd8ff349779.flac,#bc#a#e-#de#-#ab-#f#-dfd#ff#.flac,answering_machine,16000,1,7.092,FLAC,148982
train,1086,human_real_00116.wav,human_real_#.wav,human,16000,1,4.352,WAV,139308
train,1087,133a0b17-708b-4765-a110-1f11dd3dbd0f.flac,#a#b#-#b-#-a#-#f#dd#dbd#f.flac,voicemail,16000,1,10.4220625,FLAC,202137
train,1088,es_human_real_00261.wav,es_human_real_#.wav,human,16000,1,10.0,WAV,320044
train,1089,02c3dde7-4385-4633-b6a1-d7caa46e977a.flac,#c#dde#-#-#-b#a#-d#caa#e#a.flac,ivr,16000,1,5.8,FLAC,122900
train,1090,fr_ivr_00175.wav,fr_ivr_#.wav,ivr,16000,1,10.0,WAV,320044
train,1091,063e32d4-463a-4ad8-a009-b2d976139875.flac,#e#d#-#a-#ad#-a#-b#d#.flac,voicemail,16000,1,5.4873125,FLAC,88579
train,1092,voicemail_00242.wav,voicemail_#.wav,voicemail,16000,1,9.3675625,WAV,299806
train,1093,00a5ca28-1df4-4c7c-81af-13fb49472f38.flac,#a#ca#-#df#-#c#c-#af-#fb#f#.flac,ivr,16000,1,2.64,FLAC,55542
train,1094,10250849-3d9f-4f23-badf-68eb0c300eb6.flac,#-#d#f-#f#-badf-#eb#c#eb#.flac,voicemail,16000,1,3.2043125,FLAC,71632
train,1095,04187934-f05d-4f02-9d9f-7aff4d3684a7.flac,#-f#d-#f#-#d#f-#aff#d#a#.flac,answering_machine,16000,1,11.53725,FLAC,215635
train,1096,02b3ab13-83cc-4305-97f0-e3ba639f6181.flac,#b#ab#-#cc-#-#f#-e#ba#f#.flac,voicemail,16000,1,4.18075,FLAC,92142
train,1097,response_17.wav,response_#.wav,human,8000,1,9.813375,WAV,78566
train,1098,carrier_fr_ivr_00112.wav,carrier_fr_ivr_#.wav,ivr,16000,1,10.0,WAV,320044
train,1099,0189fef1-37a5-454b-8a76-c572730086f6.flac,#fef#-#a#-#b-#a#-c#f#.flac,ivr,16000,1,14.56,FLAC,316543
train,1100,11d811c6-000c-498d-aa48-fc974798b762.flac,#d#c#-#c-#d-aa#-fc#b#.flac,answering_machine,16000,1,2.71975,FLAC,44957
train,1101,carrier_en_answering_machine_00496.wav,carrier_en_answering_machine_#.wav,answering_machine,16000,1,8.6094375,WAV,275546
train,1102,es_human_real_00280.wav,es_human_real_#.wav,human,16000,1,9.216,WAV,294956
train,1103,0f3d6c92-1ffb-4bc4-bc94-6570e58c4016.flac,#f#d#c#-#ffb-#bc#-bc#-#e#c#.flac,voicemail,16000,1,9.353625,FLAC,195484
train,1104,0eaea0a0-ab42-4712-9491-39afae891e2c.flac,#eaea#a#-ab#-#-#-#afae#e#c.flac,answering_machine,16000,1,4.507625,FLAC,76613
train,1105,ivr_00256.wav,ivr_#.wav,ivr,16000,1,10.0,WAV,320044
train,1106,0caf0cf2-6a12-4629-a2b6-b9770147f039.flac,#caf#cf#-#a#-#-a#b#-b#f#.flac,answering_machine,16000,1,3.396,FLAC,72674
train,1107,0a7d8b07-beff-435b-90a2-822aee1871d0.flac,#a#d#b#-beff-#b-#a#-#aee#d#.flac,voicemail,16000,1,13.89525,FLAC,294209
train,1108,human_real_00138.wav,human_real_#.wav,human,16000,1,8.96,WAV,286764
train,1109,0b82a3ba-3805-47f5-b241-a67e181be170.flac,#b#a#ba-#-#f#-b#-a#e#be#.flac,voicemail,16000,1,7.62775,FLAC,156320
train,1110,carrier_es_ivr_00248.wav,carrier_es_ivr_#.wav,ivr,16000,1,10.0,WAV,320044
train,1111,incomplete_1a7549a2-8c3b-4b73-93b8-1749241d6f2f_normalized.flac,incomplete_#a#a#-#c#b-#b#-#b#-#d#f#f_normalized.flac,human,16000,1,3.814125,FLAC,82544
train,1112,incomplete_abafaf47-0132-4788-b122-5cc132bde0df_normalized.flac,incomplete_abafaf#-#-#-b#-#cc#bde#df_normalized.flac,human,16000,1,3.707375,FLAC,68953
train,1113,carrier_en_ivr_00487.wav,carrier_en_ivr_#.wav,ivr,16000,1,10.0,WAV,320044
train,1114,es_human_real_00293.wav,es_human_real_#.wav,human,16000,1,10.0,WAV,320044
train,1115,CAe0261ae8f93b407c29359652ee68047e_0.wav,CAe#ae#f#b#c#ee#e_#.wav,human,8000,1,10.68,WAV,85498
train,1116,0011c6e8-f2fc-4d83-96a3-dd258a3a2872.flac,#c#e#-f#fc-#d#-#a#-dd#a#a#.flac,voicemail,16000,1,3.62,FLAC,75037
train,1117,0f8568f7-0181-4baa-873e-ad96165a1f4d.flac,#f#f#-#-#baa-#e-ad#a#f#d.flac,answering_machine,16000,1,5.732,FLAC,120365
train,1118,00405df5-f4c4-4d62-b6fb-190eabf764d7.flac,#df#-f#c#-#d#-b#fb-#eabf#d#.flac,answering_machine,16000,1,2.516,FLAC,54917
train,1119,complete_f6ba3b52-0e93-467e-aeaa-2a26d4ec498e_normalized.flac,complete_f#ba#b#-#e#-#e-aeaa-#a#d#ec#e_normalized.flac,human,16000,1,2.398375,FLAC,50790
train,1120,01e4b2bf-8b5e-471b-8148-f9c9df085726.flac,#e#b#bf-#b#e-#b-#-f#c#df#.flac,ivr,16000,1,9.16,FLAC,174080
train,1121,13e93146-9baf-407f-b01c-748f087d87ea.flac,#e#-#baf-#f-b#c-#f#d#ea.flac,answering_machine,16000,1,3.413375,FLAC,82762
train,1122,02f73b66-b428-448e-b43c-4eb1e65fb3a3.flac,#f#b#-b#-#e-b#c-#eb#e#fb#a#.flac,ivr,16000,1,5.48,FLAC,103456
train,1123,es_ivr_00357.wav,es_ivr_#.wav,ivr,16000,1,10.0,WAV,320044
train,1124,1b644705-8296-4ed4-84bc-31e0d7bafe74.flac,#b#-#-#ed#-#bc-#e#d#bafe#.flac,answering_machine,16000,1,13.8215,FLAC,268854
train,1125,incomplete_ecf19e3c-dc13-416b-98fd-d86ee52d6238_normalized.flac,incomplete_ecf#e#c-dc#-#b-#fd-d#ee#d#_normalized.flac,human,16000,1,5.1375,FLAC,109181
train,1126,0295695f-dc27-40b7-b608-b4559538a6a5.flac,#f-dc#-#b#-b#-b#a#a#.flac,answering_machine,16000,1,8.575,FLAC,190766
train,1127,es_human_tts_00296.wav,es_human_tts_#.wav,human,16000,1,3.576,WAV,114476
train,1128,ivr_00394.wav,ivr_#.wav,ivr,16000,1,10.0,WAV,320044
train,1129,1a559d82-f029-410b-ac08-ca4eaf440d3b.flac,#a#d#-f#-#b-ac#-ca#eaf#d#b.flac,voicemail,16000,1,5.457625,FLAC,94631
train,1130,009c9a4d-f60b-4527-bf9b-8e425b90d10b.flac,#c#a#d-f#b-#-bf#b-#e#b#d#b.flac,ivr,16000,1,10.52,FLAC,203142
train,1131,ivr_00251.wav,ivr_#.wav,ivr,16000,1,9.312,WAV,298028
train,1132,voicemail_00258.wav,voicemail_#.wav,voicemail,16000,1,10.0,WAV,320044
train,1133,0c0368ba-e228-4dc0-b93a-e7544cd9305f.flac,#c#ba-e#-#dc#-b#a-e#cd#f.flac,voicemail,16000,1,9.7373125,FLAC,179813
train,1134,voicemail_00313.wav,voicemail_#.wav,voicemail,16000,1,9.6974375,WAV,310362
train,1135,0939ad13-6b5c-403e-9ede-31923cfdca71.flac,#ad#-#b#c-#e-#ede-#cfdca#.flac,answering_machine,16000,1,13.3066875,FLAC,248090
train,1136,voicemail_00082.wav,voicemail_#.wav,voicemail,16000,1,10.0,WAV,320044
train,1137,00b2b8c4-2ead-4bd5-9f43-294269bf4429.flac,#b#b#c#-#ead-#bd#-#f#-#bf#.flac,answering_machine,16000,1,14.1774375,FLAC,280407
train,1138,131dd084-a2c8-4882-be17-7d27bc21dbdd.flac,#dd#-a#c#-#-be#-#d#bc#dbdd.flac,voicemail,16000,1,8.942625,FLAC,202631
train,1139,155a5644-d7e9-47ce-b452-df4256405e94.flac,#a#-d#e#-#ce-b#-df#e#.flac,voicemail,16000,1,7.674,FLAC,160748
train,1140,056deb9a-cff7-43a9-97bf-b6cebce48775.flac,#deb#a-cff#-#a#-#bf-b#cebce#.flac,voicemail,16000,1,2.676,FLAC,60432
train,1141,am_00124.wav,am_#.wav,answering_machine,16000,1,9.851,WAV,315276
train,1142,02da64cd-3f28-41f0-a11d-f478c3b986fc.flac,#da#cd-#f#-#f#-a#d-f#c#b#fc.flac,ivr,16000,1,5.64,FLAC,109352
train,1143,1a294867-7935-4674-95e5-d79581b162f5.flac,#a#-#-#-#e#-d#b#f#.flac,voicemail,16000,1,4.4063125,FLAC,72898
train,1144,incomplete_24b05696-c5c2-41a2-ac5b-7c521aaaa853_normalized.flac,incomplete_#b#-c#c#-#a#-ac#b-#c#aaaa#_normalized.flac,human,16000,1,6.544125,FLAC,130060
train,1145,18a7d351-89e3-4387-b9dc-ef713902d3de.flac,#a#d#-#e#-#-b#dc-ef#d#de.flac,answering_machine,16000,1,9.6168125,FLAC,183044
train,1146,022e5065-10f5-4921-84cc-f936d0c0dbf9.flac,#e#-#f#-#-#cc-f#d#c#dbf#.flac,answering_machine,16000,1,16.0,FLAC,305426
train,1147,incomplete_30903f83-a68f-488f-8cad-4385f84255e9_normalized.flac,incomplete_#f#-a#f-#f-#cad-#f#e#_normalized.flac,human,16000,1,2.80125,FLAC,54622
train,1148,11007fdd-2f20-4af1-9140-0e804e310bf7.flac,#fdd-#f#-#af#-#-#e#e#bf#.flac,answering_machine,16000,1,12.2914375,FLAC,249399
train,1149,complete_390c93b7-51d5-44a7-b795-e6bc4ba284ba_normalized.flac,complete_#c#b#-#d#-#a#-b#-e#bc#ba#ba_normalized.flac,human,16000,1,1.97925,FLAC,45477
train,1150,complete_cecdad34-24b0-4f0e-817e-bb6bd115e45b_normalized.flac,complete_cecdad#-#b#-#f#e-#e-bb#bd#e#b_normalized.flac,human,16000,1,2.998875,FLAC,59891
train,1151,response_42.wav,response_#.wav,human,8000,1,6.314625,WAV,50576
train,1152,10ab1308-90aa-424e-83cc-3063be48783b.flac,#ab#-#aa-#e-#cc-#be#b.flac,answering_machine,16000,1,15.507875,FLAC,286777
train,1153,07882226-4898-4bb1-b1d3-bce6a2c4c0aa.flac,#-#-#bb#-b#d#-bce#a#c#c#aa.flac,answering_machine,16000,1,6.0586875,FLAC,129502
train,1154,am_00336.wav,am_#.wav,answering_machine,16000,1,9.8514375,WAV,315290
train,1155,voicemail_00117.wav,voicemail_#.wav,voicemail,16000,1,8.59625,WAV,275124
train,1156,069d3dca-4cd1-4550-8187-39159e4eec90.flac,#d#dca-#cd#-#-#-#e#eec#.flac,voicemail,16000,1,9.800625,FLAC,209802
train,1157,complete_e5e134ab-6381-4914-8ae6-5bd23b8aaad5_normalized.flac,complete_e#e#ab-#-#-#ae#-#bd#b#aaad#_normalized.flac,human,16000,1,3.089625,FLAC,60084
train,1158,0ec99b58-0f3c-475e-887d-fee44219ee47.flac,#ec#b#-#f#c-#e-#d-fee#ee#.flac,answering_machine,16000,1,15.0041875,FLAC,304422
train,1159,033f8fde-c7e1-4470-895a-7120dbb09afd.flac,#f#fde-c#e#-#-#a-#dbb#afd.flac,ivr,16000,1,10.2,FLAC,169462
train,1160,0080194d-f067-4c31-9f97-4b1c8feb5b76.flac,#d-f#-#c#-#f#-#b#c#feb#b#.flac,voicemail,16000,1,4.30575,FLAC,58793
train,1161,60268faec7abb7f832138d0e.wav,#faec#abb#f#d#e.wav,human,8000,1,6.058625,WAV,48528
train,1162,1dd38f62-4b03-471d-93fd-23102a25ea2b.flac,#dd#f#-#b#-#d-#fd-#a#ea#b.flac,voicemail,16000,1,12.259875,FLAC,218496
train,1163,0effb9ed-602c-41e5-8676-2bea4a0395c9.flac,#effb#ed-#c-#e#-#-#bea#a#c#.flac,answering_machine,16000,1,4.608,FLAC,99208
train,1164,01bc62c1-43f9-494d-aded-21b7042e4c9f.flac,#bc#c#-#f#-#d-aded-#b#e#c#f.flac,ivr,16000,1,8.64,FLAC,167637
train,1165,05b6ae07-8bed-4682-9bcf-088450bc801c.flac,#b#ae#-#bed-#-#bcf-#bc#c.flac,answering_machine,16000,1,10.100625,FLAC,207995
train,1166,183989a0-ec1a-419e-a92a-b6dd0e8450ee.flac,#a#-ec#a-#e-a#a-b#dd#e#ee.flac,answering_machine,16000,1,12.9453125,FLAC,289955
train,1167,voicemail_00178.wav,voicemail_#.wav,voicemail,16000,1,10.0,WAV,320044
train,1168,carrier_fr_voicemail_00049.wav,carrier_fr_voicemail_#.wav,voicemail,16000,1,10.0,WAV,320044
train,1169,00b52ebd-c0d1-4264-8426-22a12fda5d7b.flac,#b#ebd-c#d#-#-#-#a#fda#d#b.flac,ivr,16000,1,6.88,FLAC,155362
train,1170,07993b5d-d111-4ede-92a1-e467aaf459e5.flac,#b#d-d#-#ede-#a#-e#aaf#e#.flac,answering_machine,16000,1,3.41425,FLAC,49117
train,1171,carrier_es_voicemail_00218.wav,carrier_es_voicemail_#.wav,voicemail,16000,1,10.0,WAV,320044
train,1172,incomplete_b28766f7-24c0-460f-9c5e-741993483bec_normalized.flac,incomplete_b#f#-#c#-#f-#c#e-#bec_normalized.flac,human,16000,1,8.67,FLAC,168294
train,1173,00cc58ef-f037-4328-8bdc-7292ed8f95f7.flac,#cc#ef-f#-#-#bdc-#ed#f#f#.flac,ivr,16000,1,13.04,FLAC,287277
train,1174,020114e8-7685-439f-8c62-a1765effd8e9.flac,#e#-#-#f-#c#-a#effd#e#.flac,ivr,16000,1,5.08,FLAC,105184
train,1175,carrier_en_answering_machine_00494.wav,carrier_en_answering_machine_#.wav,answering_machine,16000,1,9.3628125,WAV,299654
train,1176,01922c70-91c1-4312-a1cb-b8c652600fb5.flac,#c#-#c#-#-a#cb-b#c#fb#.flac,ivr,16000,1,7.32,FLAC,144781
train,1177,incomplete_c09d1e25-f17b-4061-85df-b42237585bcb_normalized.flac,incomplete_c#d#e#-f#b-#-#df-b#bcb_normalized.flac,human,16000,1,8.956875,FLAC,171215
train,1178,001fe357-c69c-4332-9044-4db1756757e7.flac,#fe#-c#c-#-#-#db#e#.flac,ivr,16000,1,5.96,FLAC,118293
train,1179,11a8cab6-38fa-4547-a22f-3d3017a9c41e.flac,#a#cab#-#fa-#-a#f-#d#a#c#e.flac,voicemail,16000,1,10.513125,FLAC,218149
train,1180,02ecd313-7013-441f-bc30-c52a5a172e68.flac,#ecd#-#-#f-bc#-c#a#a#e#.flac,ivr,16000,1,7.6,FLAC,158697
train,1181,035430e2-6b47-4222-8d5c-06fd878910d6.flac,#e#-#b#-#-#d#c-#fd#d#.flac,ivr,16000,1,7.32,FLAC,157754
train,1182,response_44.wav,response_#.wav,human,8000,1,4.096,WAV,32826
train,1183,incomplete_393dfca6-328e-4b75-aabb-1f0dfa754ed1_normalized.flac,incomplete_#dfca#-#e-#b#-aabb-#f#dfa#ed#_normalized.flac,human,16000,1,4.78325,FLAC,100875
train,1184,6026668ec7abb7f8321384d9.wav,#ec#abb#f#d#.wav,human,8000,1,9.557375,WAV,76518
train,1185,147b20c0-eb6a-4a4c-b3af-da10919cbb23.flac,#b#c#-eb#a-#a#c-b#af-da#cbb#.flac,answering_machine,16000,1,2.976,FLAC,61300
train,1186,00a29fd6-fb0f-417f-8e28-9e9cea0e04a3.flac,#a#fd#-fb#f-#f-#e#-#e#cea#e#a#.flac,ivr,16000,1,6.68,FLAC,144680
train,1187,0098afc5-8411-4d4e-8242-4ba69139377c.flac,#afc#-#-#d#e-#-#ba#c.flac,ivr,16000,1,5.08,FLAC,102791
train,1188,incomplete_624696e6-d6c9-453a-a830-5be682da11f4_normalized.flac,incomplete_#e#-d#c#-#a-a#-#be#da#f#_normalized.flac,human,16000,1,3.909375,FLAC,85669
train,1189,complete_f571e360-5b0e-448f-a0c0-080613c0c4e6_normalized.flac,complete_f#e#-#b#e-#f-a#c#-#c#c#e#_normalized.flac,human,16000,1,4.48125,FLAC,89911
train,1190,13c0f7cb-b875-4a72-a5a2-710015a526b7.flac,#c#f#cb-b#-#a#-a#a#-#a#b#.flac,answering_machine,16000,1,14.3916875,FLAC,292713
train,1191,176c8762-96e4-48ec-b092-ee4ff9667938.flac,#c#-#e#-#ec-b#-ee#ff#.flac,answering_machine,16000,1,4.728875,FLAC,87987
train,1192,voicemail_00137.wav,voicemail_#.wav,voicemail,16000,1,9.691625,WAV,310176
train,1193,18d6cd1d-15ff-48ca-b0ab-ed250875d5cb.flac,#d#cd#d-#ff-#ca-b#ab-ed#d#cb.flac,voicemail,16000,1,6.3274375,FLAC,111424
train,1194,incomplete_2399d846-d258-4a25-81b7-12cf10ec45a3_normalized.flac,incomplete_#d#-d#-#a#-#b#-#cf#ec#a#_normalized.flac,human,16000,1,4.8106875,FLAC,103119
train,1195,carrier_fr_human_00018.wav,carrier_fr_human_#.wav,human,16000,1,3.696,WAV,118316
train,1196,voicemail_00360.wav,voicemail_#.wav,voicemail,16000,1,10.0,WAV,320044
train,1197,0a90e5ec-47c7-4ce7-8d69-2ccb926ee73e.flac,#a#e#ec-#c#-#ce#-#d#-#ccb#ee#e.flac,voicemail,16000,1,3.6925,FLAC,48783
train,1198,carrier_en_human_00408.wav,carrier_en_human_#.wav,human,16000,1,1.776,WAV,56876
train,1199,fr_ivr_00189.wav,fr_ivr_#.wav,ivr,16000,1,8.496,WAV,271916
train,1200,160c7638-6cea-4c58-9590-d9ee8beaa9e8.flac,#c#-#cea-#c#-#-d#ee#beaa#e#.flac,answering_machine,16000,1,8.789375,FLAC,183865
train,1201,01d216a9-e6b2-477b-88c2-1ff9152230d1.flac,#d#a#-e#b#-#b-#c#-#ff#d#.flac,ivr,16000,1,7.88,FLAC,148420
train,1202,130196fd-00fc-4c5d-9f23-2a472672caea.flac,#fd-#fc-#c#d-#f#-#a#caea.flac,voicemail,16000,1,12.0785,FLAC,251519
train,1203,complete_43b53e5a-e240-4e20-9b34-128eb055427a_normalized.flac,complete_#b#e#a-e#-#e#-#b#-#eb#a_normalized.flac,human,16000,1,3.613125,FLAC,69853
train,1204,fr_ivr_00198.wav,fr_ivr_#.wav,ivr,16000,1,7.68,WAV,245804
train,1205,human_real_00082.wav,human_real_#.wav,human,16000,1,3.242625,WAV,103808
train,1206,complete_86e25dad-f751-419f-aec9-7a3eb1327e0b_normalized.flac,complete_#e#dad-f#-#f-aec#-#a#eb#e#b_normalized.flac,human,16000,1,3.30125,FLAC,68594
train,1207,incomplete_5e562b48-c334-44ed-9ed9-d5d020fe99dd_normalized.flac,incomplete_#e#b#-c#-#ed-#ed#-d#d#fe#dd_normalized.flac,human,16000,1,5.838875,FLAC,113257
train,1208,ivr_00067.wav,ivr_#.wav,ivr,16000,1,9.192,WAV,294188
train,1209,fr_am_00217.wav,fr_am_#.wav,answering_machine,16000,1,7.7735625,WAV,248798
train,1210,response_13.wav,response_#.wav,human,8000,1,8.362625,WAV,66960
train,1211,de_human_real_00398.wav,de_human_real_#.wav,human,16000,1,5.387,WAV,172428
train,1212,11985de5-7e0b-4ed7-a0ee-76f731b73568.flac,#de#-#e#b-#ed#-a#ee-#f#b#.flac,voicemail,16000,1,10.637375,FLAC,203712
train,1213,169d4b35-f916-46b2-bd42-05a5e255efa5.flac,#d#b#-f#-#b#-bd#-#a#e#efa#.flac,voicemail,16000,1,13.441125,FLAC,258939
train,1214,1b755ac3-5d24-4ca0-9fd6-2e8fe4408b28.flac,#b#ac#-#d#-#ca#-#fd#-#e#fe#b#.flac,answering_machine,16000,1,12.6903125,FLAC,248051
train,1215,0efd97ff-ccf7-423e-836d-2019b16c7815.flac,#efd#ff-ccf#-#e-#d-#b#c#.flac,answering_machine,16000,1,12.2931875,FLAC,248348
train,1216,ivr_00372.wav,ivr_#.wav,ivr,16000,1,9.864,WAV,315692
train,1217,am_00269.wav,am_#.wav,answering_machine,16000,1,9.8461875,WAV,315122
train,1218,110c0484-2d3d-412e-99f1-8d31008bb525.flac,#c#-#d#d-#e-#f#-#d#bb#.flac,voicemail,16000,1,10.2348125,FLAC,197053
train,1219,1d2509d9-f16c-454c-a6d8-84d5ddc16a1d.flac,#d#d#-f#c-#c-a#d#-#d#ddc#a#d.flac,voicemail,16000,1,3.4675625,FLAC,56245
train,1220,response_4.wav,response_#.wav,human,8000,1,8.789375,WAV,70374
train,1221,098d2a0c-ca93-4678-a0d4-689418ecbb55.flac,#d#a#c-ca#-#-a#d#-#ecbb#.flac,answering_machine,16000,1,3.4370625,FLAC,65753
train,1222,CAa926ca8a1dc7faedec0d0652173b6116_0.wav,CAa#ca#a#dc#faedec#d#b#_#.wav,human,8000,1,22.88,WAV,183098
train,1223,02423ea2-473b-4d68-8b41-b57930ae07d3.flac,#ea#-#b-#d#-#b#-b#ae#d#.flac,ivr,16000,1,13.16,FLAC,281295
train,1224,fr_human_real_00052.wav,fr_human_real_#.wav,human,16000,1,7.509375,WAV,240344
train,1225,ivr_00245.wav,ivr_#.wav,ivr,16000,1,10.0,WAV,320044
train,1226,036e39be-9807-4f88-a959-8ce4634debfa.flac,#e#be-#-#f#-a#-#ce#debfa.flac,ivr,16000,1,6.32,FLAC,120676
train,1227,voicemail_00197.wav,voicemail_#.wav,voicemail,16000,1,10.0,WAV,320044
train,1228,carrier_en_ivr_00475.wav,carrier_en_ivr_#.wav,ivr,16000,1,10.0,WAV,320044
train,1229,human_tts_00138.wav,human_tts_#.wav,human,16000,1,1.656,WAV,53036
train,1230,carrier_de_answering_machine_00371.wav,carrier_de_answering_machine_#.wav,answering_machine,16000,1,9.7256875,WAV,311266
train,1231,00c2858c-a697-460f-ac0e-9c588a90c557.flac,#c#c-a#-#f-ac#e-#c#a#c#.flac,voicemail,16000,1,12.8636875,FLAC,279616
train,1232,incomplete_c1046aaa-76dc-4437-b141-db79b9fc48b2_normalized.flac,incomplete_c#aaa-#dc-#-b#-db#b#fc#b#_normalized.flac,human,16000,1,5.125625,FLAC,89630
train,1233,ivr_00115.wav,ivr_#.wav,ivr,16000,1,10.0,WAV,320044
train,1234,1bf2bc78-df69-4368-ade2-ebed482bfe2f.flac,#bf#bc#-df#-#-ade#-ebed#bfe#f.flac,voicemail,16000,1,8.8040625,FLAC,155622
train,1235,1c7d0646-b516-44fc-842d-663257e8c823.flac,#c#d#-b#-#fc-#d-#e#c#.flac,voicemail,16000,1,6.1996875,FLAC,128131
train,1236,incomplete_f7101eff-299f-448c-a08a-16a048f0f703_normalized.flac,incomplete_f#eff-#f-#c-a#a-#a#f#f#_normalized.flac,human,16000,1,3.44625,FLAC,64504
train,1237,01c407ca-d2a9-433e-a776-c269a240c71e.flac,#c#ca-d#a#-#e-a#-c#a#c#e.flac,ivr,16000,1,5.48,FLAC,115407
train,1238,0ae38b34-b96b-4387-8500-02bb584b5e47.flac,#ae#b#-b#b-#-#-#bb#b#e#.flac,voicemail,16000,1,3.77375,FLAC,78603
train,1239,053da30f-2575-48b1-96b8-0cf09b9ee9f4.flac,#da#f-#-#b#-#b#-#cf#b#ee#f#.flac,answering_machine,16000,1,3.865,FLAC,81835
train,1240,0ea16960-c007-4013-94d9-960e3e9f8901.flac,#ea#-c#-#-#d#-#e#e#f#.flac,answering_machine,16000,1,15.0664375,FLAC,341094
train,1241,17608940-7a58-4711-9ba0-a18fe6174bd1.flac,#-#a#-#-#ba#-a#fe#bd#.flac,voicemail,16000,1,5.5495625,FLAC,90272
train,1242,de_voicemail_00486.wav,de_voicemail_#.wav,voicemail,16000,1,8.4651875,WAV,270930
train,1243,02803c03-6c72-49b2-b740-7c56faf2d006.flac,#c#-#c#-#b#-b#-#c#faf#d#.flac,ivr,16000,1,7.24,FLAC,163629
train,1244,0244cf8d-fd26-4e27-a23e-d979455c954b.flac,#cf#d-fd#-#e#-a#e-d#c#b.flac,ivr,16000,1,13.84,FLAC,283159
train,1245,12a0e3e4-01d3-4c36-b1e9-6f17480a32f6.flac,#a#e#e#-#d#-#c#-b#e#-#f#a#f#.flac,answering_machine,16000,1,7.86,FLAC,169693
train,1246,032a52a8-fdc8-4813-81fe-06450cc17abe.flac,#a#a#-fdc#-#-#fe-#cc#abe.flac,ivr,16000,1,6.4,FLAC,143202
train,1247,ivr_00264.wav,ivr_#.wav,ivr,16000,1,9.0,WAV,288044
train,1248,0a0c65d5-3242-46db-a5cf-4cb2b466cae5.flac,#a#c#d#-#-#db-a#cf-#cb#b#cae#.flac,answering_machine,16000,1,15.254625,FLAC,256980
train,1249,181f5b92-de50-4a61-a39e-1a7998b03c53.flac,#f#b#-de#-#a#-a#e-#a#b#c#.flac,answering_machine,16000,1,1.877375,FLAC,38688
train,1250,099255fc-0b71-45c6-ad78-0da16fc5f2ac.flac,#fc-#b#-#c#-ad#-#da#fc#f#ac.flac,voicemail,16000,1,14.9673125,FLAC,297564
train,1251,02b3e685-2758-4411-8b8a-e3927517e6a1.flac,#b#e#-#-#-#b#a-e#e#a#.flac,ivr,16000,1,6.88,FLAC,130003
train,1252,response_11.wav,response_#.wav,human,8000,1,13.5605,WAV,108542
train,1253,am_00383.wav,am_#.wav,answering_machine,16000,1,9.5396875,WAV,305314
train,1254,00ee4773-21de-4795-b8b6-b5ddf02776de.flac,#ee#-#de-#-b#b#-b#ddf#de.flac,ivr,16000,1,13.08,FLAC,265281
train,1255,10116c89-91cf-4219-8040-09250ccb00ac.flac,#c#-#cf-#-#-#ccb#ac.flac,voicemail,16000,1,3.156,FLAC,63917
train,1256,human_tts_00124.wav,human_tts_#.wav,human,16000,1,2.016,WAV,64556
train,1257,17bd00fc-a2af-42bc-8b97-4c57dd234b14.flac,#bd#fc-a#af-#bc-#b#-#c#dd#b#.flac,voicemail,16000,1,4.2763125,FLAC,74193
train,1258,de_voicemail_00478.wav,de_voicemail_#.wav,voicemail,16000,1,8.8623125,WAV,283638
train,1259,ivr_00142.wav,ivr_#.wav,ivr,16000,1,9.96,WAV,318764
train,1260,fr_human_real_00020.wav,fr_human_real_#.wav,human,16000,1,4.522625,WAV,144768
train,1261,ivr_00299.wav,ivr_#.wav,ivr,16000,1,9.264,WAV,296492
train,1262,voicemail_00044.wav,voicemail_#.wav,voicemail,16000,1,10.0,WAV,320044
train,1263,complete_df0f5523-f13b-4067-a593-972d64227eae_normalized.flac,complete_df#f#-f#b-#-a#-#d#eae_normalized.flac,human,16000,1,5.31,FLAC,96176
train,1264,0f4d5ed0-d60d-4154-af88-424e17d45eb1.flac,#f#d#ed#-d#d-#-af#-#e#d#eb#.flac,voicemail,16000,1,12.06,FLAC,245964
train,1265,0cefa067-d7b2-4598-b0de-7119278105e7.flac,#cefa#-d#b#-#-b#de-#e#.flac,answering_machine,16000,1,10.72825,FLAC,225640
train,1266,am_00070.wav,am_#.wav,answering_machine,16000,1,10.0,WAV,320044
train,1267,am_00031.wav,am_#.wav,answering_machine,16000,1,10.0,WAV,320044
train,1268,17dc020d-a475-4dd4-8103-66cc583f6896.flac,#dc#d-a#-#dd#-#-#cc#f#.flac,answering_machine,16000,1,10.31225,FLAC,174703
train,1269,01670839-810e-45db-b770-64208c683eb9.flac,#-#e-#db-b#-#c#eb#.flac,ivr,16000,1,5.4,FLAC,97147
train,1270,1cde5462-b093-4a8b-baf5-56dd05272142.flac,#cde#-b#-#a#b-baf#-#dd#.flac,answering_machine,16000,1,3.4295,FLAC,67707
train,1271,incomplete_d093cabc-08d8-4cf9-ae63-9d0b1f49b006_normalized.flac,incomplete_d#cabc-#d#-#cf#-ae#-#d#b#f#b#_normalized.flac,human,16000,1,4.33125,FLAC,88124
train,1272,16de0f5a-82be-4bf7-a2db-57bc680fb39c.flac,#de#f#a-#be-#bf#-a#db-#bc#fb#c.flac,answering_machine,16000,1,7.5763125,FLAC,154082
train,1273,036adcb5-4545-4232-935f-6097f4cb08da.flac,#adcb#-#-#-#f-#f#cb#da.flac,ivr,16000,1,5.92,FLAC,123494
train,1274,complete_8634b6ad-9578-4d92-a9aa-079409f80184_normalized.flac,complete_#b#ad-#-#d#-a#aa-#f#_normalized.flac,human,16000,1,1.81475,FLAC,34722
train,1275,1ce5c55f-d390-461f-a79f-793cff51eca9.flac,#ce#c#f-d#-#f-a#f-#cff#eca#.flac,answering_machine,16000,1,2.8629375,FLAC,46286
train,1276,ivr_00344.wav,ivr_#.wav,ivr,16000,1,10.0,WAV,320044
train,1277,18c6f7ec-c7ff-4585-bb99-f4297b68b48c.flac,#c#f#ec-c#ff-#-bb#-f#b#b#c.flac,voicemail,16000,1,4.271375,FLAC,77667
train,1278,01f0c959-6881-470f-9955-0ba5f9a35c95.flac,#f#c#-#-#f-#-#ba#f#a#c#.flac,ivr,16000,1,7.0,FLAC,153811
train,1279,60265fa1dc3604f481bcb326.wav,#fa#dc#f#bcb#.wav,human,8000,1,7.424,WAV,59450
train,1280,0dea8fe1-5935-4609-a91b-22420eab597e.flac,#dea#fe#-#-#-a#b-#eab#e.flac,answering_machine,16000,1,5.205375,FLAC,116412
train,1281,02faeffa-e802-473b-a96f-b73b8108f4d7.flac,#faeffa-e#-#b-a#f-b#b#f#d#.flac,voicemail,16000,1,4.632375,FLAC,79372
train,1282,carrier_fr_voicemail_00079.wav,carrier_fr_voicemail_#.wav,voicemail,16000,1,8.181375,WAV,261848
train,1283,voicemail_00296.wav,voicemail_#.wav,voicemail,16000,1,7.832375,WAV,250680
train,1284,116a5373-486b-44da-9996-7beb9136681b.flac,#a#-#b-#da-#-#beb#b.flac,answering_machine,16000,1,6.997375,FLAC,143276
train,1285,response_22.wav,response_#.wav,human,8000,1,11.861375,WAV,94950
train,1286,192b9d02-132b-4e22-8266-4e69d2a8ec28.flac,#b#d#-#b-#e#-#-#e#d#a#ec#.flac,answering_machine,16000,1,10.9226875,FLAC,228907
train,1287,1a778b66-310b-48e6-9f35-ba292ec6c5de.flac,#a#b#-#b-#e#-#f#-ba#ec#c#de.flac,voicemail,16000,1,12.5235625,FLAC,224593
train,1288,fr_human_real_00073.wav,fr_human_real_#.wav,human,16000,1,4.864,WAV,155692
train,1289,ivr_00212.wav,ivr_#.wav,ivr,16000,1,8.376,WAV,268076
train,1290,152a5aa6-1114-4446-84e1-622b5df6cb68.flac,#a#aa#-#-#-#e#-#b#df#cb#.flac,voicemail,16000,1,14.886625,FLAC,310833
train,1291,192ee294-4465-4814-874f-85bbde21dfde.flac,#ee#-#-#-#f-#bbde#dfde.flac,voicemail,16000,1,3.1933125,FLAC,39559
train,1292,fr_human_tts_00076.wav,fr_human_tts_#.wav,human,16000,1,2.232,WAV,71468
train,1293,0ad1ecc7-daba-4812-b22f-fee47736eedf.flac,#ad#ecc#-daba-#-b#f-fee#eedf.flac,voicemail,16000,1,4.271375,FLAC,63603
train,1294,0886cdcb-6b8b-4911-9071-3bb1930400b9.flac,#cdcb-#b#b-#-#-#bb#b#.flac,answering_machine,16000,1,2.4383125,FLAC,42980
train,1295,response_19.wav,response_#.wav,human,8000,1,13.824,WAV,110650
train,1296,incomplete_c4155f29-fd73-437d-94f5-4628aafb73c1_normalized.flac,incomplete_c#f#-fd#-#d-#f#-#aafb#c#_normalized.flac,human,16000,1,2.7075,FLAC,63693
train,1297,response_27.wav,response_#.wav,human,8000,1,5.632,WAV,45114
train,1298,es_human_tts_00300.wav,es_human_tts_#.wav,human,16000,1,1.704,WAV,54572
train,1299,es_am_00374.wav,es_am_#.wav,answering_machine,16000,1,10.0,WAV,320044
train,1300,03094b9a-45d4-4cad-94bc-f0e3e3647301.flac,#b#a-#d#-#cad-#bc-f#e#e#.flac,voicemail,16000,1,4.5510625,FLAC,89449
train,1301,13a11fd1-5900-4b2b-bbcd-f8407f17245f.flac,#a#fd#-#-#b#b-bbcd-f#f#f.flac,voicemail,16000,1,6.731,FLAC,134535
train,1302,01a52a1b-c2a2-4ad7-bf1f-fb862a4b3db1.flac,#a#a#b-c#a#-#ad#-bf#f-fb#a#b#db#.flac,ivr,16000,1,6.88,FLAC,152469
train,1303,complete_518e6a4f-e7d3-4496-8bba-0ad13840096c_normalized.flac,complete_#e#a#f-e#d#-#-#bba-#ad#c_normalized.flac,human,16000,1,4.426625,FLAC,97186
train,1304,03697839-5a58-4607-9465-4e397c38042e.flac,#-#a#-#-#-#e#c#e.flac,voicemail,16000,1,7.193,FLAC,154559
train,1305,ivr_00144.wav,ivr_#.wav,ivr,16000,1,9.0,WAV,288044
train,1306,carrier_de_human_00298.wav,carrier_de_human_#.wav,human,16000,1,3.288,WAV,105260
train,1307,0d01cf53-83b2-47f9-bbd6-c25fc295fa14.flac,#d#cf#-#b#-#f#-bbd#-c#fc#fa#.flac,answering_machine,16000,1,3.816625,FLAC,89630
train,1308,complete_11f215cd-2e79-496f-adf5-cadeae479d2c_normalized.flac,complete_#f#cd-#e#-#f-adf#-cadeae#d#c_normalized.flac,human,16000,1,2.9,FLAC,50647
train,1309,17fdb287-1129-4d63-8598-27c704da4f9a.flac,#fdb#-#-#d#-#-#c#da#f#a.flac,answering_machine,16000,1,5.5466875,FLAC,112610
train,1310,0de8a198-06b0-4131-a91a-45013dda2613.flac,#de#a#-#b#-#-a#a-#dda#.flac,answering_machine,16000,1,13.8558125,FLAC,273789
train,1311,0d473a3c-86fa-4235-97ae-0639c82bfe5c.flac,#d#a#c-#fa-#-#ae-#c#bfe#c.flac,voicemail,16000,1,3.3081875,FLAC,60454
train,1312,carrier_es_ivr_00231.wav,carrier_es_ivr_#.wav,ivr,16000,1,8.09,WAV,258924
train,1313,incomplete_68df86d9-30c8-4ac2-89b0-3df81a403cce_normalized.flac,incomplete_#df#d#-#c#-#ac#-#b#-#df#a#cce_normalized.flac,human,16000,1,4.693,FLAC,98403
train,1314,602ba6adbb1e6d0fbce920ae.wav,#ba#adbb#e#d#fbce#ae.wav,human,8000,1,15.701375,WAV,125670
train,1315,de_human_tts_00455.wav,de_human_tts_#.wav,human,16000,1,3.48,WAV,111404
train,1316,voicemail_00346.wav,voicemail_#.wav,voicemail,16000,1,9.823375,WAV,314392
train,1317,am_00067.wav,am_#.wav,answering_machine,16000,1,10.0,WAV,320044
train,1318,voicemail_00338.wav,voicemail_#.wav,voicemail,16000,1,10.0,WAV,320044
train,1319,025f3e76-12c5-4817-9e03-553d670e0537.flac,#f#e#-#c#-#-#e#-#d#e#.flac,ivr,16000,1,7.2,FLAC,126028
train,1320,01b3e2e7-a53f-4c65-9227-883f2812741f.flac,#b#e#e#-a#f-#c#-#-#f#f.flac,ivr,16000,1,5.6,FLAC,117150
train,1321,fr_human_tts_00099.wav,fr_human_tts_#.wav,human,16000,1,2.976,WAV,95276
train,1322,carrier_es_ivr_00240.wav,carrier_es_ivr_#.wav,ivr,16000,1,10.0,WAV,320044
train,1323,response_9.wav,response_#.wav,human,8000,1,10.496,WAV,84026
train,1324,human_real_00074.wav,human_real_#.wav,human,16000,1,10.0,WAV,320044
train,1325,complete_3060a845-dc0f-4ef4-bdc5-848a50073d96_normalized.flac,complete_#a#-dc#f-#ef#-bdc#-#a#d#_normalized.flac,human,16000,1,4.604375,FLAC,91356
train,1326,response_5.wav,response_#.wav,human,8000,1,2.816,WAV,22586
train,1327,am_00384.wav,am_#.wav,answering_machine,16000,1,8.3475625,WAV,267166
train,1328,602b99555f67b421554f637f.wav,#b#f#b#f#f.wav,human,8000,1,5.205375,WAV,41702
train,1329,de_am_00531.wav,de_am_#.wav,answering_machine,16000,1,8.2639375,WAV,264490
train,1330,ivr_00060.wav,ivr_#.wav,ivr,16000,1,10.0,WAV,320044
train,1331,incomplete_1c997724-8316-4baf-9dcf-c275e5d9869c_normalized.flac,incomplete_#c#-#-#baf-#dcf-c#e#d#c_normalized.flac,human,16000,1,3.65575,FLAC,77217
train,1332,02e8d1c5-7ccc-4f6d-8791-0952533f9f08.flac,#e#d#c#-#ccc-#f#d-#-#f#f#.flac,ivr,16000,1,4.76,FLAC,102887
train,1333,1cc7180c-bec3-482b-b33c-aac1c8810fc1.flac,#cc#c-bec#-#b-b#c-aac#c#fc#.flac,voicemail,16000,1,12.4643125,FLAC,232898
train,1334,complete_220b36b52723444196bd7dd7e6465f0e.flac,complete_#b#b#bd#dd#e#f#e.flac,human,16000,1,2.9535,FLAC,43227
train,1335,101cba12-dd28-4e37-ad03-447c8a929fa1.flac,#cba#-dd#-#e#-ad#-#c#a#fa#.flac,answering_machine,16000,1,8.8710625,FLAC,157462
train,1336,0d15b2c3-cbeb-4c57-b007-a8b143d996ea.flac,#d#b#c#-cbeb-#c#-b#-a#b#d#ea.flac,voicemail,16000,1,9.75225,FLAC,164544
train,1337,032b33e9-7179-45b4-bbb9-f1197b9d90bf.flac,#b#e#-#-#b#-bbb#-f#b#d#bf.flac,ivr,16000,1,5.4,FLAC,113206
train,1338,01efbf91-dfc0-4f17-9423-d115ad849ded.flac,#efbf#-dfc#-#f#-#-d#ad#ded.flac,ivr,16000,1,4.44,FLAC,92102
train,1339,02585867-e1b1-4858-ac37-9d077ccc8ff5.flac,#-e#b#-#-ac#-#d#ccc#ff#.flac,ivr,16000,1,10.28,FLAC,208421
train,1340,10d6d572-03da-4883-a87c-e30e02061079.flac,#d#d#-#da-#-a#c-e#e#.flac,voicemail,16000,1,4.5229375,FLAC,84828
train,1341,046803b8-457f-48b2-b148-6989765bb558.flac,#b#-#f-#b#-b#-#bb#.flac,voicemail,16000,1,3.012,FLAC,67870
train,1342,complete_76150312-9e4e-45e2-a546-64932c3826e9_normalized.flac,complete_#-#e#e-#e#-a#-#c#e#_normalized.flac,human,16000,1,6.1795,FLAC,118869
train,1343,incomplete_a83a35ad-85eb-41a3-9699-01832c6cc61a_normalized.flac,incomplete_a#a#ad-#eb-#a#-#-#c#cc#a_normalized.flac,human,16000,1,3.418125,FLAC,74200
train,1344,0d1fe8b4-7be5-458d-b5a2-e68c4df31d6e.flac,#d#fe#b#-#be#-#d-b#a#-e#c#df#d#e.flac,voicemail,16000,1,4.7368125,FLAC,92565
train,1345,1b454d7e-059a-41e3-956e-856431f65c30.flac,#b#d#e-#a-#e#-#e-#f#c#.flac,answering_machine,16000,1,4.45175,FLAC,72861
train,1346,am_00393.wav,am_#.wav,answering_machine,16000,1,10.0,WAV,320044
train,1347,127c524a-6d0d-4993-99ce-669e0a0dde8c.flac,#c#a-#d#d-#-#ce-#e#a#dde#c.flac,voicemail,16000,1,16.0,FLAC,301590
train,1348,0b8a5731-90fd-4092-a2ff-4dae7eb6d212.flac,#b#a#-#fd-#-a#ff-#dae#eb#d#.flac,voicemail,16000,1,4.1829375,FLAC,74085
train,1349,0023b36b-0ecd-4b97-8072-00b1eb871266.flac,#b#b-#ecd-#b#-#-#b#eb#.flac,ivr,16000,1,2.36,FLAC,49858
train,1350,0161c5f5-a064-42be-9218-7141c7940720.flac,#c#f#-a#-#be-#-#c#.flac,ivr,16000,1,7.08,FLAC,138042
train,1351,0f4d5442-0818-43d5-9702-75f692071f2c.flac,#f#d#-#-#d#-#-#f#f#c.flac,answering_machine,16000,1,9.17575,FLAC,185377
train,1352,incomplete_a2bea122-3e0a-4015-8df0-7c7d74871d91_normalized.flac,incomplete_a#bea#-#e#a-#-#df#-#c#d#d#_normalized.flac,human,16000,1,4.4775,FLAC,93761
train,1353,005e2783-9d7c-46b8-b744-a20094500c49.flac,#e#-#d#c-#b#-b#-a#c#.flac,ivr,16000,1,9.16,FLAC,181976
train,1354,am_00358.wav,am_#.wav,answering_machine,16000,1,10.0,WAV,320044
train,1355,018fd3c4-8409-4ac2-b800-788b524be2d8.flac,#fd#c#-#-#ac#-b#-#b#be#d#.flac,ivr,16000,1,5.28,FLAC,97986
train,1356,60266731c7abb7f8321385af.wav,#c#abb#f#af.wav,human,8000,1,4.949375,WAV,39654
train,1357,0e5c1a65-10ef-40dc-9a95-2453468f876b.flac,#e#c#a#-#ef-#dc-#a#-#f#b.flac,answering_machine,16000,1,9.4284375,FLAC,190925
train,1358,incomplete_c8790dc7-5552-42a6-b6c8-1e2f6ee3333a_normalized.flac,incomplete_c#dc#-#-#a#-b#c#-#e#f#ee#a_normalized.flac,human,16000,1,4.256875,FLAC,79539
train,1359,00249afb-94ac-4f03-8b9a-32bd031f90e5.flac,#afb-#ac-#f#-#b#a-#bd#f#e#.flac,voicemail,16000,1,16.0,FLAC,305882
train,1360,human_real_00013.wav,human_real_#.wav,human,16000,1,10.0,WAV,320044
train,1361,voicemail_00208.wav,voicemail_#.wav,voicemail,16000,1,7.6848125,WAV,245958
train,1362,voicemail_00059.wav,voicemail_#.wav,voicemail,16000,1,9.1808125,WAV,293830
train,1363,13b04dab-6304-45eb-95c1-ee963bc2d504.flac,#b#dab-#-#eb-#c#-ee#bc#d#.flac,voicemail,16000,1,16.0,FLAC,317546
train,1364,0ceccb02-0ea5-4fab-b186-1337fdff2379.flac,#ceccb#-#ea#-#fab-b#-#fdff#.flac,voicemail,16000,1,13.838625,FLAC,268476
train,1365,0f27f50d-44a7-4995-8b5c-ad85b43a0e83.flac,#f#f#d-#a#-#-#b#c-ad#b#a#e#.flac,voicemail,16000,1,12.32725,FLAC,252566
train,1366,0012a39f-9819-4c98-9546-5795cf916fdf.flac,#a#f-#-#c#-#-#cf#fdf.flac,ivr,16000,1,6.84,FLAC,140917
train,1367,04db513f-e6f4-4700-b318-300b510bfff2.flac,#db#f-e#f#-#-b#-#b#bfff#.flac,voicemail,16000,1,6.404,FLAC,124872
train,1368,incomplete_5c314327-8452-4ff3-b21f-9956e21bc447_normalized.flac,incomplete_#c#-#-#ff#-b#f-#e#bc#_normalized.flac,human,16000,1,4.951875,FLAC,96242
train,1369,0358f28a-3f29-4b93-973e-b7d88ab702d5.flac,#f#a-#f#-#b#-#e-b#d#ab#d#.flac,ivr,16000,1,7.96,FLAC,160095
train,1370,1828bf3d-2f14-4d59-8fc3-7d72d33e4fea.flac,#bf#d-#f#-#d#-#fc#-#d#d#e#fea.flac,answering_machine,16000,1,15.421875,FLAC,285549
train,1371,voicemail_00085.wav,voicemail_#.wav,voicemail,16000,1,5.9185625,WAV,189438
train,1372,incomplete_cfe5e4b5-a3f6-4290-93b0-30d9d6a6f6ce_normalized.flac,incomplete_cfe#e#b#-a#f#-#-#b#-#d#d#a#f#ce_normalized.flac,human,16000,1,5.467875,FLAC,112401
train,1373,07a3de29-f3d0-48a1-a276-dd7fda3b6429.flac,#a#de#-f#d#-#a#-a#-dd#fda#b#.flac,answering_machine,16000,1,14.8366875,FLAC,304525
train,1374,162b8e92-72cf-4eaf-ba91-fc84c89ca12e.flac,#b#e#-#cf-#eaf-ba#-fc#c#ca#e.flac,answering_machine,16000,1,16.0,FLAC,363179
train,1375,0c3e042f-8bd6-4a79-b6db-ad5a8841cc5e.flac,#c#e#f-#bd#-#a#-b#db-ad#a#cc#e.flac,answering_machine,16000,1,3.6583125,FLAC,69150
train,1376,023e6af2-61ef-4c40-bf7f-a2d825649193.flac,#e#af#-#ef-#c#-bf#f-a#d#.flac,ivr,16000,1,6.92,FLAC,132800
train,1377,ivr_00238.wav,ivr_#.wav,ivr,16000,1,10.0,WAV,320044
train,1378,voicemail_00201.wav,voicemail_#.wav,voicemail,16000,1,10.0,WAV,320044
train,1379,155b0608-04a6-4fdd-9cf0-6ddc973b566a.flac,#b#-#a#-#fdd-#cf#-#ddc#b#a.flac,answering_machine,16000,1,3.603875,FLAC,69207
train,1380,12493fc9-f3e1-44f7-8d30-c699801dae9e.flac,#fc#-f#e#-#f#-#d#-c#dae#e.flac,voicemail,16000,1,2.77475,FLAC,39853
train,1381,am_00311.wav,am_#.wav,answering_machine,16000,1,10.0,WAV,320044
train,1382,fr_am_00214.wav,fr_am_#.wav,answering_machine,16000,1,9.5129375,WAV,304458
train,1383,00b00922-d13c-44bc-b8c0-d3991ac2fc3b.flac,#b#-d#c-#bc-b#c#-d#ac#fc#b.flac,ivr,16000,1,8.64,FLAC,187994
train,1384,incomplete_507d7a17-974b-43c8-9157-f70ceff7ab1d_normalized.flac,incomplete_#d#a#-#b-#c#-#-f#ceff#ab#d_normalized.flac,human,16000,1,3.232,FLAC,58278
train,1385,am_00136.wav,am_#.wav,answering_machine,16000,1,10.0,WAV,320044
train,1386,03613482-d74e-4d25-b2ca-395be4e7c7f1.flac,#-d#e-#d#-b#ca-#be#e#c#f#.flac,ivr,16000,1,6.2,FLAC,120133
train,1387,de_human_real_00417.wav,de_human_real_#.wav,human,16000,1,8.58,WAV,274604
train,1388,029f8fc6-04e1-491f-bc31-dc283440201b.flac,#f#fc#-#e#-#f-bc#-dc#b.flac,ivr,16000,1,10.04,FLAC,195670
train,1389,0399345a-e3c6-41b6-9838-46e75ca1bde8.flac,#a-e#c#-#b#-#-#e#ca#bde#.flac,answering_machine,16000,1,4.599875,FLAC,66444
train,1390,04c7cebe-2b42-41c2-b3c7-56c516eb61e0.flac,#c#cebe-#b#-#c#-b#c#-#c#eb#e#.flac,answering_machine,16000,1,14.3695,FLAC,304658
train,1391,02f1f557-9ef5-4e05-af02-cba823353020.flac,#f#f#-#ef#-#e#-af#-cba#.flac,answering_machine,16000,1,9.7983125,FLAC,178613
train,1392,1770328f-e3f8-4875-838e-8343c5dabd86.flac,#f-e#f#-#-#e-#c#dabd#.flac,voicemail,16000,1,10.5084375,FLAC,207208
train,1393,complete_357d2939-473e-4a1a-ae48-bbcb1a568ae2_normalized.flac,complete_#d#-#e-#a#a-ae#-bbcb#a#ae#_normalized.flac,human,16000,1,6.69375,FLAC,130950
train,1394,response_48.wav,response_#.wav,human,8000,1,17.493375,WAV,140006
train,1395,006f49ad-6d04-43f3-a009-96007e8b1922.flac,#f#ad-#d#-#f#-a#-#e#b#.flac,answering_machine,16000,1,4.735,FLAC,87158
train,1396,0ad5035f-1698-4bb9-9004-2be42343f7d7.flac,#ad#f-#-#bb#-#-#be#f#d#.flac,answering_machine,16000,1,7.3386875,FLAC,153963
train,1397,07c89645-1cac-4ea7-bc85-e89534bbdfc3.flac,#c#-#cac-#ea#-bc#-e#bbdfc#.flac,voicemail,16000,1,12.4888125,FLAC,227008
train,1398,029caa66-d0a9-4233-8c4a-d8c404fe20bc.flac,#caa#-d#a#-#-#c#a-d#c#fe#bc.flac,ivr,16000,1,5.2,FLAC,103478
train,1399,0b3e651d-c8f3-416f-8652-978773c1fe16.flac,#b#e#d-c#f#-#f-#-#c#fe#.flac,answering_machine,16000,1,12.793375,FLAC,282718
train,1400,033617f5-2891-4f72-9356-29c39722e695.flac,#f#-#-#f#-#-#c#e#.flac,ivr,16000,1,4.2,FLAC,92688
train,1401,voicemail_00339.wav,voicemail_#.wav,voicemail,16000,1,10.0,WAV,320044
train,1402,de_voicemail_00475.wav,de_voicemail_#.wav,voicemail,16000,1,10.0,WAV,320044
train,1403,0286a62c-1305-489c-975e-e024ce7f5a8e.flac,#a#c-#-#c-#e-e#ce#f#a#e.flac,ivr,16000,1,6.64,FLAC,130831
train,1404,0337b1ed-06bc-4cf4-afd9-56a8fdae3afb.flac,#b#ed-#bc-#cf#-afd#-#a#fdae#afb.flac,voicemail,16000,1,12.92875,FLAC,267207
train,1405,08ddc08d-77cb-44c0-bca9-9e61dee0ffe5.flac,#ddc#d-#cb-#c#-bca#-#e#dee#ffe#.flac,voicemail,16000,1,11.5060625,FLAC,231940
train,1406,10a80331-b286-45d5-b8bf-b28ed1cdc9f8.flac,#a#-b#-#d#-b#bf-b#ed#cdc#f#.flac,voicemail,16000,1,12.6793125,FLAC,267418
train,1407,0214b314-7d47-498d-863c-6171b45344a2.flac,#b#-#d#-#d-#c-#b#a#.flac,ivr,16000,1,7.72,FLAC,154596
train,1408,1cb4ed10-c3f6-4dc7-9ded-2eadf6798789.flac,#cb#ed#-c#f#-#dc#-#ded-#eadf#.flac,voicemail,16000,1,12.007,FLAC,211301
train,1409,1826d19f-a256-4589-b60d-9372999b0713.flac,#d#f-a#-#-b#d-#b#.flac,answering_machine,16000,1,10.1328125,FLAC,222897
train,1410,am_00155.wav,am_#.wav,answering_machine,16000,1,10.0,WAV,320044
train,1411,voicemail_00367.wav,voicemail_#.wav,voicemail,16000,1,9.9656875,WAV,318946
train,1412,voicemail_00145.wav,voicemail_#.wav,voicemail,16000,1,6.366125,WAV,203760
train,1413,02a31556-7527-4957-86c2-c7bac5322d66.flac,#a#-#-#-#c#-c#bac#d#.flac,ivr,16000,1,14.12,FLAC,326058
train,1414,0279f616-464c-4b84-a91a-f0e101d466e1.flac,#f#-#c-#b#-a#a-f#e#d#e#.flac,ivr,16000,1,5.44,FLAC,104254
train,1415,184eb72d-7b08-48c9-b394-c6caf24db0af.flac,#eb#d-#b#-#c#-b#-c#caf#db#af.flac,voicemail,16000,1,14.6155625,FLAC,304396
train,1416,020d778b-2698-481d-b5ce-bd46efe2a52a.flac,#d#b-#-#d-b#ce-bd#efe#a#a.flac,ivr,16000,1,5.12,FLAC,99413
train,1417,human_real_00083.wav,human_real_#.wav,human,16000,1,3.584,WAV,114732
train,1418,carrier_en_voicemail_00457.wav,carrier_en_voicemail_#.wav,voicemail,16000,1,10.0,WAV,320044
train,1419,01e2582d-cb5f-4642-a066-9af2d5fb9575.flac,#e#d-cb#f-#-a#-#af#d#fb#.flac,ivr,16000,1,6.88,FLAC,144159
train,1420,voicemail_00114.wav,voicemail_#.wav,voicemail,16000,1,9.3228125,WAV,298374
train,1421,complete_2ed0bbb3-1de4-4995-859d-1ba1c6bc4b7f_normalized.flac,complete_#ed#bbb#-#de#-#-#d-#ba#c#bc#b#f_normalized.flac,human,16000,1,2.432,FLAC,44917
train,1422,02e7b813-3632-4548-80b4-1f0a3e89252b.flac,#e#b#-#-#-#b#-#f#a#e#b.flac,ivr,16000,1,4.76,FLAC,98080
train,1423,126928e1-a66d-44c3-9f17-9a45a30ce808.flac,#e#-a#d-#c#-#f#-#a#a#ce#.flac,voicemail,16000,1,14.51,FLAC,286347
train,1424,carrier_fr_voicemail_00071.wav,carrier_fr_voicemail_#.wav,voicemail,16000,1,10.0,WAV,320044
train,1425,CA42ef7e8e653e83314f0bded497b30fa9_2.wav,CA#ef#e#e#e#f#bded#b#fa#_#.wav,human,8000,1,22.2,WAV,177658
train,1426,0fd75b21-7c4e-48ab-a79d-08cf80c6c45f.flac,#fd#b#-#c#e-#ab-a#d-#cf#c#c#f.flac,voicemail,16000,1,4.214375,FLAC,73315
train,1427,fr_human_real_00019.wav,fr_human_real_#.wav,human,16000,1,6.314625,WAV,202112
train,1428,complete_0606cf44-d76e-4649-a37d-7d623f8dc000_normalized.flac,complete_#cf#-d#e-#-a#d-#d#f#dc#_normalized.flac,human,16000,1,4.389375,FLAC,79697
train,1429,human_real_00127.wav,human_real_#.wav,human,16000,1,9.898625,WAV,316800
train,1430,complete_5a28d0e6-c06d-44ab-87d2-222a99e776af_normalized.flac,complete_#a#d#e#-c#d-#ab-#d#-#a#e#af_normalized.flac,human,16000,1,7.07625,FLAC,145039
train,1431,response_5.wav,response_#.wav,human,8000,1,2.730625,WAV,21904
train,1432,00f040e1-5b22-4f99-951a-e7c06bf4e089.flac,#f#e#-#b#-#f#-#a-e#c#bf#e#.flac,ivr,16000,1,6.2,FLAC,131617
train,1433,fr_voicemail_00134.wav,fr_voicemail_#.wav,voicemail,16000,1,9.8029375,WAV,313738
train,1434,06f66bd4-faef-4bba-911d-9390372e2fdd.flac,#f#bd#-faef-#bba-#d-#e#fdd.flac,answering_machine,16000,1,3.9569375,FLAC,78973
train,1435,voicemail_00078.wav,voicemail_#.wav,voicemail,16000,1,7.7468125,WAV,247942
train,1436,01b54bed-c95f-4679-923f-03d564534aca.flac,#b#bed-c#f-#-#f-#d#aca.flac,ivr,16000,1,5.48,FLAC,110433
train,1437,incomplete_d8c056fd-5034-4823-bba9-f2aef370242e_normalized.flac,incomplete_d#c#fd-#-#-bba#-f#aef#e_normalized.flac,human,16000,1,5.52125,FLAC,94627
train,1438,response_27.wav,response_#.wav,human,8000,1,3.25075,WAV,26064
train,1439,023f7b78-7cd8-4b96-85d4-a9e39c3753d4.flac,#f#b#-#cd#-#b#-#d#-a#e#c#d#.flac,ivr,16000,1,6.8,FLAC,134021
train,1440,1b621c98-82ee-42da-8639-6023942435f9.flac,#b#c#-#ee-#da-#-#f#.flac,voicemail,16000,1,3.3753125,FLAC,57308
train,1441,incomplete_945c1131-dce7-4759-9950-596fdf5972dc_normalized.flac,incomplete_#c#-dce#-#-#-#fdf#dc_normalized.flac,human,16000,1,4.083125,FLAC,81836
train,1442,carrier_fr_answering_machine_00166.wav,carrier_fr_answering_machine_#.wav,answering_machine,16000,1,9.2328125,WAV,295494
train,1443,06be0c03-5b8b-4700-ac50-8090bc03cd2b.flac,#be#c#-#b#b-#-ac#-#bc#cd#b.flac,voicemail,16000,1,11.291125,FLAC,216546
train,1444,1e0ce9ce-c3e5-4777-9ec3-73f294d9a9aa.flac,#e#ce#ce-c#e#-#-#ec#-#f#d#a#aa.flac,voicemail,16000,1,12.3409375,FLAC,229073
train,1445,incomplete_0275b8d6-1113-4bf5-a45f-2a608f5de480_normalized.flac,incomplete_#b#d#-#-#bf#-a#f-#a#f#de#_normalized.flac,human,16000,1,5.331375,FLAC,105585
train,1446,01da8ddc-1608-4c17-a0e9-619b9bde86dc.flac,#da#ddc-#-#c#-a#e#-#b#bde#dc.flac,ivr,16000,1,11.0,FLAC,227157
train,1447,CAcb849ce827acf21bab285e07a713ec9a_0.wav,CAcb#ce#acf#bab#e#a#ec#a_#.wav,human,8000,1,6.7,WAV,53658
train,1448,response_20.wav,response_#.wav,human,8000,1,6.826625,WAV,54672
train,1449,0fe54b82-52b9-4a3f-9f1f-46aa19d7db0a.flac,#fe#b#-#b#-#a#f-#f#f-#aa#d#db#a.flac,voicemail,16000,1,11.492875,FLAC,217965
train,1450,035f05ef-2473-47eb-8020-2b01fcc21053.flac,#f#ef-#-#eb-#-#b#fcc#.flac,ivr,16000,1,8.56,FLAC,167377
train,1451,18768725-133d-4c75-8e19-48ac82b5196c.flac,#-#d-#c#-#e#-#ac#b#c.flac,voicemail,16000,1,10.219125,FLAC,199289
train,1452,090f0b07-6167-4a80-895b-ab01c98db933.flac,#f#b#-#-#a#-#b-ab#c#db#.flac,answering_machine,16000,1,12.35325,FLAC,236908
train,1453,067384bd-f12a-4ca3-bb6d-2d4394dd7f55.flac,#bd-f#a-#ca#-bb#d-#d#dd#f#.flac,voicemail,16000,1,10.24825,FLAC,218280
train,1454,carrier_en_ivr_00477.wav,carrier_en_ivr_#.wav,ivr,16000,1,10.0,WAV,320044
train,1455,180762d5-4806-49ab-9e62-00809105588a.flac,#d#-#-#ab-#e#-#a.flac,voicemail,16000,1,6.965125,FLAC,131067
train,1456,002a5800-43b0-4a2e-9c93-8d6d2655290a.flac,#a#-#b#-#a#e-#c#-#d#d#a.flac,ivr,16000,1,10.84,FLAC,228924
train,1457,incomplete_9b2b1a35-ec36-4e2a-bbe4-75e99f0b024d_normalized.flac,incomplete_#b#b#a#-ec#-#e#a-bbe#-#e#f#b#d_normalized.flac,human,16000,1,4.3925,FLAC,91079
train,1458,es_human_real_00285.wav,es_human_real_#.wav,human,16000,1,10.0,WAV,320044
train,1459,124e3b4c-e3f6-493c-b183-1d0fd5d8866a.flac,#e#b#c-e#f#-#c-b#-#d#fd#d#a.flac,voicemail,16000,1,4.4465625,FLAC,105458
train,1460,0028d0f3-7eae-4864-b965-352c0022943b.flac,#d#f#-#eae-#-b#-#c#b.flac,ivr,16000,1,14.64,FLAC,293263
train,1461,00f4efd8-908d-4cc4-9f95-a3766dd138ef.flac,#f#efd#-#d-#cc#-#f#-a#dd#ef.flac,answering_machine,16000,1,10.8270625,FLAC,193251
train,1462,incomplete_c7f569f8-a562-406f-82cc-45bc35203d71_normalized.flac,incomplete_c#f#f#-a#-#f-#cc-#bc#d#_normalized.flac,human,16000,1,5.473125,FLAC,101782
train,1463,carrier_en_answering_machine_00501.wav,carrier_en_answering_machine_#.wav,answering_machine,16000,1,8.8315625,WAV,282654
train,1464,13618876-41a7-4158-8687-05b05c125319.flac,#-#a#-#-#-#b#c#.flac,voicemail,16000,1,3.3,FLAC,62440
train,1465,179e9eee-c308-4341-9c66-d55ca6305065.flac,#e#eee-c#-#-#c#-d#ca#.flac,voicemail,16000,1,10.14625,FLAC,164942
train,1466,033be70d-ddb0-45d7-b652-7ffe9cea6439.flac,#be#d-ddb#-#d#-b#-#ffe#cea#.flac,ivr,16000,1,9.96,FLAC,200137
train,1467,02e1f683-3b41-4abd-bd1d-9d1da438afd8.flac,#e#f#-#b#-#abd-bd#d-#d#da#afd#.flac,ivr,16000,1,3.44,FLAC,72984
train,1468,complete_8be3e9a2-d17b-43fc-bb26-34473f3d55a4_normalized.flac,complete_#be#e#a#-d#b-#fc-bb#-#f#d#a#_normalized.flac,human,16000,1,2.866875,FLAC,54605
train,1469,008d6ef8-c6b5-4e3a-96a5-e47f6b3ea53a.flac,#d#ef#-c#b#-#e#a-#a#-e#f#b#ea#a.flac,ivr,16000,1,14.64,FLAC,305903
train,1470,0e98214d-f0ab-4838-9ed2-de25dbfd5b33.flac,#e#d-f#ab-#-#ed#-de#dbfd#b#.flac,answering_machine,16000,1,4.5755,FLAC,74610
train,1471,response_42.wav,response_#.wav,human,8000,1,20.48,WAV,163898
train,1472,150a22dc-70e0-4db0-8723-42b6803203fd.flac,#a#dc-#e#-#db#-#-#b#fd.flac,voicemail,16000,1,4.5978125,FLAC,65891
train,1473,10b67dd8-ec76-4f6b-9284-83dec4306853.flac,#b#dd#-ec#-#f#b-#-#dec#.flac,answering_machine,16000,1,5.2906875,FLAC,93830
train,1474,010c1baf-2d2b-44d2-a7af-c8d258e7f3a9.flac,#c#baf-#d#b-#d#-a#af-c#d#e#f#a#.flac,ivr,16000,1,5.44,FLAC,102574
train,1475,1000f723-54ec-4a15-925a-b9d1ce2aeb87.flac,#f#-#ec-#a#-#a-b#d#ce#aeb#.flac,answering_machine,16000,1,16.0,FLAC,276797
train,1476,070f229d-5f7f-4366-a2b5-0777f61e784e.flac,#f#d-#f#f-#-a#b#-#f#e#e.flac,answering_machine,16000,1,14.6675,FLAC,308323
train,1477,response_7.wav,response_#.wav,human,8000,1,6.966,WAV,55786
train,1478,06a31d8a-f9a9-43d9-accc-09fbeec7b252.flac,#a#d#a-f#a#-#d#-accc-#fbeec#b#.flac,voicemail,16000,1,11.21775,FLAC,238123
train,1479,004be0e6-c3a4-4453-9b7c-e03c7b931131.flac,#be#e#-c#a#-#-#b#c-e#c#b#.flac,ivr,16000,1,4.52,FLAC,81875
train,1480,01a837a2-c3d2-4bc6-9416-7a599a25dc46.flac,#a#a#-c#d#-#bc#-#-#a#a#dc#.flac,ivr,16000,1,9.92,FLAC,211452
train,1481,incomplete_8c76a0f9-5fef-4ddd-8bea-bace2f03301a_normalized.flac,incomplete_#c#a#f#-#fef-#ddd-#bea-bace#f#a_normalized.flac,human,16000,1,6.432,FLAC,135996
train,1482,01a00a14-be30-4b5a-91f0-709053090af5.flac,#a#a#-be#-#b#a-#f#-#af#.flac,voicemail,16000,1,4.3138125,FLAC,85962
train,1483,0329a320-03e6-452c-aa00-67b2f97fe822.flac,#a#-#e#-#c-aa#-#b#f#fe#.flac,ivr,16000,1,9.12,FLAC,196445
train,1484,17eb057f-fd28-42d3-8d85-1710c5dc7772.flac,#eb#f-fd#-#d#-#d#-#c#dc#.flac,voicemail,16000,1,3.4295,FLAC,74678
train,1485,12580a69-4423-4947-b634-0b448430fe0e.flac,#a#-#-#-b#-#b#fe#e.flac,answering_machine,16000,1,3.2783125,FLAC,62400
train,1486,0433a6e8-58e5-4ee7-9991-1a85797b82a7.flac,#a#e#-#e#-#ee#-#-#a#b#a#.flac,answering_machine,16000,1,8.533375,FLAC,172621
train,1487,complete_7abbc348-2f3a-4097-b066-7e442e575b62_normalized.flac,complete_#abbc#-#f#a-#-b#-#e#e#b#_normalized.flac,human,16000,1,3.39375,FLAC,67561
train,1488,carrier_de_voicemail_00320.wav,carrier_de_voicemail_#.wav,voicemail,16000,1,10.0,WAV,320044
train,1489,human_real_00120.wav,human_real_#.wav,human,16000,1,4.522625,WAV,144768
train,1490,complete_79c54944-1439-4070-b894-c798959929aa_normalized.flac,complete_#c#-#-#-b#-c#aa_normalized.flac,human,16000,1,3.2213125,FLAC,72015
train,1491,human_real_00136.wav,human_real_#.wav,human,16000,1,10.0,WAV,320044
train,1492,148542b0-5343-443b-9c0d-d25010d459bb.flac,#b#-#-#b-#c#d-d#d#bb.flac,voicemail,16000,1,4.625875,FLAC,78682
train,1493,1cf5676a-d1bd-44aa-9b24-a9c39ca76bf6.flac,#cf#a-d#bd-#aa-#b#-a#c#ca#bf#.flac,voicemail,16000,1,12.25125,FLAC,219114
train,1494,160aeddf-efeb-4dc6-b74b-fbcd493939cc.flac,#aeddf-efeb-#dc#-b#b-fbcd#cc.flac,answering_machine,16000,1,4.224,FLAC,91228
train,1495,de_am_00543.wav,de_am_#.wav,answering_machine,16000,1,9.561375,WAV,306008
train,1496,carrier_de_human_00293.wav,carrier_de_human_#.wav,human,16000,1,2.856,WAV,91436
train,1497,00c0775a-5bf6-4689-9a2f-5466ba98ba85.flac,#c#a-#bf#-#-#a#f-#ba#ba#.flac,ivr,16000,1,11.92,FLAC,243665
train,1498,007c6ab7-068b-4eeb-850c-19ebdbb1e175.flac,#c#ab#-#b-#eeb-#c-#ebdbb#e#.flac,ivr,16000,1,14.2,FLAC,313734
train,1499,0e3a5f72-b75d-4d5c-b414-dc6af97cb102.flac,#e#a#f#-b#d-#d#c-b#-dc#af#cb#.flac,voicemail,16000,1,11.155375,FLAC,227753
train,1500,16f86f9f-4f53-4783-aa25-968ecbcf4755.flac,#f#f#f-#f#-#-aa#-#ecbcf#.flac,answering_machine,16000,1,2.468,FLAC,52909
train,1501,voicemail_00086.wav,voicemail_#.wav,voicemail,16000,1,10.0,WAV,320044
train,1502,am_00185.wav,am_#.wav,answering_machine,16000,1,8.9619375,WAV,286826
train,1503,am_00141.wav,am_#.wav,answering_machine,16000,1,9.9700625,WAV,319086
train,1504,voicemail_00039.wav,voicemail_#.wav,voicemail,16000,1,7.639625,WAV,244512
train,1505,carrier_es_voicemail_00193.wav,carrier_es_voicemail_#.wav,voicemail,16000,1,9.5395,WAV,305308
train,1506,fr_human_real_00061.wav,fr_human_real_#.wav,human,16000,1,5.290625,WAV,169344
train,1507,fr_human_tts_00079.wav,fr_human_tts_#.wav,human,16000,1,3.0,WAV,96044
train,1508,1cb15041-f413-4936-9356-20fac8ddd30d.flac,#cb#-f#-#-#-#fac#ddd#d.flac,answering_machine,16000,1,9.8448125,FLAC,193616
train,1509,0222bf21-c7b0-44f8-93c7-777e6062756d.flac,#bf#-c#b#-#f#-#c#-#e#d.flac,ivr,16000,1,8.92,FLAC,181521
train,1510,05086f3b-4276-4353-b1b3-d59e1334ca8b.flac,#f#b-#-#-b#b#-d#e#ca#b.flac,answering_machine,16000,1,9.8986875,FLAC,214068
train,1511,1b984a60-08e3-4f2a-b2f2-d52a1b1cc8c6.flac,#b#a#-#e#-#f#a-b#f#-d#a#b#cc#c#.flac,answering_machine,16000,1,4.7878125,FLAC,70150
train,1512,incomplete_fba8d4447b784f2ca89c0c0a6117a6cf.flac,incomplete_fba#d#b#f#ca#c#c#a#a#cf.flac,human,16000,1,2.1744375,FLAC,36012
train,1513,11cc3570-a4a0-4c53-a865-2796888d79ef.flac,#cc#-a#a#-#c#-a#-#d#ef.flac,voicemail,16000,1,9.4778125,FLAC,171191
train,1514,am_00125.wav,am_#.wav,answering_machine,16000,1,10.0,WAV,320044
train,1515,17dd54cb-81dc-458f-8993-ff8bcc169818.flac,#dd#cb-#dc-#f-#-ff#bcc#.flac,answering_machine,16000,1,13.8595625,FLAC,254553
train,1516,1628f0e1-0a5d-4a18-9521-63a7817c1dc2.flac,#f#e#-#a#d-#a#-#-#a#c#dc#.flac,answering_machine,16000,1,14.6971875,FLAC,275044
train,1517,016e117f-ab44-48a9-aba8-25ca4bd23d0f.flac,#e#f-ab#-#a#-aba#-#ca#bd#d#f.flac,ivr,16000,1,6.96,FLAC,133592
train,1518,0fecf4d5-1bdc-4a34-a2aa-f7b297444917.flac,#fecf#d#-#bdc-#a#-a#aa-f#b#.flac,voicemail,16000,1,4.5395,FLAC,93235
train,1519,019bc7e1-21ae-4a24-b257-49017bae0ece.flac,#bc#e#-#ae-#a#-b#-#bae#ece.flac,ivr,16000,1,7.96,FLAC,159433
train,1520,0e3002f0-eb37-4f0f-b33a-b49094c684ed.flac,#e#f#-eb#-#f#f-b#a-b#c#ed.flac,answering_machine,16000,1,11.509,FLAC,208954
train,1521,01da0d08-93a8-4eef-99b1-2b8643e78632.flac,#da#d#-#a#-#eef-#b#-#b#e#.flac,ivr,16000,1,6.48,FLAC,123817
train,1522,02fa7963-ad1c-42ae-b257-0716f3ab9c6f.flac,#fa#-ad#c-#ae-b#-#f#ab#c#f.flac,ivr,16000,1,5.4,FLAC,112433
train,1523,034067e3-cb6e-42f1-be62-3fdc944580e9.flac,#e#-cb#e-#f#-be#-#fdc#e#.flac,answering_machine,16000,1,4.352,FLAC,86533
train,1524,carrier_fr_voicemail_00058.wav,carrier_fr_voicemail_#.wav,voicemail,16000,1,10.0,WAV,320044
train,1525,am_00197.wav,am_#.wav,answering_machine,16000,1,9.5580625,WAV,305902
train,1526,60266a26dc3604f481bcb5d0.wav,#a#dc#f#bcb#d#.wav,human,8000,1,12.373375,WAV,99046
train,1527,073a8ebc-cbe1-4186-b8f0-2816133bc566.flac,#a#ebc-cbe#-#-b#f#-#bc#.flac,answering_machine,16000,1,4.4089375,FLAC,73181
train,1528,019bd47f-d282-4920-9e67-b6d3c2d1c3df.flac,#bd#f-d#-#-#e#-b#d#c#d#c#df.flac,ivr,16000,1,12.32,FLAC,238778
train,1529,am_00218.wav,am_#.wav,answering_machine,16000,1,7.754125,WAV,248176
train,1530,voicemail_00168.wav,voicemail_#.wav,voicemail,16000,1,10.0,WAV,320044
train,1531,fr_voicemail_00132.wav,fr_voicemail_#.wav,voicemail,16000,1,9.514375,WAV,304504
train,1532,0a5cead6-5ae6-4d79-a711-8befd5b0062e.flac,#a#cead#-#ae#-#d#-a#-#befd#b#e.flac,answering_machine,16000,1,10.3796875,FLAC,185095
train,1533,0f747524-3b74-4306-9d8f-1465ca07d82a.flac,#f#-#b#-#-#d#f-#ca#d#a.flac,answering_machine,16000,1,8.533375,FLAC,189554
train,1534,03620b46-2c2c-448f-8881-ad2d4365c3ed.flac,#b#-#c#c-#f-#-ad#d#c#ed.flac,ivr,16000,1,8.52,FLAC,155846
train,1535,0011a1fb-35e6-4433-b99c-bc6ed0197c21.flac,#a#fb-#e#-#-b#c-bc#ed#c#.flac,ivr,16000,1,6.6,FLAC,130773
train,1536,carrier_fr_ivr_00129.wav,carrier_fr_ivr_#.wav,ivr,16000,1,10.0,WAV,320044
train,1537,08f29623-3737-45f0-8c92-9891c75a966b.flac,#f#-#-#f#-#c#-#c#a#b.flac,answering_machine,16000,1,12.819125,FLAC,278614
train,1538,021246eb-1686-48f6-99de-c588dcd27a58.flac,#eb-#-#f#-#de-c#dcd#a#.flac,ivr,16000,1,12.36,FLAC,208395
train,1539,1060759f-c85a-4bc3-9cd9-d8c853ae69db.flac,#f-c#a-#bc#-#cd#-d#c#ae#db.flac,answering_machine,16000,1,16.0,FLAC,296395
train,1540,ivr_00015.wav,ivr_#.wav,ivr,16000,1,10.0,WAV,320044
train,1541,602ba7375f67b421554f642a.wav,#ba#f#b#f#a.wav,human,8000,1,2.986625,WAV,23952
train,1542,incomplete_e06deca1-46e1-4d64-abbf-7a879e45da4f_normalized.flac,incomplete_e#deca#-#e#-#d#-abbf-#a#e#da#f_normalized.flac,human,16000,1,4.79625,FLAC,98195
train,1543,am_00158.wav,am_#.wav,answering_machine,16000,1,10.0,WAV,320044
train,1544,60268fbbdc3604f481bcb895.wav,#fbbdc#f#bcb#.wav,human,8000,1,4.010625,WAV,32144
train,1545,196ca276-88cb-4470-9808-e32276a20152.flac,#ca#-#cb-#-#-e#a#.flac,answering_machine,16000,1,8.021375,FLAC,171536
train,1546,10e6ae8e-8d74-4108-bea9-ccdea9153c45.flac,#e#ae#e-#d#-#-bea#-ccdea#c#.flac,answering_machine,16000,1,3.7768125,FLAC,69650
train,1547,034b8701-638f-4fd3-9912-83a36be3e529.flac,#b#-#f-#fd#-#-#a#be#e#.flac,ivr,16000,1,14.24,FLAC,311901
train,1548,02493565-c32e-416a-b36c-c8f351f7b0cb.flac,#-c#e-#a-b#c-c#f#f#b#cb.flac,answering_machine,16000,1,12.9351875,FLAC,258424
train,1549,00fdc2d0-49cc-465c-afdf-4646c0303e7e.flac,#fdc#d#-#cc-#c-afdf-#c#e#e.flac,ivr,16000,1,13.16,FLAC,278867
train,1550,carrier_fr_ivr_00114.wav,carrier_fr_ivr_#.wav,ivr,16000,1,10.0,WAV,320044
train,1551,1448d14e-6e8c-4b5a-a288-00f9a28cdb69.flac,#d#e-#e#c-#b#a-a#-#f#a#cdb#.flac,answering_machine,16000,1,7.765375,FLAC,159059
train,1552,am_00381.wav,am_#.wav,answering_machine,16000,1,9.1238125,WAV,292006
train,1553,0011eab3-f30a-4db3-b6fa-37d4871f1ebc.flac,#eab#-f#a-#db#-b#fa-#d#f#ebc.flac,answering_machine,16000,1,4.2264375,FLAC,87196
train,1554,fr_am_00237.wav,fr_am_#.wav,answering_machine,16000,1,8.6764375,WAV,277690
train,1555,incomplete_ddbbb2c3-1ac7-4c72-b6df-a730fe31ebc9_normalized.flac,incomplete_ddbbb#c#-#ac#-#c#-b#df-a#fe#ebc#_normalized.flac,human,16000,1,5.52,FLAC,107277
train,1556,602689f0cfa37e1cf217b076.wav,#f#cfa#e#cf#b#.wav,human,8000,1,5.973375,WAV,47846
train,1557,human_real_00070.wav,human_real_#.wav,human,16000,1,5.12,WAV,163884
train,1558,complete_f732ce6e-f493-4a98-be0f-f4e2012732f8_normalized.flac,complete_f#ce#e-f#-#a#-be#f-f#e#f#_normalized.flac,human,16000,1,5.055,FLAC,101746
train,1559,1cf26e23-e103-4edf-aab8-5724e1b8065f.flac,#cf#e#-e#-#edf-aab#-#e#b#f.flac,answering_machine,16000,1,11.446375,FLAC,246929
train,1560,ivr_00029.wav,ivr_#.wav,ivr,16000,1,9.6,WAV,307244
train,1561,fr_voicemail_00150.wav,fr_voicemail_#.wav,voicemail,16000,1,7.888375,WAV,252472
train,1562,02910e05-39a0-4697-946e-fa51119c1b35.flac,#e#-#a#-#-#e-fa#c#b#.flac,answering_machine,16000,1,13.39625,FLAC,247758
train,1563,60268fa1c7abb7f832138ceb.wav,#fa#c#abb#f#ceb.wav,human,8000,1,4.736875,WAV,37954
train,1564,incomplete_6acf7b1c-f58b-450c-b0d7-10a78fd792ae_normalized.flac,incomplete_#acf#b#c-f#b-#c-b#d#-#a#fd#ae_normalized.flac,human,16000,1,4.25625,FLAC,79459
train,1565,60268e2ddc3604f481bcb79a.wav,#e#ddc#f#bcb#a.wav,human,8000,1,8.448,WAV,67642
train,1566,60268dfdc7abb7f832138aaf.wav,#dfdc#abb#f#aaf.wav,human,8000,1,4.010625,WAV,32144
train,1567,response_37.wav,response_#.wav,human,8000,1,6.4,WAV,51258
train,1568,0f5d8c7e-e7d5-4577-a888-d4556fff4bf2.flac,#f#d#c#e-e#d#-#-a#-d#fff#bf#.flac,voicemail,16000,1,2.8070625,FLAC,33357
train,1569,08d6c63c-4ce1-4783-a1d9-be5c677a926b.flac,#d#c#c-#ce#-#-a#d#-be#c#a#b.flac,answering_machine,16000,1,3.072,FLAC,62747
train,1570,voicemail_00099.wav,voicemail_#.wav,voicemail,16000,1,8.53675,WAV,273220
train,1571,carrier_es_voicemail_00205.wav,carrier_es_voicemail_#.wav,voicemail,16000,1,9.6521875,WAV,308914
train,1572,ivr_00007.wav,ivr_#.wav,ivr,16000,1,10.0,WAV,320044
train,1573,complete_a9b78ad3-6571-4e38-94dd-e3e4ab8fb2b1_normalized.flac,complete_a#b#ad#-#-#e#-#dd-e#e#ab#fb#b#_normalized.flac,human,16000,1,3.50625,FLAC,67001
train,1574,133b1cd1-d6ec-4be2-a0a9-6c1c55edcf8d.flac,#b#cd#-d#ec-#be#-a#a#-#c#c#edcf#d.flac,answering_machine,16000,1,3.84,FLAC,74433
train,1575,01a9d3ff-1878-4954-b168-adcc2f7413a8.flac,#a#d#ff-#-#-b#-adcc#f#a#.flac,ivr,16000,1,6.84,FLAC,141944
train,1576,fr_ivr_00202.wav,fr_ivr_#.wav,ivr,16000,1,9.746,WAV,311916
train,1577,16e080cb-a9d5-4568-9cb6-09665b03f4b6.flac,#e#cb-a#d#-#-#cb#-#b#f#b#.flac,answering_machine,16000,1,16.0,FLAC,293814
train,1578,complete_2e690f1c-c515-4abd-8745-9452cad1efae_normalized.flac,complete_#e#f#c-c#-#abd-#-#cad#efae_normalized.flac,human,16000,1,4.938625,FLAC,105580
train,1579,carrier_es_human_00172.wav,carrier_es_human_#.wav,human,16000,1,2.352,WAV,75308
train,1580,03310362-89fe-4af1-ac24-2a1c3904cc18.flac,#-#fe-#af#-ac#-#a#c#cc#.flac,voicemail,16000,1,16.0,FLAC,340929
train,1581,00f6fbe1-74f0-4617-96aa-8b6e310c12fe.flac,#f#fbe#-#f#-#-#aa-#b#e#c#fe.flac,ivr,16000,1,6.64,FLAC,126075
train,1582,0e8e0a11-9109-49b0-9e61-9990ad6fd476.flac,#e#e#a#-#-#b#-#e#-#ad#fd#.flac,answering_machine,16000,1,12.3018125,FLAC,268106
train,1583,de_am_00538.wav,de_am_#.wav,answering_machine,16000,1,9.4973125,WAV,303958
train,1584,0f49931b-6f17-4aff-9cdf-cd954e169c07.flac,#f#b-#f#-#aff-#cdf-cd#e#c#.flac,voicemail,16000,1,13.7340625,FLAC,281508
train,1585,carrier_en_answering_machine_00507.wav,carrier_en_answering_machine_#.wav,answering_machine,16000,1,8.522125,WAV,272752
train,1586,complete_87753d59-9234-4069-b235-fbf137f1025f_normalized.flac,complete_#d#-#-#-b#-fbf#f#f_normalized.flac,human,16000,1,5.38625,FLAC,106370
train,1587,response_25.wav,response_#.wav,human,8000,1,10.922625,WAV,87440
train,1588,response_26.wav,response_#.wav,human,8000,1,3.498625,WAV,28048
train,1589,06616abe-9286-4ecf-9711-0079c0992fbd.flac,#abe-#-#ecf-#-#c#fbd.flac,voicemail,16000,1,13.4961875,FLAC,236408
train,1590,1b6305e3-96bf-4c52-887b-4d5043ffc8b1.flac,#b#e#-#bf-#c#-#b-#d#ffc#b#.flac,answering_machine,16000,1,4.339375,FLAC,71656
train,1591,carrier_es_ivr_00246.wav,carrier_es_ivr_#.wav,ivr,16000,1,6.888,WAV,220460
train,1592,incomplete_3d367fe0-b484-4ed6-94db-df44f9977f11_normalized.flac,incomplete_#d#fe#-b#-#ed#-#db-df#f#f#_normalized.flac,human,16000,1,6.75375,FLAC,129861
train,1593,118fd0b3-6766-415b-af01-6a2b7f51196a.flac,#fd#b#-#-#b-af#-#a#b#f#a.flac,voicemail,16000,1,14.7583125,FLAC,303934
train,1594,de_human_real_00425.wav,de_human_real_#.wav,human,16000,1,10.0,WAV,320044
train,1595,carrier_es_voicemail_00222.wav,carrier_es_voicemail_#.wav,voicemail,16000,1,10.0,WAV,320044
train,1596,181fabd6-4c12-4ec4-9e9f-d6a951d9f96f.flac,#fabd#-#c#-#ec#-#e#f-d#a#d#f#f.flac,answering_machine,16000,1,11.331625,FLAC,240426
train,1597,1bf4f619-2f12-4377-a5d4-42cfea808b9c.flac,#bf#f#-#f#-#-a#d#-#cfea#b#c.flac,voicemail,16000,1,6.657125,FLAC,107057
train,1598,human_tts_00006.wav,human_tts_#.wav,human,16000,1,2.88,WAV,92204
train,1599,1a682ecc-ff72-4f03-81c1-48d6b1a7e2a2.flac,#a#ecc-ff#-#f#-#c#-#d#b#a#e#a#.flac,voicemail,16000,1,11.6564375,FLAC,273700
train,1600,ivr_00147.wav,ivr_#.wav,ivr,16000,1,9.984,WAV,319532
train,1601,voicemail_00108.wav,voicemail_#.wav,voicemail,16000,1,8.3868125,WAV,268422
train,1602,am_00249.wav,am_#.wav,answering_machine,16000,1,10.0,WAV,320044
train,1603,am_00145.wav,am_#.wav,answering_machine,16000,1,10.0,WAV,320044
train,1604,complete_7b850b9b-7b2d-4ef2-9260-00d5db9a5ae8_normalized.flac,complete_#b#b#b-#b#d-#ef#-#-#d#db#a#ae#_normalized.flac,human,16000,1,1.805,FLAC,48805
train,1605,16a1e5c9-272e-402c-82d8-03f96f22428f.flac,#a#e#c#-#e-#c-#d#-#f#f#f.flac,voicemail,16000,1,13.9900625,FLAC,272573
train,1606,incomplete_27bd9a3b-8f6e-4775-9081-f09d6f3dc054_normalized.flac,incomplete_#bd#a#b-#f#e-#-#-f#d#f#dc#_normalized.flac,human,16000,1,5.2125,FLAC,101027
train,1607,01985e84-a712-409e-8683-708af806f846.flac,#e#-a#-#e-#-#af#f#.flac,voicemail,16000,1,10.1069375,FLAC,219332
train,1608,0defbaff-b94f-492f-ac64-d530aab44c31.flac,#defbaff-b#f-#f-ac#-d#aab#c#.flac,voicemail,16000,1,10.88375,FLAC,235178
train,1609,incomplete_ae384ee6-6bc0-4da4-ac63-dc334f6ec27b_normalized.flac,incomplete_ae#ee#-#bc#-#da#-ac#-dc#f#ec#b_normalized.flac,human,16000,1,4.17,FLAC,85273
train,1610,1a3f5f49-713b-44e2-9b9c-e0b10a86166c.flac,#a#f#f#-#b-#e#-#b#c-e#b#a#c.flac,voicemail,16000,1,10.2381875,FLAC,200075
train,1611,incomplete_ff76e0ff-9a62-4c9e-93de-5ac7f9b6269b_normalized.flac,incomplete_ff#e#ff-#a#-#c#e-#de-#ac#f#b#b_normalized.flac,human,16000,1,3.64875,FLAC,71826
train,1612,010c9e91-4e27-4a1f-beea-4e09f264c50d.flac,#c#e#-#e#-#a#f-beea-#e#f#c#d.flac,voicemail,16000,1,3.1943125,FLAC,66665
train,1613,human_tts_00157.wav,human_tts_#.wav,human,16000,1,2.64,WAV,84524
train,1614,180bf2cd-adbf-46c6-b229-477de50e85a1.flac,#bf#cd-adbf-#c#-b#-#de#e#a#.flac,answering_machine,16000,1,12.5795625,FLAC,224596
train,1615,complete_83361f560bec441eaa8bb32ea8ac6cf1.flac,complete_#f#bec#eaa#bb#ea#ac#cf#.flac,human,16000,1,5.151125,FLAC,76326
train,1616,12207701-4d8f-41ad-9c85-d1e5a5d8b51d.flac,#-#d#f-#ad-#c#-d#e#a#d#b#d.flac,voicemail,16000,1,15.25875,FLAC,284261
train,1617,0226d8b5-6c64-4e01-9da9-8c08e7094fa8.flac,#d#b#-#c#-#e#-#da#-#c#e#fa#.flac,ivr,16000,1,8.08,FLAC,174253
train,1618,incomplete_fa68d01f-5276-4ffa-a827-287377dc0959_normalized.flac,incomplete_fa#d#f-#-#ffa-a#-#dc#_normalized.flac,human,16000,1,4.64,FLAC,75987
train,1619,complete_a15d4180-2679-4204-a653-23b352e70b0c_normalized.flac,complete_a#d#-#-#-a#-#b#e#b#c_normalized.flac,human,16000,1,4.78325,FLAC,103818
train,1620,response_16.wav,response_#.wav,human,8000,1,8.789375,WAV,70374
train,1621,095ab112-987d-4e1a-8530-4618a8068bf4.flac,#ab#-#d-#e#a-#-#a#bf#.flac,voicemail,16000,1,10.1121875,FLAC,202871
train,1622,human_tts_00199.wav,human_tts_#.wav,human,16000,1,2.568,WAV,82220
train,1623,078942b9-8b7d-4fa3-adb8-8c4f0cb387eb.flac,#b#-#b#d-#fa#-adb#-#c#f#cb#eb.flac,answering_machine,16000,1,8.789375,FLAC,177260
train,1624,incomplete_e900edaf-f07e-45ed-b7f4-4e147f073246_normalized.flac,incomplete_e#edaf-f#e-#ed-b#f#-#e#f#_normalized.flac,human,16000,1,5.2125,FLAC,97705
train,1625,14876040-dd28-4c79-a07f-ed1e53fd87e4.flac,#-dd#-#c#-a#f-ed#e#fd#e#.flac,voicemail,16000,1,12.2134375,FLAC,226300
train,1626,0153ff27-6f0a-4d15-b103-fe842afae14e.flac,#ff#-#f#a-#d#-b#-fe#afae#e.flac,ivr,16000,1,7.76,FLAC,155040
train,1627,09d466d4-2d19-4795-b276-8f60f359684f.flac,#d#d#-#d#-#-b#-#f#f#f.flac,voicemail,16000,1,3.396,FLAC,83574
train,1628,008429f6-00a9-432e-9132-626f34a80cbb.flac,#f#-#a#-#e-#-#f#a#cbb.flac,ivr,16000,1,6.28,FLAC,118470
train,1629,complete_471bb062-9942-4652-a92b-5a73781f5417_normalized.flac,complete_#bb#-#-#-a#b-#a#f#_normalized.flac,human,16000,1,6.114375,FLAC,120103
train,1630,004fa669-c006-4e6e-9ac8-b403fa3f4597.flac,#fa#-c#-#e#e-#ac#-b#fa#f#.flac,ivr,16000,1,6.4,FLAC,128259
train,1631,carrier_de_human_00287.wav,carrier_de_human_#.wav,human,16000,1,2.52,WAV,80684
train,1632,0d5c8ae7-de99-425f-acbb-c340221280a1.flac,#d#c#ae#-de#-#f-acbb-c#a#.flac,voicemail,16000,1,3.2451875,FLAC,43928
train,1633,ivr_00174.wav,ivr_#.wav,ivr,16000,1,8.64,WAV,276524
train,1634,0014d740-a350-44de-9c14-31cb82b2ed5e.flac,#d#-a#-#de-#c#-#cb#b#ed#e.flac,voicemail,16000,1,12.882625,FLAC,242920
train,1635,CA0d33ce9e2c6495b26cb1a4de21ca3cc5_0.wav,CA#d#ce#e#c#b#cb#a#de#ca#cc#_#.wav,human,8000,1,5.76,WAV,46138
train,1636,15897aa4-6dd1-4872-a4ae-2e5caec41fb0.flac,#aa#-#dd#-#-a#ae-#e#caec#fb#.flac,answering_machine,16000,1,2.943375,FLAC,49546
train,1637,1060400e-c758-40f6-bf9d-75a53625431a.flac,#e-c#-#f#-bf#d-#a#a.flac,voicemail,16000,1,14.108,FLAC,286075
train,1638,voicemail_00384.wav,voicemail_#.wav,voicemail,16000,1,10.0,WAV,320044
train,1639,00533c82-2817-4539-8914-0477b6c09e15.flac,#c#-#-#-#-#b#c#e#.flac,ivr,16000,1,11.84,FLAC,253036
train,1640,fr_human_tts_00091.wav,fr_human_tts_#.wav,human,16000,1,2.64,WAV,84524
train,1641,voicemail_00125.wav,voicemail_#.wav,voicemail,16000,1,7.9415,WAV,254172
train,1642,0e571d2c-6a1e-4fcf-9e64-2d5cbbc2ba0f.flac,#e#d#c-#a#e-#fcf-#e#-#d#cbbc#ba#f.flac,voicemail,16000,1,3.0564375,FLAC,46429
train,1643,voicemail_00143.wav,voicemail_#.wav,voicemail,16000,1,10.0,WAV,320044
train,1644,carrier_en_voicemail_00418.wav,carrier_en_voicemail_#.wav,voicemail,16000,1,10.0,WAV,320044
train,1645,00dda73e-49ee-4ba4-8fb1-6781caf076ff.flac,#dda#e-#ee-#ba#-#fb#-#caf#ff.flac,ivr,16000,1,10.24,FLAC,182857
train,1646,complete_820cea3b-38d5-4a45-9a0b-d6df829cdf8d_normalized.flac,complete_#cea#b-#d#-#a#-#a#b-d#df#cdf#d_normalized.flac,human,16000,1,3.297,FLAC,65003
train,1647,1907351c-0d34-4f29-ba94-15e076550cd5.flac,#c-#d#-#f#-ba#-#e#cd#.flac,voicemail,16000,1,4.8966875,FLAC,91853
train,1648,de_ivr_00509.wav,de_ivr_#.wav,ivr,16000,1,7.776,WAV,248876
train,1649,voicemail_00174.wav,voicemail_#.wav,voicemail,16000,1,7.70025,WAV,246452
train,1650,incomplete_dd7bf999-0802-4da9-8d13-dc601f699a87_normalized.flac,incomplete_dd#bf#-#-#da#-#d#-dc#f#a#_normalized.flac,human,16000,1,5.92,FLAC,85505
train,1651,15bdc652-f2ef-4992-84c0-addfb7607bfc.flac,#bdc#-f#ef-#-#c#-addfb#bfc.flac,voicemail,16000,1,8.14575,FLAC,173583
train,1652,ivr_00304.wav,ivr_#.wav,ivr,16000,1,8.592,WAV,274988
train,1653,ivr_00074.wav,ivr_#.wav,ivr,16000,1,10.0,WAV,320044
train,1654,de_human_tts_00458.wav,de_human_tts_#.wav,human,16000,1,1.488,WAV,47660
train,1655,02311fd0-2868-464a-8373-e440225abb50.flac,#fd#-#-#a-#-e#abb#.flac,ivr,16000,1,6.64,FLAC,148865
train,1656,human_real_00109.wav,human_real_#.wav,human,16000,1,5.973375,WAV,191192
train,1657,response_30.wav,response_#.wav,human,8000,1,3.993875,WAV,32010
train,1658,06cf4ea0-91d0-4a58-844d-c13b11a0ba4a.flac,#cf#ea#-#d#-#a#-#d-c#b#a#ba#a.flac,voicemail,16000,1,11.664625,FLAC,236782
train,1659,ivr_00279.wav,ivr_#.wav,ivr,16000,1,9.936,WAV,317996
train,1660,60266779dc3604f481bcb5c4.wav,#dc#f#bcb#c#.wav,human,8000,1,7.082625,WAV,56720
train,1661,human_real_00020.wav,human_real_#.wav,human,16000,1,8.277375,WAV,264920
train,1662,complete_df806999-5df3-4019-a0ac-7bedf9cfc36a_normalized.flac,complete_df#-#df#-#-a#ac-#bedf#cfc#a_normalized.flac,human,16000,1,5.08025,FLAC,96560
train,1663,1457c473-b84e-4e80-913a-ec55ab3e77b4.flac,#c#-b#e-#e#-#a-ec#ab#e#b#.flac,answering_machine,16000,1,3.9216875,FLAC,57374
train,1664,voicemail_00171.wav,voicemail_#.wav,voicemail,16000,1,10.0,WAV,320044
train,1665,60268f73c7abb7f832138c73.wav,#f#c#abb#f#c#.wav,human,8000,1,7.430375,WAV,59502
train,1666,05a7baf5-d055-453d-89c9-02d31023588b.flac,#a#baf#-d#-#d-#c#-#d#b.flac,voicemail,16000,1,13.645,FLAC,270076
train,1667,incomplete_4e0e1f8b-d387-43d8-9be5-3cb58668ab79_normalized.flac,incomplete_#e#e#f#b-d#-#d#-#be#-#cb#ab#_normalized.flac,human,16000,1,6.04125,FLAC,131709
train,1668,036869c7-081c-465f-80ad-e3741304db4c.flac,#c#-#c-#f-#ad-e#db#c.flac,ivr,16000,1,9.08,FLAC,197175
train,1669,ivr_00378.wav,ivr_#.wav,ivr,16000,1,10.0,WAV,320044
train,1670,00b1c79f-948d-43f7-92f3-1f905f4a54ec.flac,#b#c#f-#d-#f#-#f#-#f#f#a#ec.flac,ivr,16000,1,2.88,FLAC,59760
train,1671,01e3e945-af64-4769-9430-fe239704710e.flac,#e#e#-af#-#-#-fe#e.flac,voicemail,16000,1,9.69225,FLAC,187684
train,1672,human_real_00094.wav,human_real_#.wav,human,16000,1,7.594625,WAV,243072
train,1673,1cc5985b-8e8f-4b24-a939-c9c2f147bf77.flac,#cc#b-#e#f-#b#-a#-c#c#f#bf#.flac,voicemail,16000,1,10.772625,FLAC,214391
train,1674,12659d20-9f38-4ed1-8d2e-674231578a34.flac,#d#-#f#-#ed#-#d#e-#a#.flac,voicemail,16000,1,13.2386875,FLAC,260696
train,1675,05a6416e-63cd-42cf-88b9-ef9a5294d25e.flac,#a#e-#cd-#cf-#b#-ef#a#d#e.flac,answering_machine,16000,1,2.8519375,FLAC,54021
train,1676,0253496d-7c25-454c-b9be-45ff70154469.flac,#d-#c#-#c-b#be-#ff#.flac,ivr,16000,1,6.16,FLAC,120209
train,1677,007979fa-f0aa-4491-b9a8-a8c7f554cd65.flac,#fa-f#aa-#-b#a#-a#c#f#cd#.flac,ivr,16000,1,7.24,FLAC,145209
train,1678,ivr_00335.wav,ivr_#.wav,ivr,16000,1,9.744,WAV,311852
train,1679,human_tts_00188.wav,human_tts_#.wav,human,16000,1,3.36,WAV,107564
train,1680,0152e7fa-685d-4d40-a72d-b3c91adc51c3.flac,#e#fa-#d-#d#-a#d-b#c#adc#c#.flac,ivr,16000,1,11.56,FLAC,253659
train,1681,ivr_00154.wav,ivr_#.wav,ivr,16000,1,9.912,WAV,317228
train,1682,0a8850b8-2146-40a3-9eb8-3e2ac99ba9f9.flac,#a#b#-#-#a#-#eb#-#e#ac#ba#f#.flac,answering_machine,16000,1,13.681875,FLAC,264536
train,1683,response_17.wav,response_#.wav,human,8000,1,5.205375,WAV,41702
train,1684,09b261e1-c93c-459b-9db7-117d195bc39c.flac,#b#e#-c#c-#b-#db#-#d#bc#c.flac,voicemail,16000,1,10.7035,FLAC,212415
train,1685,1af3c82d-4753-407a-b9c0-5c73c3d0b878.flac,#af#c#d-#-#a-b#c#-#c#c#d#b#.flac,answering_machine,16000,1,10.5715,FLAC,199538
train,1686,human_tts_00110.wav,human_tts_#.wav,human,16000,1,1.344,WAV,43052
train,1687,0165d6a7-7c1f-40d2-b484-b9187aace584.flac,#d#a#-#c#f-#d#-b#-b#aace#.flac,ivr,16000,1,5.68,FLAC,110649
train,1688,192cf2ba-0869-4a81-b3f8-528068bc4c82.flac,#cf#ba-#-#a#-b#f#-#bc#c#.flac,answering_machine,16000,1,6.0586875,FLAC,127939
train,1689,incomplete_c7c45567e4f84f65a3fedda277ab34ee.flac,incomplete_c#c#e#f#f#a#fedda#ab#ee.flac,human,16000,1,2.8605,FLAC,40841
train,1690,05f39f3d-aca7-4dcd-9b73-242d6815fe4e.flac,#f#f#d-aca#-#dcd-#b#-#d#fe#e.flac,answering_machine,16000,1,7.936,FLAC,159271
train,1691,19acd068-7ada-4d8d-87eb-c8908ddde779.flac,#acd#-#ada-#d#d-#eb-c#ddde#.flac,answering_machine,16000,1,11.406875,FLAC,248774
train,1692,incomplete_fd5623c3-cbfb-47b5-98fd-673be5eb3eaa_normalized.flac,incomplete_fd#c#-cbfb-#b#-#fd-#be#eb#eaa_normalized.flac,human,16000,1,5.04175,FLAC,101601
train,1693,ivr_00188.wav,ivr_#.wav,ivr,16000,1,7.632,WAV,244268
train,1694,185bfb84-e324-4087-b88c-b36a0148ca74.flac,#bfb#-e#-#-b#c-b#a#ca#.flac,voicemail,16000,1,14.96025,FLAC,282195
train,1695,incomplete_738856ec-2e9a-41e5-b8e8-8b112f03f641_normalized.flac,incomplete_#ec-#e#a-#e#-b#e#-#b#f#f#_normalized.flac,human,16000,1,5.024,FLAC,96598
train,1696,am_00090.wav,am_#.wav,answering_machine,16000,1,7.2641875,WAV,232498
train,1697,00f7c71b-5f74-4543-8618-01f2a6611dcf.flac,#f#c#b-#f#-#-#-#f#a#dcf.flac,ivr,16000,1,6.32,FLAC,133116
train,1698,0e136848-c918-4aed-8763-38fe4ef7c79b.flac,#e#-c#-#aed-#-#fe#ef#c#b.flac,voicemail,16000,1,5.863,FLAC,87216
train,1699,CAe89cbf228a89f75dfb63dd051e7c455f_4.wav,CAe#cbf#a#f#dfb#dd#e#c#f_#.wav,human,8000,1,4.96,WAV,39738
train,1700,00623d30-bbaf-4652-881d-52b356726a77.flac,#d#-bbaf-#-#d-#b#a#.flac,ivr,16000,1,7.96,FLAC,173733
train,1701,18f65369-17a6-4d90-a603-67a863bf71fd.flac,#f#-#a#-#d#-a#-#a#bf#fd.flac,answering_machine,16000,1,8.2143125,FLAC,161580
train,1702,10cc08b3-12db-4f39-b694-089da5838df6.flac,#cc#b#-#db-#f#-b#-#da#df#.flac,answering_machine,16000,1,16.0,FLAC,313370
train,1703,am_00205.wav,am_#.wav,answering_machine,16000,1,9.969625,WAV,319072
train,1704,voicemail_00309.wav,voicemail_#.wav,voicemail,16000,1,6.9114375,WAV,221210
train,1705,1b30b719-57d4-4e9d-95be-9756eb4097c3.flac,#b#b#-#d#-#e#d-#be-#eb#c#.flac,answering_machine,16000,1,10.1571875,FLAC,203357
train,1706,06a1d9f9-93d8-4cc7-afaf-903d6e8a598c.flac,#a#d#f#-#d#-#cc#-afaf-#d#e#a#c.flac,voicemail,16000,1,7.5,FLAC,149168
train,1707,es_ivr_00349.wav,es_ivr_#.wav,ivr,16000,1,10.0,WAV,320044
train,1708,human_real_00148.wav,human_real_#.wav,human,16000,1,3.242625,WAV,103808
train,1709,01483fcc-58f8-45b5-a87d-2c734a8beea7.flac,#fcc-#f#-#b#-a#d-#c#a#beea#.flac,voicemail,16000,1,9.5908125,FLAC,201094
train,1710,incomplete_560dcf59753547bcac16cf5c2c4d150d.flac,incomplete_#dcf#bcac#cf#c#c#d#d.flac,human,16000,1,5.6860625,FLAC,91709
train,1711,03264fd2-c8d4-4ed5-bd0a-32c09574735f.flac,#fd#-c#d#-#ed#-bd#a-#c#f.flac,ivr,16000,1,6.04,FLAC,115843
train,1712,027d4f5e-c82c-4d07-a7a3-32b41a7d6b3e.flac,#d#f#e-c#c-#d#-a#a#-#b#a#d#b#e.flac,ivr,16000,1,7.04,FLAC,119829
train,1713,00e92bd2-ed60-40b3-8b4e-79d9dff60d1f.flac,#e#bd#-ed#-#b#-#b#e-#d#dff#d#f.flac,ivr,16000,1,10.24,FLAC,214871
train,1714,voicemail_00376.wav,voicemail_#.wav,voicemail,16000,1,7.8550625,WAV,251406
train,1715,carrier_en_voicemail_00427.wav,carrier_en_voicemail_#.wav,voicemail,16000,1,10.0,WAV,320044
train,1716,0c72e788-8ad7-4e51-af6c-e2ba5de7626a.flac,#c#e#-#ad#-#e#-af#c-e#ba#de#a.flac,answering_machine,16000,1,15.9025,FLAC,307301
train,1717,voicemail_00016.wav,voicemail_#.wav,voicemail,16000,1,10.0,WAV,320044
train,1718,response_18.wav,response_#.wav,human,8000,1,13.269375,WAV,106214
train,1719,01539756-4fb8-4f47-b101-4127447b9da8.flac,#-#fb#-#f#-b#-#b#da#.flac,voicemail,16000,1,8.6093125,FLAC,178920
train,1720,0020a79e-43e0-46ae-a2e7-9423741faf0b.flac,#a#e-#e#-#ae-a#e#-#faf#b.flac,ivr,16000,1,3.04,FLAC,64037
train,1721,de_human_real_00437.wav,de_human_real_#.wav,human,16000,1,5.7585,WAV,184316
train,1722,1aec4876-db05-4b5f-b751-d9a9cc67945f.flac,#aec#-db#-#b#f-b#-d#a#cc#f.flac,answering_machine,16000,1,4.864,FLAC,98770
train,1723,incomplete_0e5bcb68-c405-480d-b4c2-8888a740e9f4_normalized.flac,incomplete_#e#bcb#-c#-#d-b#c#-#a#e#f#_normalized.flac,human,16000,1,2.848,FLAC,56481
train,1724,0205a110-448b-49be-a4c6-407a297c9c3c.flac,#a#-#b-#be-a#c#-#a#c#c#c.flac,ivr,16000,1,13.6,FLAC,250996
train,1725,es_ivr_00361.wav,es_ivr_#.wav,ivr,16000,1,10.0,WAV,320044
train,1726,0250f407-0fed-4315-b00e-c4eea719b794.flac,#f#-#fed-#-b#e-c#eea#b#.flac,ivr,16000,1,10.48,FLAC,211917
train,1727,16ef086c-67b3-49dc-a414-d29f2b616360.flac,#ef#c-#b#-#dc-a#-d#f#b#.flac,answering_machine,16000,1,9.880875,FLAC,203244
train,1728,02b664fd-fead-4b49-8afb-793b57902a55.flac,#b#fd-fead-#b#-#afb-#b#a#.flac,ivr,16000,1,6.8,FLAC,131957
train,1729,1029a624-bd03-418b-b2be-df96cb46abd5.flac,#a#-bd#-#b-b#be-df#cb#abd#.flac,answering_machine,16000,1,3.82775,FLAC,77199
train,1730,00b48eec-0ee6-4b13-ad1d-93ea7116f20f.flac,#b#eec-#ee#-#b#-ad#d-#ea#f#f.flac,voicemail,16000,1,4.03675,FLAC,58531
train,1731,02bdc383-03a5-4b1c-8ae3-a62460f6ce10.flac,#bdc#-#a#-#b#c-#ae#-a#f#ce#.flac,answering_machine,16000,1,14.1274375,FLAC,258958
train,1732,carrier_de_ivr_00348.wav,carrier_de_ivr_#.wav,ivr,16000,1,6.098,WAV,195180
train,1733,05bf1c7e-c779-445f-a77b-0addcefc994b.flac,#bf#c#e-c#-#f-a#b-#addcefc#b.flac,voicemail,16000,1,3.7565625,FLAC,56958
train,1734,incomplete_41d737f8-f0d9-42c6-9953-7d8b82905a45_normalized.flac,incomplete_#d#f#-f#d#-#c#-#-#d#b#a#_normalized.flac,human,16000,1,4.245375,FLAC,93300
train,1735,human_real_00026.wav,human_real_#.wav,human,16000,1,3.669375,WAV,117464
train,1736,02ee3477-813f-4f33-bc2c-372eb2b9cd64.flac,#ee#-#f-#f#-bc#c-#eb#b#cd#.flac,ivr,16000,1,5.2,FLAC,106626
train,1737,02d55af2-0c0c-41d9-a436-da5da9a281de.flac,#d#af#-#c#c-#d#-a#-da#da#a#de.flac,ivr,16000,1,2.52,FLAC,55105
train,1738,140ccd64-783d-4a1d-99e3-3ccfe4bedfc0.flac,#ccd#-#d-#a#d-#e#-#ccfe#bedfc#.flac,answering_machine,16000,1,7.3616875,FLAC,154528
train,1739,ivr_00095.wav,ivr_#.wav,ivr,16000,1,10.0,WAV,320044
train,1740,es_human_tts_00298.wav,es_human_tts_#.wav,human,16000,1,2.28,WAV,73004
train,1741,19bf97d6-f184-4d34-8efc-41421affef54.flac,#bf#d#-f#-#d#-#efc-#affef#.flac,answering_machine,16000,1,12.390375,FLAC,271129
train,1742,602ba1b605f96973d6794404.wav,#ba#b#f#d#.wav,human,8000,1,11.349375,WAV,90854
train,1743,0c62a19d-e99b-4bf6-92f6-824a1d3b448f.flac,#c#a#d-e#b-#bf#-#f#-#a#d#b#f.flac,voicemail,16000,1,4.2956875,FLAC,78341
train,1744,ivr_00056.wav,ivr_#.wav,ivr,16000,1,9.36,WAV,299564
train,1745,15430d42-0729-4495-974f-c03b1ebc486b.flac,#d#-#-#-#f-c#b#ebc#b.flac,voicemail,16000,1,10.2985,FLAC,192651
train,1746,0576d7f5-bd83-4133-b13c-6834d7c8b109.flac,#d#f#-bd#-#-b#c-#d#c#b#.flac,voicemail,16000,1,4.721,FLAC,69951
train,1747,0b9e502a-3634-441c-8f7f-7355236740fb.flac,#b#e#a-#-#c-#f#f-#fb.flac,voicemail,16000,1,9.8545,FLAC,138251
train,1748,ivr_00336.wav,ivr_#.wav,ivr,16000,1,10.0,WAV,320044
train,1749,fr_human_real_00018.wav,fr_human_real_#.wav,human,16000,1,10.0,WAV,320044
train,1750,60268fc4c421a821df7c18ca.wav,#fc#c#a#df#c#ca.wav,human,8000,1,4.181375,WAV,33510
train,1751,carrier_de_voicemail_00332.wav,carrier_de_voicemail_#.wav,voicemail,16000,1,10.0,WAV,320044
train,1752,voicemail_00357.wav,voicemail_#.wav,voicemail,16000,1,8.64325,WAV,276628
train,1753,1340a022-73a2-456d-8de4-2bfbdec1cf02.flac,#a#-#a#-#d-#de#-#bfbdec#cf#.flac,voicemail,16000,1,5.0198125,FLAC,82729
train,1754,030b99d3-72fe-40d3-814a-63a8a9a176fa.flac,#b#d#-#fe-#d#-#a-#a#a#a#fa.flac,voicemail,16000,1,3.6171875,FLAC,59302
train,1755,fr_human_tts_00106.wav,fr_human_tts_#.wav,human,16000,1,2.088,WAV,66860
train,1756,00bcfedd-1879-474e-90b4-e35f214e84cf.flac,#bcfedd-#-#e-#b#-e#f#e#cf.flac,ivr,16000,1,6.52,FLAC,121207
train,1757,es_am_00382.wav,es_am_#.wav,answering_machine,16000,1,9.1779375,WAV,293738
train,1758,incomplete_b9b62dc6-3844-40af-b8bf-5d9fb5044442_normalized.flac,incomplete_b#b#dc#-#-#af-b#bf-#d#fb#_normalized.flac,human,16000,1,9.3975,FLAC,175249
train,1759,145107da-1e57-4554-988d-5501ffb26f82.flac,#da-#e#-#-#d-#ffb#f#.flac,voicemail,16000,1,12.603625,FLAC,232026
train,1760,ivr_00230.wav,ivr_#.wav,ivr,16000,1,9.984,WAV,319532
train,1761,007302c3-000b-422d-a825-def38f526d39.flac,#c#-#b-#d-a#-def#f#d#.flac,ivr,16000,1,6.76,FLAC,117841
train,1762,60268fd4c7abb7f832138d56.wav,#fd#c#abb#f#d#.wav,human,8000,1,6.966,WAV,55786
train,1763,voicemail_00120.wav,voicemail_#.wav,voicemail,16000,1,10.0,WAV,320044
train,1764,19707e06-9d0f-44e0-b87e-9b5edab6b48d.flac,#e#-#d#f-#e#-b#e-#b#edab#b#d.flac,voicemail,16000,1,12.8084375,FLAC,235382
train,1765,complete_40c5f042-2e06-43b2-b489-a0dab88268ba_normalized.flac,complete_#c#f#-#e#-#b#-b#-a#dab#ba_normalized.flac,human,16000,1,5.054,FLAC,113962
train,1766,015e43dd-0150-4079-92de-69a4b1321f80.flac,#e#dd-#-#-#de-#a#b#f#.flac,voicemail,16000,1,13.356,FLAC,254580
train,1767,0b21cd77-bfc3-4839-90ee-0bacd26a8bde.flac,#b#cd#-bfc#-#-#ee-#bacd#a#bde.flac,voicemail,16000,1,11.815125,FLAC,231346
train,1768,0e5a51c3-6eb3-478c-b8d7-8b4c89f1132c.flac,#e#a#c#-#eb#-#c-b#d#-#b#c#f#c.flac,voicemail,16000,1,12.682875,FLAC,247184
train,1769,05fa72e2-d5ba-4dba-a044-f5d1696c6e6f.flac,#fa#e#-d#ba-#dba-a#-f#d#c#e#f.flac,voicemail,16000,1,14.8743125,FLAC,312623
train,1770,60266534c7abb7f83213834f.wav,#c#abb#f#f.wav,human,8000,1,10.581375,WAV,84710
train,1771,human_tts_00039.wav,human_tts_#.wav,human,16000,1,1.416,WAV,45356
train,1772,134bc960-2b8b-457e-a3d4-42db73ab249f.flac,#bc#-#b#b-#e-a#d#-#db#ab#f.flac,voicemail,16000,1,11.5513125,FLAC,196484
train,1773,human_tts_00131.wav,human_tts_#.wav,human,16000,1,0.792,WAV,25388
train,1774,04733156-8a77-422e-a00c-f9cbf7443cc3.flac,#-#a#-#e-a#c-f#cbf#cc#.flac,voicemail,16000,1,12.0559375,FLAC,242055
train,1775,voicemail_00218.wav,voicemail_#.wav,voicemail,16000,1,10.0,WAV,320044
train,1776,ivr_00353.wav,ivr_#.wav,ivr,16000,1,10.0,WAV,320044
train,1777,00a02041-c3e7-44a8-be6d-b56dc2254795.flac,#a#-c#e#-#a#-be#d-b#dc#.flac,ivr,16000,1,10.88,FLAC,208139
train,1778,12a3a14f-98c9-496e-88a0-4c5ed553c677.flac,#a#a#f-#c#-#e-#a#-#c#ed#c#.flac,voicemail,16000,1,8.3021875,FLAC,131692
train,1779,08b58947-149f-4134-9637-85f472af3510.flac,#b#-#f-#-#-#f#af#.flac,answering_machine,16000,1,8.802875,FLAC,134537
train,1780,12e833ea-afee-47db-950b-3416251d85bf.flac,#e#ea-afee-#db-#b-#d#bf.flac,answering_machine,16000,1,12.0060625,FLAC,211704
train,1781,fr_human_tts_00086.wav,fr_human_tts_#.wav,human,16000,1,3.456,WAV,110636
train,1782,602ba4a0bb1e6d0fbce92047.wav,#ba#a#bb#e#d#fbce#.wav,human,8000,1,19.2,WAV,153658
train,1783,complete_47459b32-3890-4bad-b7b7-1c7d19bf34c5_normalized.flac,complete_#b#-#-#bad-b#b#-#c#d#bf#c#_normalized.flac,human,16000,1,2.19275,FLAC,45945
train,1784,fr_human_real_00021.wav,fr_human_real_#.wav,human,16000,1,10.0,WAV,320044
train,1785,carrier_es_answering_machine_00279.wav,carrier_es_answering_machine_#.wav,answering_machine,16000,1,9.5359375,WAV,305194
train,1786,0362fac3-6660-4593-afde-bae35782c8ec.flac,#fac#-#-#-afde-bae#c#ec.flac,ivr,16000,1,4.24,FLAC,92265
train,1787,10cec7fd-3e50-4275-a7a6-03d653e532fe.flac,#cec#fd-#e#-#-a#a#-#d#e#fe.flac,voicemail,16000,1,6.804,FLAC,140190
train,1788,voicemail_00213.wav,voicemail_#.wav,voicemail,16000,1,8.81075,WAV,281988
train,1789,1c9968d1-660b-4140-8a57-6909e1cf2823.flac,#c#d#-#b-#-#a#-#e#cf#.flac,answering_machine,16000,1,2.692375,FLAC,50045
train,1790,incomplete_315fde91-8c47-4277-94a4-5ca5c6a34964_normalized.flac,incomplete_#fde#-#c#-#-#a#-#ca#c#a#_normalized.flac,human,16000,1,6.86625,FLAC,131853
train,1791,complete_4df59a7321af4b84ab8c5a56336b062c.flac,complete_#df#a#af#b#ab#c#a#b#c.flac,human,16000,1,2.907,FLAC,53938
train,1792,0ec8016e-cc7b-4cfb-9fb6-ec808ff89e62.flac,#ec#e-cc#b-#cfb-#fb#-ec#ff#e#.flac,voicemail,16000,1,2.97825,FLAC,57299
train,1793,es_ivr_00365.wav,es_ivr_#.wav,ivr,16000,1,10.0,WAV,320044
train,1794,131d072d-4f7f-4cf3-9fdd-a7a4bc6177be.flac,#d#d-#f#f-#cf#-#fdd-a#a#bc#be.flac,answering_machine,16000,1,5.376,FLAC,108186
train,1795,002c4715-ce68-4eaf-917b-cf5bcf1688d4.flac,#c#-ce#-#eaf-#b-cf#bcf#d#.flac,ivr,16000,1,3.84,FLAC,72711
train,1796,15c54360-916c-4375-8805-0b249cea0873.flac,#c#-#c-#-#-#b#cea#.flac,voicemail,16000,1,6.709625,FLAC,133139
train,1797,11ca281f-8ac8-4ab4-a369-94e96b13082c.flac,#ca#f-#ac#-#ab#-a#-#e#b#c.flac,answering_machine,16000,1,4.010625,FLAC,79799
train,1798,00ce325e-e069-492e-ab93-70ebe66ced22.flac,#ce#e-e#-#e-ab#-#ebe#ced#.flac,ivr,16000,1,5.6,FLAC,115801
train,1799,incomplete_9cbef823-df41-4878-8eb6-144b856b3b47_normalized.flac,incomplete_#cbef#-df#-#-#eb#-#b#b#b#_normalized.flac,human,16000,1,5.12625,FLAC,100163
train,1800,01c04152-bafb-4516-a8c1-d44fd8008a81.flac,#c#-bafb-#-a#c#-d#fd#a#.flac,ivr,16000,1,7.6,FLAC,175462
train,1801,016c5fc6-01e1-4c8c-9281-e4e0c3f30119.flac,#c#fc#-#e#-#c#c-#-e#e#c#f#.flac,ivr,16000,1,8.08,FLAC,150802
train,1802,602663fbc7abb7f8321382ea.wav,#fbc#abb#f#ea.wav,human,8000,1,13.397375,WAV,107238
train,1803,00a82807-ebcb-452e-bb10-76e4d4ed3d70.flac,#a#-ebcb-#e-bb#-#e#d#ed#d#.flac,ivr,16000,1,8.72,FLAC,187509
train,1804,114f19e7-ad95-4783-8aae-8fcba3c9d48f.flac,#f#e#-ad#-#-#aae-#fcba#c#d#f.flac,voicemail,16000,1,5.92925,FLAC,117098
train,1805,002ce78d-97e8-488b-937e-f3287fbad6b4.flac,#ce#d-#e#-#b-#e-f#fbad#b#.flac,ivr,16000,1,15.0,FLAC,344731
train,1806,01235fd5-938d-48df-8dc9-0964da9ce83b.flac,#fd#-#d-#df-#dc#-#da#ce#b.flac,ivr,16000,1,5.32,FLAC,105643
train,1807,0ad99a98-6845-4257-b026-631c038f2984.flac,#ad#a#-#-#-b#-#c#f#.flac,voicemail,16000,1,14.3440625,FLAC,269914
train,1808,1cca00c9-bccb-4d90-b702-7f472b8939eb.flac,#cca#c#-bccb-#d#-b#-#f#b#eb.flac,answering_machine,16000,1,13.4909375,FLAC,258071
train,1809,17c547dd-1b3d-4710-8c02-765b92cc352b.flac,#c#dd-#b#d-#-#c#-#b#cc#b.flac,answering_machine,16000,1,4.949375,FLAC,104393
train,1810,complete_868e33d0-2d94-4fa8-8c24-e0fe65aad497_normalized.flac,complete_#e#d#-#d#-#fa#-#c#-e#fe#aad#_normalized.flac,human,16000,1,5.9653125,FLAC,111579
train,1811,07b882a1-1ff5-4f14-ba64-47002fadac45.flac,#b#a#-#ff#-#f#-ba#-#fadac#.flac,voicemail,16000,1,11.8926875,FLAC,209867
train,1812,incomplete_68d8142e-1182-48cd-b466-db9e79bfc2fb_normalized.flac,incomplete_#d#e-#-#cd-b#-db#e#bfc#fb_normalized.flac,human,16000,1,4.68,FLAC,80241
train,1813,0fc13b5f-6156-4bb2-ae16-bd522e49ab4d.flac,#fc#b#f-#-#bb#-ae#-bd#e#ab#d.flac,voicemail,16000,1,3.9139375,FLAC,52002
train,1814,18ea7a60-1531-4b9f-a8bf-46e5a3673b5d.flac,#ea#a#-#-#b#f-a#bf-#e#a#b#d.flac,voicemail,16000,1,2.67025,FLAC,55520
train,1815,02e68e72-8a99-4bf4-8504-a6abd4f5fd11.flac,#e#e#-#a#-#bf#-#-a#abd#f#fd#.flac,ivr,16000,1,5.04,FLAC,100448
train,1816,carrier_de_human_00292.wav,carrier_de_human_#.wav,human,16000,1,2.544,WAV,81452
train,1817,08e66184-95b6-4f0d-a766-44fe606dc5c6.flac,#e#-#b#-#f#d-a#-#fe#dc#c#.flac,voicemail,16000,1,12.5038125,FLAC,230517
train,1818,incomplete_27076e0f-fc9c-43cf-bc92-201493daae51_normalized.flac,incomplete_#e#f-fc#c-#cf-bc#-#daae#_normalized.flac,human,16000,1,4.28,FLAC,69453
train,1819,14c283c1-c698-4075-b9d3-0fe7fb00203a.flac,#c#c#-c#-#-b#d#-#fe#fb#a.flac,answering_machine,16000,1,10.1736875,FLAC,200557
train,1820,human_real_00006.wav,human_real_#.wav,human,16000,1,5.888,WAV,188460
train,1821,carrier_fr_voicemail_00080.wav,carrier_fr_voicemail_#.wav,voicemail,16000,1,10.0,WAV,320044
train,1822,000fcfb3-17c8-4002-9157-4e2a4e1a6784.flac,#fcfb#-#c#-#-#-#e#a#e#a#.flac,ivr,16000,1,3.16,FLAC,63985
train,1823,0177fb1a-a6ec-4adc-b2ed-ff7c807eb15b.flac,#fb#a-a#ec-#adc-b#ed-ff#c#eb#b.flac,ivr,16000,1,5.68,FLAC,113487
train,1824,carrier_fr_ivr_00103.wav,carrier_fr_ivr_#.wav,ivr,16000,1,6.768,WAV,216620
train,1825,incomplete_77df3bb71c7843179608fef4e773d9c9.flac,incomplete_#df#bb#c#fef#e#d#c#.flac,human,16000,1,1.8605,FLAC,17182
train,1826,0ca75713-6934-41b1-81c7-d4a665970610.flac,#ca#-#-#b#-#c#-d#a#.flac,answering_machine,16000,1,8.789375,FLAC,190527
train,1827,carrier_fr_voicemail_00065.wav,carrier_fr_voicemail_#.wav,voicemail,16000,1,10.0,WAV,320044
train,1828,CA1a1c2b31c67bb6413685745d870a4ad2_0.wav,CA#a#c#b#c#bb#d#a#ad#_#.wav,human,8000,1,26.6,WAV,212858
train,1829,1e476591-2d87-4f3e-9e10-5cba5b7336de.flac,#e#-#d#-#f#e-#e#-#cba#b#de.flac,voicemail,16000,1,11.9140625,FLAC,256806
train,1830,response_43.wav,response_#.wav,human,8000,1,20.650625,WAV,165264
train,1831,complete_25771b9c-aaf5-4592-974d-f4ad5b4e080a_normalized.flac,complete_#b#c-aaf#-#-#d-f#ad#b#e#a_normalized.flac,human,16000,1,3.24,FLAC,55927
train,1832,0e732d6d-a384-448a-8705-0d545776ad40.flac,#e#d#d-a#-#a-#-#d#ad#.flac,answering_machine,16000,1,4.181375,FLAC,80701
train,1833,0113a8dc-7d93-4b3b-8675-ea2b885cc19a.flac,#a#dc-#d#-#b#b-#-ea#b#cc#a.flac,ivr,16000,1,5.88,FLAC,102385
train,1834,am_00345.wav,am_#.wav,answering_machine,16000,1,7.6759375,WAV,245674
train,1835,02e8cd28-9301-4882-a03f-dcb1bca4f007.flac,#e#cd#-#-#-a#f-dcb#bca#f#.flac,ivr,16000,1,10.0,FLAC,240213
train,1836,voicemail_00140.wav,voicemail_#.wav,voicemail,16000,1,10.0,WAV,320044
train,1837,08500a41-e537-43e4-9ca1-c1125f06f6c2.flac,#a#-e#-#e#-#ca#-c#f#f#c#.flac,voicemail,16000,1,6.196,FLAC,135456
train,1838,008cf54f-02cf-4734-8a1b-7ec4e0cdbf25.flac,#cf#f-#cf-#-#a#b-#ec#e#cdbf#.flac,ivr,16000,1,8.84,FLAC,181320
train,1839,1d2ddbe0-3650-4cc6-8d6c-41615d5bf8bc.flac,#d#ddbe#-#-#cc#-#d#c-#d#bf#bc.flac,answering_machine,16000,1,2.4515625,FLAC,33571
train,1840,12d01c4f-ce1f-4d95-beb3-1a265c26a36d.flac,#d#c#f-ce#f-#d#-beb#-#a#c#a#d.flac,voicemail,16000,1,13.2610625,FLAC,263250
train,1841,0ac3d8ff-5fb5-4b5c-8593-4c7acc9efe78.flac,#ac#d#ff-#fb#-#b#c-#-#c#acc#efe#.flac,answering_machine,16000,1,14.241375,FLAC,278697
train,1842,am_00352.wav,am_#.wav,answering_machine,16000,1,10.0,WAV,320044
train,1843,complete_a5ef93a0-2c07-402f-884d-04c0e3789b2e_normalized.flac,complete_a#ef#a#-#c#-#f-#d-#c#e#b#e_normalized.flac,human,16000,1,5.60625,FLAC,117972
train,1844,08b45228-7f95-4efa-98e0-d7390ffd0348.flac,#b#-#f#-#efa-#e#-d#ffd#.flac,voicemail,16000,1,1.83,FLAC,35403
train,1845,023dae6d-1786-4521-b206-b34970c1cea3.flac,#dae#d-#-#-b#-b#c#cea#.flac,ivr,16000,1,13.16,FLAC,244657
train,1846,02acbad9-3466-4c96-bd1b-96e87ab7a5d9.flac,#acbad#-#-#c#-bd#b-#e#ab#a#d#.flac,ivr,16000,1,7.08,FLAC,148122
train,1847,028c25c2-9f46-42d9-bea2-2827093eda09.flac,#c#c#-#f#-#d#-bea#-#eda#.flac,ivr,16000,1,9.04,FLAC,185347
train,1848,01aed32e-95fd-4d49-b533-aadefd59da83.flac,#aed#e-#fd-#d#-b#-aadefd#da#.flac,ivr,16000,1,4.44,FLAC,80231
train,1849,fr_human_real_00060.wav,fr_human_real_#.wav,human,16000,1,4.437375,WAV,142040
train,1850,carrier_fr_answering_machine_00159.wav,carrier_fr_answering_machine_#.wav,answering_machine,16000,1,10.0,WAV,320044
train,1851,response_29.wav,response_#.wav,human,8000,1,5.294125,WAV,42412
train,1852,human_tts_00114.wav,human_tts_#.wav,human,16000,1,3.816,WAV,122156
train,1853,response_3.wav,response_#.wav,human,8000,1,5.290625,WAV,42384
train,1854,034e1224-06de-40de-b116-7b673857c7bf.flac,#e#-#de-#de-b#-#b#c#bf.flac,ivr,16000,1,4.0,FLAC,82314
train,1855,1d33a6fa-d84a-4046-ac01-60006d5d9bb6.flac,#d#a#fa-d#a-#-ac#-#d#d#bb#.flac,answering_machine,16000,1,11.015,FLAC,219726
train,1856,033add6b-f17e-48fa-a45b-4e17ac1e9636.flac,#add#b-f#e-#fa-a#b-#e#ac#e#.flac,answering_machine,16000,1,11.8040625,FLAC,219939
train,1857,complete_417bbd24-c2f7-4eca-bb11-eb3e7983b1e9_normalized.flac,complete_#bbd#-c#f#-#eca-bb#-eb#e#b#e#_normalized.flac,human,16000,1,5.293125,FLAC,101630
train,1858,0656e839-bf8f-48a8-8aa3-1c79c3d79da9.flac,#e#-bf#f-#a#-#aa#-#c#c#d#da#.flac,answering_machine,16000,1,3.9405625,FLAC,65526
train,1859,ivr_00210.wav,ivr_#.wav,ivr,16000,1,10.0,WAV,320044
train,1860,incomplete_a4128a12-5bc5-41f2-b2cc-c298c7647dea_normalized.flac,incomplete_a#a#-#bc#-#f#-b#cc-c#c#dea_normalized.flac,human,16000,1,4.942,FLAC,95216
train,1861,es_human_real_00252.wav,es_human_real_#.wav,human,16000,1,10.0,WAV,320044
train,1862,ivr_00387.wav,ivr_#.wav,ivr,16000,1,7.944,WAV,254252
train,1863,human_tts_00051.wav,human_tts_#.wav,human,16000,1,1.392,WAV,44588
train,1864,incomplete_223c3285-e864-4956-a81c-4e71d2ef08d2_normalized.flac,incomplete_#c#-e#-#-a#c-#e#d#ef#d#_normalized.flac,human,16000,1,3.552,FLAC,66364
train,1865,es_voicemail_00324.wav,es_voicemail_#.wav,voicemail,16000,1,7.09575,WAV,227108
train,1866,60268e26dc3604f481bcb797.wav,#e#dc#f#bcb#.wav,human,8000,1,3.584,WAV,28730
train,1867,0084aaf7-b6ab-4053-a952-a821c9ec122d.flac,#aaf#-b#ab-#-a#-a#c#ec#d.flac,ivr,16000,1,7.24,FLAC,151561
train,1868,ivr_00269.wav,ivr_#.wav,ivr,16000,1,9.912,WAV,317228
train,1869,1db7fe3e-516d-4782-b916-3c3d4eeda890.flac,#db#fe#e-#d-#-b#-#c#d#eeda#.flac,answering_machine,16000,1,16.0,FLAC,289428
train,1870,human_real_00098.wav,human_real_#.wav,human,16000,1,7.168,WAV,229420
train,1871,carrier_en_voicemail_00414.wav,carrier_en_voicemail_#.wav,voicemail,16000,1,10.0,WAV,320044
train,1872,192f67b4-0b51-402d-afe4-c6067a7a27fa.flac,#f#b#-#b#-#d-afe#-c#a#a#fa.flac,voicemail,16000,1,16.0,FLAC,287595
train,1873,complete_de8bb585-ff9e-42ae-b62f-be4626360f5f_normalized.flac,complete_de#bb#-ff#e-#ae-b#f-be#f#f_normalized.flac,human,16000,1,3.744,FLAC,75133
train,1874,0288e31c-7794-4a90-ae2c-4562fe40f034.flac,#e#c-#-#a#-ae#c-#fe#f#.flac,ivr,16000,1,8.04,FLAC,160398
train,1875,02db73b2-b9d9-49e7-a96d-2f8aedd30690.flac,#db#b#-b#d#-#e#-a#d-#f#aedd#.flac,ivr,16000,1,7.24,FLAC,145104
train,1876,0d70304c-3033-4c7d-a4c5-cf51d1cb47e3.flac,#d#c-#-#c#d-a#c#-cf#d#cb#e#.flac,voicemail,16000,1,12.470375,FLAC,223855
train,1877,00043f22-043b-4c18-a5b0-40b85d771df1.flac,#f#-#b-#c#-a#b#-#b#d#df#.flac,answering_machine,16000,1,10.124125,FLAC,190367
train,1878,voicemail_00110.wav,voicemail_#.wav,voicemail,16000,1,9.143,WAV,292620
train,1879,carrier_en_voicemail_00445.wav,carrier_en_voicemail_#.wav,voicemail,16000,1,10.0,WAV,320044
train,1880,077c8ed3-07b2-47ea-94e4-6d2a917235c7.flac,#c#ed#-#b#-#ea-#e#-#d#a#c#.flac,answering_machine,16000,1,3.603875,FLAC,57809
train,1881,05b390bf-ba4d-4b1f-8927-bd90351db78b.flac,#b#bf-ba#d-#b#f-#-bd#db#b.flac,answering_machine,16000,1,9.3373125,FLAC,176493
train,1882,am_00268.wav,am_#.wav,answering_machine,16000,1,10.0,WAV,320044
train,1883,0db0b78d-d944-4910-bb9a-6ab2d405d1fc.flac,#db#b#d-d#-#-bb#a-#ab#d#d#fc.flac,voicemail,16000,1,12.847125,FLAC,273385
train,1884,104924a1-6894-4e5f-bce1-6236e0f14f35.flac,#a#-#-#e#f-bce#-#e#f#f#.flac,voicemail,16000,1,3.3259375,FLAC,55016
train,1885,0ee4ef93-47ea-4638-95e6-fc11d3de9c57.flac,#ee#ef#-#ea-#-#e#-fc#d#de#c#.flac,answering_machine,16000,1,4.374875,FLAC,91556
train,1886,018ebaa5-9789-4a1d-a948-a0ce74261d3a.flac,#ebaa#-#-#a#d-a#-a#ce#d#a.flac,answering_machine,16000,1,10.496,FLAC,217707
train,1887,1dfb9675-f28c-4fb1-876c-68c36df2fcce.flac,#dfb#-f#c-#fb#-#c-#c#df#fcce.flac,answering_machine,16000,1,14.291,FLAC,294866
train,1888,013bcfa7-41d3-4187-8432-fd32da24b30b.flac,#bcfa#-#d#-#-#-fd#da#b#b.flac,ivr,16000,1,6.04,FLAC,142770
train,1889,am_00080.wav,am_#.wav,answering_machine,16000,1,10.0,WAV,320044
train,1890,human_real_00014.wav,human_real_#.wav,human,16000,1,2.986625,WAV,95616
train,1891,007097b6-795f-4c3e-80f1-b31991d667d5.flac,#b#-#f-#c#e-#f#-b#d#d#.flac,ivr,16000,1,4.96,FLAC,96890
train,1892,0101c63a-1920-44a7-bc8d-b5dac5048acb.flac,#c#a-#-#a#-bc#d-b#dac#acb.flac,voicemail,16000,1,10.573625,FLAC,195505
train,1893,carrier_fr_human_00001.wav,carrier_fr_human_#.wav,human,16000,1,1.584,WAV,50732
train,1894,0188f735-05e6-4e59-83b3-406562160184.flac,#f#-#e#-#e#-#b#-#.flac,ivr,16000,1,7.8,FLAC,154399
train,1895,602ba562bb1e6d0fbce92066.wav,#ba#bb#e#d#fbce#.wav,human,8000,1,19.114625,WAV,152976
train,1896,response_47.wav,response_#.wav,human,8000,1,15.36,WAV,122938
train,1897,09422085-17c2-4f33-ab3c-46d4e6783db3.flac,#-#c#-#f#-ab#c-#d#e#db#.flac,voicemail,16000,1,1.996875,FLAC,26674
train,1898,19335899-eb9f-4ec9-81bf-b7d3cb54e7e7.flac,#-eb#f-#ec#-#bf-b#d#cb#e#e#.flac,voicemail,16000,1,13.4823125,FLAC,252032
train,1899,response_2.wav,response_#.wav,human,8000,1,5.294125,WAV,42412
train,1900,60266777dc3604f481bcb5c3.wav,#dc#f#bcb#c#.wav,human,8000,1,5.717375,WAV,45798
train,1901,es_voicemail_00322.wav,es_voicemail_#.wav,voicemail,16000,1,8.1984375,WAV,262394
train,1902,0b053e39-4969-4be9-9f7d-8d2a936aae75.flac,#b#e#-#-#be#-#f#d-#d#a#aae#.flac,answering_machine,16000,1,7.5449375,FLAC,152478
train,1903,complete_21740a22-dfa6-48f7-8467-d6a1542f343f_normalized.flac,complete_#a#-dfa#-#f#-#-d#a#f#f_normalized.flac,human,16000,1,3.232,FLAC,65828
train,1904,de_human_real_00443.wav,de_human_real_#.wav,human,16000,1,5.461375,WAV,174808
train,1905,fr_human_tts_00108.wav,fr_human_tts_#.wav,human,16000,1,2.184,WAV,69932
train,1906,0c3de827-fa8d-487d-86f7-2fcd613f3680.flac,#c#de#-fa#d-#d-#f#-#fcd#f#.flac,voicemail,16000,1,3.4249375,FLAC,72524
train,1907,01c97dde-25d1-4c92-a6b2-e28d93d88232.flac,#c#dde-#d#-#c#-a#b#-e#d#d#.flac,ivr,16000,1,11.44,FLAC,253993
train,1908,07f5d2e4-f570-4917-aa7e-2c7b41c919cc.flac,#f#d#e#-f#-#-aa#e-#c#b#c#cc.flac,voicemail,16000,1,6.26,FLAC,142033
train,1909,incomplete_a7dc80f9779b4e858600a0e70798a37f.flac,incomplete_a#dc#f#b#e#a#e#a#f.flac,human,16000,1,3.1628125,FLAC,52659
train,1910,02ed7d52-7413-47f3-8744-9e3080f9f84c.flac,#ed#d#-#-#f#-#-#e#f#f#c.flac,ivr,16000,1,5.88,FLAC,121356
train,1911,189c7d90-5d89-4b1c-b520-749c31250cdf.flac,#c#d#-#d#-#b#c-b#-#c#cdf.flac,answering_machine,16000,1,14.203,FLAC,263346
train,1912,6026901bdc3604f481bcb8d4.wav,#bdc#f#bcb#d#.wav,human,8000,1,11.05275,WAV,88480
train,1913,ivr_00153.wav,ivr_#.wav,ivr,16000,1,10.0,WAV,320044
train,1914,14ba1eed-2a00-4676-8be0-de465836a2e4.flac,#ba#eed-#a#-#-#be#-de#a#e#.flac,answering_machine,16000,1,13.08925,FLAC,234963
train,1915,6026615bcfa37e1cf217af58.wav,#bcfa#e#cf#af#.wav,human,8000,1,5.7585,WAV,46126
train,1916,human_tts_00184.wav,human_tts_#.wav,human,16000,1,2.952,WAV,94508
train,1917,065d6923-e94d-4dad-b80a-6040b74ea5d2.flac,#d#-e#d-#dad-b#a-#b#ea#d#.flac,voicemail,16000,1,12.189125,FLAC,210574
train,1918,carrier_fr_ivr_00107.wav,carrier_fr_ivr_#.wav,ivr,16000,1,10.0,WAV,320044
train,1919,incomplete_31d42fff-34f2-426f-8a93-6a3482320562_normalized.flac,incomplete_#d#fff-#f#-#f-#a#-#a#_normalized.flac,human,16000,1,4.865,FLAC,102054
train,1920,human_real_00143.wav,human_real_#.wav,human,16000,1,3.072,WAV,98348
train,1921,complete_481beb4d-3d79-4d79-8b31-e938eac8ee9a_normalized.flac,complete_#beb#d-#d#-#d#-#b#-e#eac#ee#a_normalized.flac,human,16000,1,2.56,FLAC,36954
train,1922,0187fe87-1692-4186-a90b-56fc2630458e.flac,#fe#-#-#-a#b-#fc#e.flac,ivr,16000,1,5.32,FLAC,101525
train,1923,02891646-ccd7-4007-b484-134f9ed682e1.flac,#-ccd#-#-b#-#f#ed#e#.flac,ivr,16000,1,4.68,FLAC,112633
train,1924,CA31366f3d201841a86a60f535714575a9_0.wav,CA#f#d#a#a#f#a#_#.wav,human,8000,1,9.58,WAV,76698
train,1925,voicemail_00268.wav,voicemail_#.wav,voicemail,16000,1,8.60675,WAV,275460
train,1926,response_48.wav,response_#.wav,human,8000,1,4.693375,WAV,37606
train,1927,human_real_00131.wav,human_real_#.wav,human,16000,1,4.82975,WAV,154596
train,1928,voicemail_00319.wav,voicemail_#.wav,voicemail,16000,1,10.0,WAV,320044
train,1929,carrier_es_human_00177.wav,carrier_es_human_#.wav,human,16000,1,2.04,WAV,65324
train,1930,ivr_00079.wav,ivr_#.wav,ivr,16000,1,10.0,WAV,320044
train,1931,incomplete_69e653cf-37ba-45d9-8042-1114e44c90fc_normalized.flac,incomplete_#e#cf-#ba-#d#-#-#e#c#fc_normalized.flac,human,16000,1,4.032,FLAC,79433
train,1932,00cfb9de-1f01-4a83-b83f-eb12e5333a93.flac,#cfb#de-#f#-#a#-b#f-eb#e#a#.flac,voicemail,16000,1,7.4535625,FLAC,143275
train,1933,18b919bd-ff39-49dd-b58a-a72be0174bc3.flac,#b#bd-ff#-#dd-b#a-a#be#bc#.flac,voicemail,16000,1,11.5086875,FLAC,236672
train,1934,0f0ac3a2-f580-4cb0-b58c-60560b9a04bc.flac,#f#ac#a#-f#-#cb#-b#c-#b#a#bc.flac,answering_machine,16000,1,4.073,FLAC,84431
train,1935,036204b3-41f1-468d-91dd-e0fe63249d4d.flac,#b#-#f#-#d-#dd-e#fe#d#d.flac,ivr,16000,1,10.68,FLAC,240645
train,1936,1e4267ee-c66b-4a73-a647-f594a1e71474.flac,#e#ee-c#b-#a#-a#-f#a#e#.flac,answering_machine,16000,1,7.68,FLAC,170195
train,1937,0271e010-551f-419c-9116-0a14594117ee.flac,#e#-#f-#c-#-#a#ee.flac,ivr,16000,1,3.56,FLAC,68101
train,1938,019b7e5b-a96d-4114-91a1-cda522a74efa.flac,#b#e#b-a#d-#-#a#-cda#a#efa.flac,ivr,16000,1,5.44,FLAC,97410
train,1939,14c2fefd-a1a1-4747-b72d-a46a0df3a182.flac,#c#fefd-a#a#-#-b#d-a#a#df#a#.flac,answering_machine,16000,1,3.7640625,FLAC,75006
train,1940,complete_873b9d4b-7ea1-4e93-a6a9-9639173fd7dd_normalized.flac,complete_#b#d#b-#ea#-#e#-a#a#-#fd#dd_normalized.flac,human,16000,1,4.596375,FLAC,91343
train,1941,1c5c6916-5c06-4fd2-8031-8da5724e040e.flac,#c#c#-#c#-#fd#-#-#da#e#e.flac,answering_machine,16000,1,12.933875,FLAC,270503
train,1942,06491663-51bd-4863-b856-15dd627f2a07.flac,#-#bd-#-b#-#dd#f#a#.flac,answering_machine,16000,1,11.670375,FLAC,226539
train,1943,0ad59534-3bb1-4890-8b68-74afd08c179d.flac,#ad#-#bb#-#-#b#-#afd#c#d.flac,voicemail,16000,1,12.565375,FLAC,260436
train,1944,1b34fd98-b446-4a02-8572-3165f40299cd.flac,#b#fd#-b#-#a#-#-#f#cd.flac,voicemail,16000,1,6.9891875,FLAC,117763
train,1945,0d2b5be2-9414-4976-8d49-eb38f9ee568e.flac,#d#b#be#-#-#-#d#-eb#f#ee#e.flac,voicemail,16000,1,11.5353125,FLAC,254669
train,1946,01cd4402-8697-474b-9640-06d60b2fdbdc.flac,#cd#-#-#b-#-#d#b#fdbdc.flac,ivr,16000,1,4.12,FLAC,86883
train,1947,ivr_00085.wav,ivr_#.wav,ivr,16000,1,10.0,WAV,320044
train,1948,ivr_00023.wav,ivr_#.wav,ivr,16000,1,9.192,WAV,294188
train,1949,60268e6ac7abb7f832138af6.wav,#e#ac#abb#f#af#.wav,human,8000,1,13.738625,WAV,109968
train,1950,response_43.wav,response_#.wav,human,8000,1,16.810625,WAV,134544
train,1951,fr_human_real_00066.wav,fr_human_real_#.wav,human,16000,1,10.0,WAV,320044
train,1952,voicemail_00013.wav,voicemail_#.wav,voicemail,16000,1,7.1568125,WAV,229062
train,1953,13049d5f-dd5f-486a-aa7e-e45b2fe5ba9a.flac,#d#f-dd#f-#a-aa#e-e#b#fe#ba#a.flac,answering_machine,16000,1,10.574125,FLAC,225069
train,1954,00859bad-546c-4529-a63e-049d374559e0.flac,#bad-#c-#-a#e-#d#e#.flac,ivr,16000,1,5.76,FLAC,126295
train,1955,0299ef40-18f3-492b-bedb-5b3ba1ac3ed4.flac,#ef#-#f#-#b-bedb-#b#ba#ac#ed#.flac,ivr,16000,1,5.96,FLAC,131872
train,1956,1cd68ada-6312-4f08-b79c-1d51632318c9.flac,#cd#ada-#-#f#-b#c-#d#c#.flac,answering_machine,16000,1,8.2770625,FLAC,155598
train,1957,incomplete_49b49c24-639e-4a29-a1b2-735e91dcda4f_normalized.flac,incomplete_#b#c#-#e-#a#-a#b#-#e#dcda#f_normalized.flac,human,16000,1,3.214375,FLAC,66211
train,1958,034dcdfd-2ac9-4780-8988-4f0003f07b6b.flac,#dcdfd-#ac#-#-#-#f#f#b#b.flac,ivr,16000,1,6.8,FLAC,129450
train,1959,60269043c7abb7f832138e0f.wav,#c#abb#f#e#f.wav,human,8000,1,14.336,WAV,114746
train,1960,1b840ec7-8510-4576-9ab1-edbd61a809d7.flac,#b#ec#-#-#-#ab#-edbd#a#d#.flac,voicemail,16000,1,2.522875,FLAC,49855
train,1961,complete_b3a00443-2397-45d0-a0f8-b7dc4b64d710_normalized.flac,complete_b#a#-#-#d#-a#f#-b#dc#b#d#_normalized.flac,human,16000,1,3.30125,FLAC,70234
train,1962,04f5e340-35c6-41f4-be86-43e8cec58826.flac,#f#e#-#c#-#f#-be#-#e#cec#.flac,voicemail,16000,1,13.297875,FLAC,271161
train,1963,1a045dad-d9c1-4aec-af16-849c1dc2fd9f.flac,#a#dad-d#c#-#aec-af#-#c#dc#fd#f.flac,voicemail,16000,1,11.3516875,FLAC,205823
train,1964,004b0f9e-b4bd-4256-8000-105d89d5133c.flac,#b#f#e-b#bd-#-#-#d#d#c.flac,ivr,16000,1,4.72,FLAC,105354
train,1965,015ee9a8-e261-41e0-8fec-9b4c9c573ee0.flac,#ee#a#-e#-#e#-#fec-#b#c#c#ee#.flac,ivr,16000,1,8.32,FLAC,178272
train,1966,de_human_tts_00452.wav,de_human_tts_#.wav,human,16000,1,3.36,WAV,107564
train,1967,0882e988-e674-4ef6-bb61-d0145eb6e880.flac,#e#-e#-#ef#-bb#-d#eb#e#.flac,answering_machine,16000,1,13.8196875,FLAC,294943
train,1968,0053aa46-1a98-4e29-a0d5-270f37595d53.flac,#aa#-#a#-#e#-a#d#-#f#d#.flac,voicemail,16000,1,6.722125,FLAC,114439
train,1969,human_real_00066.wav,human_real_#.wav,human,16000,1,5.20125,WAV,166484
train,1970,0c53ed1f-5be9-4ad9-abe4-203d64b46cc0.flac,#c#ed#f-#be#-#ad#-abe#-#d#b#cc#.flac,answering_machine,16000,1,5.270625,FLAC,83320
train,1971,ivr_00377.wav,ivr_#.wav,ivr,16000,1,7.656,WAV,245036
train,1972,12a0a69a-cce9-4126-becb-14c2462dc26c.flac,#a#a#a-cce#-#-becb-#c#dc#c.flac,voicemail,16000,1,5.800125,FLAC,84163
train,1973,de_voicemail_00487.wav,de_voicemail_#.wav,voicemail,16000,1,10.0,WAV,320044
train,1974,1ad71f16-670e-49e1-a147-33b28b6cbecd.flac,#ad#f#-#e-#e#-a#-#b#b#cbecd.flac,answering_machine,16000,1,3.994125,FLAC,59516
train,1975,ivr_00063.wav,ivr_#.wav,ivr,16000,1,9.7359375,WAV,311594
train,1976,0f1ac4c3-bed2-48e4-b850-f61fa69e0f3c.flac,#f#ac#c#-bed#-#e#-b#-f#fa#e#f#c.flac,voicemail,16000,1,7.3003125,FLAC,127452
train,1977,1c4c3537-680b-4cb2-8dd5-41e132e558d4.flac,#c#c#-#b-#cb#-#dd#-#e#e#d#.flac,answering_machine,16000,1,9.859625,FLAC,197677
train,1978,02f09d92-56ba-43af-82db-4fb27d52b90f.flac,#f#d#-#ba-#af-#db-#fb#d#b#f.flac,ivr,16000,1,4.52,FLAC,95427
train,1979,complete_f20da653-2f04-47c1-be74-b9673d8de0d0_normalized.flac,complete_f#da#-#f#-#c#-be#-b#d#de#d#_normalized.flac,human,16000,1,3.64875,FLAC,75527
train,1980,01ab216d-6866-4775-a05b-99a5e302b801.flac,#ab#d-#-#-a#b-#a#e#b#.flac,ivr,16000,1,5.28,FLAC,100620
train,1981,093082ae-d19c-4adf-a727-a0ea8bb5a8f7.flac,#ae-d#c-#adf-a#-a#ea#bb#a#f#.flac,answering_machine,16000,1,16.0,FLAC,334719
train,1982,0203264d-cbd6-4662-ad9a-579c07897a09.flac,#d-cbd#-#-ad#a-#c#a#.flac,ivr,16000,1,5.12,FLAC,104767
train,1983,03344058-b118-4c08-819a-acf0b5af169c.flac,#-b#-#c#-#a-acf#b#af#c.flac,ivr,16000,1,5.08,FLAC,115593
train,1984,es_human_real_00275.wav,es_human_real_#.wav,human,16000,1,7.338625,WAV,234880
train,1985,0da996ee-6325-459e-bcb4-3dff30368901.flac,#da#ee-#-#e-bcb#-#dff#.flac,voicemail,16000,1,11.1925625,FLAC,227506
train,1986,05ae6db7-4765-4651-a438-d4b80f0f5553.flac,#ae#db#-#-#-a#-d#b#f#f#.flac,voicemail,16000,1,16.0,FLAC,339512
train,1987,de_human_real_00419.wav,de_human_real_#.wav,human,16000,1,6.36,WAV,203564
train,1988,016b770b-bfbf-4230-895b-c87627f0ea42.flac,#b#b-bfbf-#-#b-c#f#ea#.flac,answering_machine,16000,1,12.173875,FLAC,241396
train,1989,12166efa-0136-4ed1-9b7a-d49796186be7.flac,#efa-#-#ed#-#b#a-d#be#.flac,answering_machine,16000,1,7.6255,FLAC,159163
train,1990,ivr_00062.wav,ivr_#.wav,ivr,16000,1,8.29975,WAV,265636
train,1991,1cc958b7-6a81-4bf4-9c65-d8e52eeb283e.flac,#cc#b#-#a#-#bf#-#c#-d#e#eeb#e.flac,voicemail,16000,1,13.851125,FLAC,247681
train,1992,1435ce56-833f-4c6e-a2c7-7f46cf034aa1.flac,#ce#-#f-#c#e-a#c#-#f#cf#aa#.flac,voicemail,16000,1,4.5279375,FLAC,72450
train,1993,0cc83681-e1cc-4c9a-853c-a21580e5b05c.flac,#cc#-e#cc-#c#a-#c-a#e#b#c.flac,answering_machine,16000,1,2.9931875,FLAC,61735
train,1994,ivr_00149.wav,ivr_#.wav,ivr,16000,1,10.0,WAV,320044
train,1995,complete_3cb1a358-7c92-49ea-a913-8282e59178cf_normalized.flac,complete_#cb#a#-#c#-#ea-a#-#e#cf_normalized.flac,human,16000,1,3.2,FLAC,69238
train,1996,602b9a1f963e11ccd901cbca.wav,#b#a#f#e#ccd#cbca.wav,human,8000,1,9.642625,WAV,77200
train,1997,complete_818b28b4-2e9c-43cc-a44d-eba318244167_normalized.flac,complete_#b#b#-#e#c-#cc-a#d-eba#_normalized.flac,human,16000,1,3.72,FLAC,61334
train,1998,es_human_real_00255.wav,es_human_real_#.wav,human,16000,1,10.0,WAV,320044
train,1999,human_real_00165.wav,human_real_#.wav,human,16000,1,5.479875,WAV,175400
train,2000,0766fd7a-baa3-4fbd-81b7-f6354a83711a.flac,#fd#a-baa#-#fbd-#b#-f#a#a.flac,voicemail,16000,1,4.547875,FLAC,78857
train,2001,602ba62d05f96973d679444a.wav,#ba#d#f#d#a.wav,human,8000,1,3.669375,WAV,29414
train,2002,carrier_es_ivr_00230.wav,carrier_es_ivr_#.wav,ivr,16000,1,10.0,WAV,320044
train,2003,02b0455c-bcf2-48af-a38c-bcf78bc37008.flac,#b#c-bcf#-#af-a#c-bcf#bc#.flac,ivr,16000,1,3.04,FLAC,51893
train,2004,090c385d-326f-49eb-9d61-5906fb012b6b.flac,#c#d-#f-#eb-#d#-#fb#b#b.flac,voicemail,16000,1,9.2315,FLAC,197969
train,2005,1540e843-dcad-4392-8890-3e7522557186.flac,#e#-dcad-#-#-#e#.flac,answering_machine,16000,1,13.25175,FLAC,305996
train,2006,carrier_en_ivr_00465.wav,carrier_en_ivr_#.wav,ivr,16000,1,10.0,WAV,320044
train,2007,am_00081.wav,am_#.wav,answering_machine,16000,1,9.7748125,WAV,312838
train,2008,18b1ab6d-982a-4084-8a7b-a45dedf0c170.flac,#b#ab#d-#a-#-#a#b-a#dedf#c#.flac,voicemail,16000,1,13.8200625,FLAC,263325
train,2009,107332c8-9311-4b95-859f-f7f5aeea5eff.flac,#c#-#-#b#-#f-f#f#aeea#eff.flac,answering_machine,16000,1,4.2666875,FLAC,86570
train,2010,ivr_00357.wav,ivr_#.wav,ivr,16000,1,10.0,WAV,320044
train,2011,180c0788-a479-4eaf-bdf1-4e3ad16e083a.flac,#c#-a#-#eaf-bdf#-#e#ad#e#a.flac,voicemail,16000,1,6.197,FLAC,139004
train,2012,voicemail_00065.wav,voicemail_#.wav,voicemail,16000,1,9.6975625,WAV,310366
train,2013,fr_ivr_00176.wav,fr_ivr_#.wav,ivr,16000,1,9.866,WAV,315756
train,2014,1afbe731-af24-4f87-a6f9-3376a460b85c.flac,#afbe#-af#-#f#-a#f#-#a#b#c.flac,answering_machine,16000,1,7.2398125,FLAC,133227
train,2015,60268e86cfa37e1cf217b0d5.wav,#e#cfa#e#cf#b#d#.wav,human,8000,1,4.644,WAV,37210
train,2016,0fada00a-d032-48ad-bbb3-172aa9e0343d.flac,#fada#a-d#-#ad-bbb#-#aa#e#d.flac,answering_machine,16000,1,14.20775,FLAC,312880
train,2017,complete_8e1d4d41-6de6-45ad-99f5-9dc5e1bc9f2e_normalized.flac,complete_#e#d#d#-#de#-#ad-#f#-#dc#e#bc#f#e_normalized.flac,human,16000,1,2.272,FLAC,46650
train,2018,complete_11137d7a-4166-4830-8a64-13ae0c7edcff_normalized.flac,complete_#d#a-#-#-#a#-#ae#c#edcff_normalized.flac,human,16000,1,3.30125,FLAC,66370
train,2019,06ab15d6-632b-4d1a-8041-fce364cdd60f.flac,#ab#d#-#b-#d#a-#-fce#cdd#f.flac,answering_machine,16000,1,13.9555,FLAC,239284
train,2020,02d58f0f-02f2-4577-9985-f60fa6e01c2e.flac,#d#f#f-#f#-#-#-f#fa#e#c#e.flac,voicemail,16000,1,15.8896875,FLAC,293707
train,2021,029805ea-354d-403a-9c71-27214c796a7d.flac,#ea-#d-#a-#c#-#c#a#d.flac,ivr,16000,1,8.68,FLAC,169399
train,2022,de_ivr_00497.wav,de_ivr_#.wav,ivr,16000,1,10.0,WAV,320044
train,2023,am_00149.wav,am_#.wav,answering_machine,16000,1,8.3723125,WAV,267958
train,2024,ivr_00030.wav,ivr_#.wav,ivr,16000,1,10.0,WAV,320044
train,2025,0ae7fffa-2a12-4e9b-b419-5405f42e2ed3.flac,#ae#fffa-#a#-#e#b-b#-#f#e#ed#.flac,answering_machine,16000,1,4.133125,FLAC,63271
train,2026,voicemail_00199.wav,voicemail_#.wav,voicemail,16000,1,9.49525,WAV,303892
train,2027,11d53f3b-6e85-40bd-a524-513b38596c4f.flac,#d#f#b-#e#-#bd-a#-#b#c#f.flac,voicemail,16000,1,6.564,FLAC,125768
train,2028,voicemail_00075.wav,voicemail_#.wav,voicemail,16000,1,9.257375,WAV,296280
train,2029,00f968ac-a79b-4e72-b0bf-50373b7ed6dd.flac,#f#ac-a#b-#e#-b#bf-#b#ed#dd.flac,answering_machine,16000,1,4.2489375,FLAC,52180
train,2030,199c9372-01dd-418b-b498-db07a1b0d68b.flac,#c#-#dd-#b-b#-db#a#b#d#b.flac,voicemail,16000,1,12.348875,FLAC,236963
train,2031,0c1266e6-022b-4f20-bb84-5300d0448cab.flac,#c#e#-#b-#f#-bb#-#d#cab.flac,voicemail,16000,1,3.274,FLAC,44608
train,2032,03301144-c93b-4317-b260-21e6d8e12b5f.flac,#-c#b-#-b#-#e#d#e#b#f.flac,ivr,16000,1,10.84,FLAC,216995
train,2033,0945bc8f-a369-4da8-a751-4f6e3af69b97.flac,#bc#f-a#-#da#-a#-#f#e#af#b#.flac,answering_machine,16000,1,12.8461875,FLAC,244983
train,2034,602ba6b805f96973d6794458.wav,#ba#b#f#d#.wav,human,8000,1,7.058875,WAV,56530
train,2035,03556605-908c-45ac-9f32-8fd14bb81d62.flac,#-#c-#ac-#f#-#fd#bb#d#.flac,ivr,16000,1,8.04,FLAC,151803
train,2036,am_00130.wav,am_#.wav,answering_machine,16000,1,10.0,WAV,320044
train,2037,voicemail_00091.wav,voicemail_#.wav,voicemail,16000,1,10.0,WAV,320044
train,2038,00876378-d41b-4e3b-a52c-08e8d87ef698.flac,#-d#b-#e#b-a#c-#e#d#ef#.flac,ivr,16000,1,13.48,FLAC,266836
train,2039,response_1.wav,response_#.wav,human,8000,1,7.89475,WAV,63216
train,2040,0ed5f78d-dc88-4ed8-84df-106b8f4101d2.flac,#ed#f#d-dc#-#ed#-#df-#b#f#d#.flac,answering_machine,16000,1,16.0,FLAC,363493
train,2041,06d5c865-7f8d-4838-8212-6920eb9dadd2.flac,#d#c#-#f#d-#-#-#eb#dadd#.flac,answering_machine,16000,1,6.4,FLAC,130145
train,2042,ivr_00082.wav,ivr_#.wav,ivr,16000,1,8.448,WAV,270380
train,2043,am_00198.wav,am_#.wav,answering_machine,16000,1,9.8063125,WAV,313846
train,2044,013cf93d-0c3c-4c4f-a1bb-7805174ddf04.flac,#cf#d-#c#c-#c#f-a#bb-#ddf#.flac,ivr,16000,1,9.72,FLAC,210623
train,2045,0ac114ff-0602-47ea-af2e-69c7b8f329f4.flac,#ac#ff-#-#ea-af#e-#c#b#f#f#.flac,voicemail,16000,1,2.9,FLAC,58774
train,2046,carrier_de_human_00280.wav,carrier_de_human_#.wav,human,16000,1,2.064,WAV,66092
train,2047,voicemail_00291.wav,voicemail_#.wav,voicemail,16000,1,8.2194375,WAV,263066
train,2048,155eabc6-1841-4632-a1a2-5c2d99743138.flac,#eabc#-#-#-a#a#-#c#d#.flac,answering_machine,16000,1,6.229375,FLAC,125904
train,2049,incomplete_31a758dc4ac64db8a3b6b99c927681f0.flac,incomplete_#a#dc#ac#db#a#b#b#c#f#.flac,human,16000,1,2.1163125,FLAC,31331
train,2050,0719c9ac-7b1b-413e-aa4d-8b393ae5d801.flac,#c#ac-#b#b-#e-aa#d-#b#ae#d#.flac,voicemail,16000,1,6.132,FLAC,127007
train,2051,10fa4cce-04f6-4303-9fdd-650a15b9be7e.flac,#fa#cce-#f#-#-#fdd-#a#b#be#e.flac,answering_machine,16000,1,13.492375,FLAC,275256
train,2052,0ee8ede4-73bf-4aa9-b738-bb9caacbb654.flac,#ee#ede#-#bf-#aa#-b#-bb#caacbb#.flac,answering_machine,16000,1,4.0359375,FLAC,79893
train,2053,am_00139.wav,am_#.wav,answering_machine,16000,1,9.476875,WAV,303304
train,2054,human_real_00191.wav,human_real_#.wav,human,16000,1,10.0,WAV,320044
train,2055,fr_human_tts_00118.wav,fr_human_tts_#.wav,human,16000,1,2.28,WAV,73004
train,2056,ivr_00350.wav,ivr_#.wav,ivr,16000,1,9.072,WAV,290348
train,2057,carrier_en_voicemail_00425.wav,carrier_en_voicemail_#.wav,voicemail,16000,1,10.0,WAV,320044
train,2058,60266774c7abb7f8321385e3.wav,#c#abb#f#e#.wav,human,8000,1,21.845375,WAV,174822
train,2059,human_real_00078.wav,human_real_#.wav,human,16000,1,3.498625,WAV,112000
train,2060,602baf85963e11ccd901ce47.wav,#baf#e#ccd#ce#.wav,human,8000,1,14.933375,WAV,119526
train,2061,am_00395.wav,am_#.wav,answering_machine,16000,1,8.9133125,WAV,285270
train,2062,am_00016.wav,am_#.wav,answering_machine,16000,1,6.693375,WAV,214232
train,2063,am_00077.wav,am_#.wav,answering_machine,16000,1,10.0,WAV,320044
train,2064,1146d397-8c56-45bc-ae32-31ab4b4e33ab.flac,#d#-#c#-#bc-ae#-#ab#b#e#ab.flac,voicemail,16000,1,13.0354375,FLAC,254370
train,2065,carrier_fr_answering_machine_00141.wav,carrier_fr_answering_machine_#.wav,answering_machine,16000,1,10.0,WAV,320044
train,2066,0128eb73-6eab-4806-95da-3039316f6faa.flac,#eb#-#eab-#-#da-#f#faa.flac,ivr,16000,1,7.48,FLAC,151965
train,2067,response_34.wav,response_#.wav,human,8000,1,9.557375,WAV,76518
train,2068,incomplete_fe73519c-ceb3-462e-8a70-b3d170439add_normalized.flac,incomplete_fe#c-ceb#-#e-#a#-b#d#add_normalized.flac,human,16000,1,3.3975,FLAC,71906
train,2069,02d711fc-dcbe-49bb-9ba6-45a40912832a.flac,#d#fc-dcbe-#bb-#ba#-#a#a.flac,ivr,16000,1,10.88,FLAC,213235
train,2070,07579618-edfb-4831-a157-c9a062079109.flac,#-edfb-#-a#-c#a#.flac,voicemail,16000,1,5.085125,FLAC,98209
train,2071,0011adf8-f320-4880-914c-b34bbb371d1f.flac,#adf#-f#-#-#c-b#bbb#d#f.flac,ivr,16000,1,4.88,FLAC,99145
train,2072,602baf41bb1e6d0fbce922b5.wav,#baf#bb#e#d#fbce#b#.wav,human,8000,1,4.522625,WAV,36240
train,2073,am_00356.wav,am_#.wav,answering_machine,16000,1,10.0,WAV,320044
train,2074,09340423-e854-44c0-b11c-a1c10933be75.flac,#-e#-#c#-b#c-a#c#be#.flac,answering_machine,16000,1,13.1500625,FLAC,266337
train,2075,am_00322.wav,am_#.wav,answering_machine,16000,1,9.71825,WAV,311028
train,2076,14865207-beb8-42f2-8470-93c15a137a55.flac,#-beb#-#f#-#-#c#a#a#.flac,answering_machine,16000,1,12.4084375,FLAC,248267
train,2077,18809d14-054e-4be8-8c7b-8c3dbd64f496.flac,#d#-#e-#be#-#c#b-#c#dbd#f#.flac,voicemail,16000,1,6.8205625,FLAC,129268
train,2078,00e6f443-20e6-49f7-a95d-aeb85b96364b.flac,#e#f#-#e#-#f#-a#d-aeb#b#b.flac,ivr,16000,1,9.12,FLAC,184180
train,2079,fr_am_00219.wav,fr_am_#.wav,answering_machine,16000,1,8.0865,WAV,258812
train,2080,19e0e8af-1363-44cf-bcb3-47131fa0d4f4.flac,#e#e#af-#-#cf-bcb#-#fa#d#f#.flac,voicemail,16000,1,6.7105625,FLAC,84642
train,2081,169c12ad-ef01-4dca-8c00-bf013ce7f0a2.flac,#c#ad-ef#-#dca-#c#-bf#ce#f#a#.flac,voicemail,16000,1,4.4063125,FLAC,81139
train,2082,005ef3d8-eaa5-4668-9f6a-5715ce93c6c2.flac,#ef#d#-eaa#-#-#f#a-#ce#c#c#.flac,ivr,16000,1,3.4,FLAC,67931
train,2083,voicemail_00025.wav,voicemail_#.wav,voicemail,16000,1,10.0,WAV,320044
train,2084,03255864-9b2f-4955-941c-07c5445a1559.flac,#-#b#f-#-#c-#c#a#.flac,voicemail,16000,1,10.918875,FLAC,222172
train,2085,012a3782-33a2-4c41-b669-4a7c2d7fca71.flac,#a#-#a#-#c#-b#-#a#c#d#fca#.flac,ivr,16000,1,8.4,FLAC,161856
train,2086,02813d7d-bd50-450b-b263-534e2a062630.flac,#d#d-bd#-#b-b#-#e#a#.flac,ivr,16000,1,14.2,FLAC,304616
train,2087,60268f94dc3604f481bcb880.wav,#f#dc#f#bcb#.wav,human,8000,1,3.925375,WAV,31462
train,2088,complete_c411da18-5e39-4bf6-9fce-bf520a373057_normalized.flac,complete_c#da#-#e#-#bf#-#fce-bf#a#_normalized.flac,human,16000,1,2.645375,FLAC,60026
train,2089,response_29.wav,response_#.wav,human,8000,1,5.034625,WAV,40336
train,2090,es_ivr_00356.wav,es_ivr_#.wav,ivr,16000,1,10.0,WAV,320044
train,2091,voicemail_00273.wav,voicemail_#.wav,voicemail,16000,1,10.0,WAV,320044
train,2092,01bdf4a4-9775-4fc4-9cd5-5470586427c3.flac,#bdf#a#-#-#fc#-#cd#-#c#.flac,ivr,16000,1,14.32,FLAC,302243
train,2093,voicemail_00153.wav,voicemail_#.wav,voicemail,16000,1,8.0346875,WAV,257154
train,2094,complete_15ad73a0-9cd7-4e9a-9a46-b369a9f4a0fb_normalized.flac,complete_#ad#a#-#cd#-#e#a-#a#-b#a#f#a#fb_normalized.flac,human,16000,1,3.735625,FLAC,76303
train,2095,complete_b91d239c-7dd3-4919-af79-06395bf0f38b_normalized.flac,complete_b#d#c-#dd#-#-af#-#bf#f#b_normalized.flac,human,16000,1,4.288,FLAC,92094
train,2096,0039ff93-2cc7-4fb6-a9b7-70a749bb9aad.flac,#ff#-#cc#-#fb#-a#b#-#a#bb#aad.flac,answering_machine,16000,1,11.4669375,FLAC,201616
train,2097,11ff5042-acab-41ea-b452-260e433777c3.flac,#ff#-acab-#ea-b#-#e#c#.flac,voicemail,16000,1,12.939375,FLAC,251458
train,2098,complete_f62431e7-4f26-4762-8187-242072a1dccb_normalized.flac,complete_f#e#-#f#-#-#-#a#dccb_normalized.flac,human,16000,1,4.992,FLAC,98798
train,2099,incomplete_4620dae7-4e10-42bb-8973-29b27894e4b6_normalized.flac,incomplete_#dae#-#e#-#bb-#-#b#e#b#_normalized.flac,human,16000,1,3.283,FLAC,69940
train,2100,CAd66aefb85fe85941bf1ad2257d83d0ec_2.wav,CAd#aefb#fe#bf#ad#d#d#ec_#.wav,human,8000,1,9.84,WAV,78778
train,2101,ivr_00089.wav,ivr_#.wav,ivr,16000,1,9.408,WAV,301100
train,2102,human_real_00118.wav,human_real_#.wav,human,16000,1,5.632,WAV,180268
train,2103,carrier_en_voicemail_00424.wav,carrier_en_voicemail_#.wav,voicemail,16000,1,10.0,WAV,320044
train,2104,0006c6b0-9b19-461f-8517-ff8b494d558a.flac,#c#b#-#b#-#f-#-ff#b#d#a.flac,ivr,16000,1,7.92,FLAC,145203
train,2105,05e27717-83fa-46a1-8d95-a7f30e068b9d.flac,#e#-#fa-#a#-#d#-a#f#e#b#d.flac,answering_machine,16000,1,3.4988125,FLAC,61578
train,2106,06faa208-77d4-4b79-a1d3-c0feda68ca8b.flac,#faa#-#d#-#b#-a#d#-c#feda#ca#b.flac,voicemail,16000,1,6.8614375,FLAC,105965
train,2107,008ee80d-135e-470a-8f9a-2de83633ad53.flac,#ee#d-#e-#a-#f#a-#de#ad#.flac,ivr,16000,1,11.36,FLAC,237250
train,2108,ivr_00235.wav,ivr_#.wav,ivr,16000,1,9.768,WAV,312620
train,2109,voicemail_00285.wav,voicemail_#.wav,voicemail,16000,1,8.5631875,WAV,274066
train,2110,1c802640-0bbf-401d-aefa-ea46b86c4aa9.flac,#c#-#bbf-#d-aefa-ea#b#c#aa#.flac,voicemail,16000,1,16.0,FLAC,331460
train,2111,02c1d270-ae9c-4c60-b176-ab9cde300f08.flac,#c#d#-ae#c-#c#-b#-ab#cde#f#.flac,ivr,16000,1,12.4,FLAC,252766
train,2112,06f496fc-db2c-4e2d-bd3f-5b13581bbd51.flac,#f#fc-db#c-#e#d-bd#f-#b#bbd#.flac,answering_machine,16000,1,16.0,FLAC,339488
train,2113,am_00009.wav,am_#.wav,answering_machine,16000,1,10.0,WAV,320044
train,2114,01b1ee5f-6e24-42dd-b4ad-d059cca6ab85.flac,#b#ee#f-#e#-#dd-b#ad-d#cca#ab#.flac,ivr,16000,1,7.84,FLAC,170184
train,2115,0143b398-7e30-4a2f-9748-a6d16a555222.flac,#b#-#e#-#a#f-#-a#d#a#.flac,answering_machine,16000,1,2.14825,FLAC,36746
train,2116,0e8dfeba-016b-4ea3-a32d-dfc1be753029.flac,#e#dfeba-#b-#ea#-a#d-dfc#be#.flac,answering_machine,16000,1,3.49275,FLAC,69508
train,2117,1af2025c-5cb3-4609-bca2-6fdc53fa0c03.flac,#af#c-#cb#-#-bca#-#fdc#fa#c#.flac,voicemail,16000,1,11.7025,FLAC,211724
train,2118,01ede51a-ffbf-47df-9e35-9c91a61736c0.flac,#ede#a-ffbf-#df-#e#-#c#a#c#.flac,ivr,16000,1,6.64,FLAC,131748
train,2119,00b3e097-e277-4bb6-8d76-ce4e7e052c22.flac,#b#e#-e#-#bb#-#d#-ce#e#e#c#.flac,ivr,16000,1,6.52,FLAC,141122
train,2120,am_00177.wav,am_#.wav,answering_machine,16000,1,10.0,WAV,320044
train,2121,incomplete_7da2908b-c482-4cfb-b88a-8f9847453cdb_normalized.flac,incomplete_#da#b-c#-#cfb-b#a-#f#cdb_normalized.flac,human,16000,1,6.615,FLAC,129227
train,2122,02b3ba8d-341c-4ed9-a18d-364277cd447a.flac,#b#ba#d-#c-#ed#-a#d-#cd#a.flac,answering_machine,16000,1,3.9310625,FLAC,77622
train,2123,ivr_00140.wav,ivr_#.wav,ivr,16000,1,10.0,WAV,320044
train,2124,1392d660-ee1d-4136-90ae-37e016fee72e.flac,#d#-ee#d-#-#ae-#e#fee#e.flac,answering_machine,16000,1,12.293,FLAC,281620
train,2125,0069a645-0740-49bc-b47a-7f05cefa3b56.flac,#a#-#-#bc-b#a-#f#cefa#b#.flac,ivr,16000,1,4.72,FLAC,94818
train,2126,fr_am_00211.wav,fr_am_#.wav,answering_machine,16000,1,7.6773125,WAV,245718
train,2127,60268df9c7abb7f832138aad.wav,#df#c#abb#f#aad.wav,human,8000,1,15.0465,WAV,120430
train,2128,es_human_tts_00310.wav,es_human_tts_#.wav,human,16000,1,3.96,WAV,126764
train,2129,08d4fb2e-8438-43bd-a5b6-6cddaa06f2ec.flac,#d#fb#e-#-#bd-a#b#-#cddaa#f#ec.flac,answering_machine,16000,1,16.0,FLAC,343080
train,2130,00ab747e-47e9-429c-8279-771c6c850255.flac,#ab#e-#e#-#c-#-#c#c#.flac,ivr,16000,1,8.36,FLAC,160300
train,2131,complete_67caad20-a10f-4e44-aec8-d4b87501ff44_normalized.flac,complete_#caad#-a#f-#e#-aec#-d#b#ff#_normalized.flac,human,16000,1,6.185625,FLAC,113321
train,2132,102033eb-a7a8-493a-977d-008f2e6faa46.flac,#eb-a#a#-#a-#d-#f#e#faa#.flac,voicemail,16000,1,2.3703125,FLAC,43798
train,2133,0221019e-8792-48cd-9d1f-1a0c5cf24a67.flac,#e-#-#cd-#d#f-#a#c#cf#a#.flac,ivr,16000,1,6.16,FLAC,129100
train,2134,0185a88c-32b0-4584-98ef-a84668bed53b.flac,#a#c-#b#-#-#ef-a#bed#b.flac,ivr,16000,1,5.44,FLAC,119176
train,2135,02f7dbad-885c-4bc7-ad3f-e31bf8151165.flac,#f#dbad-#c-#bc#-ad#f-e#bf#.flac,answering_machine,16000,1,4.705,FLAC,99140
train,2136,107ae0ba-bf2b-4c33-affb-5805e0a8408a.flac,#ae#ba-bf#b-#c#-affb-#e#a#a.flac,voicemail,16000,1,16.0,FLAC,285721
train,2137,1ae5ee97-6941-4272-b1cc-4efedb23b688.flac,#ae#ee#-#-#-b#cc-#efedb#b#.flac,answering_machine,16000,1,7.188,FLAC,156184
train,2138,175076a1-f03f-485a-bd67-96d0495373b3.flac,#a#-f#f-#a-bd#-#d#b#.flac,answering_machine,16000,1,6.692,FLAC,128413
train,2139,0173c3d3-7dac-4455-97db-f323abe3c67f.flac,#c#d#-#dac-#-#db-f#abe#c#f.flac,ivr,16000,1,15.32,FLAC,283417
train,2140,human_tts_00057.wav,human_tts_#.wav,human,16000,1,1.68,WAV,53804
train,2141,06125164-edd9-4108-ad1a-fb95af76cb2c.flac,#-edd#-#-ad#a-fb#af#cb#c.flac,voicemail,16000,1,4.6965625,FLAC,82377
train,2142,125311ef-c183-4342-b2b4-ed38f3585b78.flac,#ef-c#-#-b#b#-ed#f#b#.flac,answering_machine,16000,1,9.301375,FLAC,206576
train,2143,incomplete_d3cd08c4-1f80-4007-b766-9ce2a3954e86_normalized.flac,incomplete_d#cd#c#-#f#-#-b#-#ce#a#e#_normalized.flac,human,16000,1,4.34375,FLAC,87354
train,2144,06e9e891-410c-40f0-9bd6-f0447a60177d.flac,#e#e#-#c-#f#-#bd#-f#a#d.flac,voicemail,16000,1,2.37625,FLAC,44108
train,2145,0d329b39-fb4d-438d-9af4-346aef0e06d0.flac,#d#b#-fb#d-#d-#af#-#aef#e#d#.flac,answering_machine,16000,1,11.9719375,FLAC,239688
train,2146,carrier_es_ivr_00241.wav,carrier_es_ivr_#.wav,ivr,16000,1,10.0,WAV,320044
train,2147,am_00290.wav,am_#.wav,answering_machine,16000,1,10.0,WAV,320044
train,2148,1291728a-adf8-413a-94b4-ff235756076a.flac,#a-adf#-#a-#b#-ff#a.flac,voicemail,16000,1,15.6854375,FLAC,296400
train,2149,0eceba86-b6d1-4c5e-b6a5-d1378cd1c7d3.flac,#eceba#-b#d#-#c#e-b#a#-d#cd#c#d#.flac,voicemail,16000,1,8.9790625,FLAC,189403
train,2150,602baec5963e11ccd901ce0b.wav,#baec#e#ccd#ce#b.wav,human,8000,1,3.498625,WAV,28048
train,2151,0ff4155a-acf0-48dc-89a4-b2e67514446f.flac,#ff#a-acf#-#dc-#a#-b#e#f.flac,voicemail,16000,1,5.177625,FLAC,81293
train,2152,602665e0dc3604f481bcb549.wav,#e#dc#f#bcb#.wav,human,8000,1,12.970625,WAV,103824
train,2153,0d5ee632-b4d8-4dbf-af2d-8f0e61b1e7ff.flac,#d#ee#-b#d#-#dbf-af#d-#f#e#b#e#ff.flac,answering_machine,16000,1,9.7269375,FLAC,208330
train,2154,voicemail_00326.wav,voicemail_#.wav,voicemail,16000,1,9.7946875,WAV,313474
train,2155,0af0a279-a3a7-4f17-a868-baff3293d910.flac,#af#a#-a#a#-#f#-a#-baff#d#.flac,voicemail,16000,1,16.0,FLAC,315577
train,2156,carrier_en_voicemail_00436.wav,carrier_en_voicemail_#.wav,voicemail,16000,1,10.0,WAV,320044
train,2157,02df38d0-8701-4c91-909f-ea2f140b7e5a.flac,#df#d#-#-#c#-#f-ea#f#b#e#a.flac,ivr,16000,1,5.84,FLAC,108462
train,2158,incomplete_674544e8-acf0-4a59-b9ff-580b961f86a3_normalized.flac,incomplete_#e#-acf#-#a#-b#ff-#b#f#a#_normalized.flac,human,16000,1,3.909375,FLAC,77978
train,2159,voicemail_00050.wav,voicemail_#.wav,voicemail,16000,1,7.350375,WAV,235256
train,2160,am_00242.wav,am_#.wav,answering_machine,16000,1,10.0,WAV,320044
train,2161,180dca53-d517-4b6c-a0a3-de47bc834b70.flac,#dca#-d#-#b#c-a#a#-de#bc#b#.flac,answering_machine,16000,1,10.9638125,FLAC,221191
train,2162,human_tts_00102.wav,human_tts_#.wav,human,16000,1,3.288,WAV,105260
train,2163,0f37a1b4-bbd5-4a8b-8f09-b00c34af08fc.flac,#f#a#b#-bbd#-#a#b-#f#-b#c#af#fc.flac,answering_machine,16000,1,3.882125,FLAC,62391
train,2164,147623af-be33-4d67-8182-c9ecefa07220.flac,#af-be#-#d#-#-c#ecefa#.flac,voicemail,16000,1,16.0,FLAC,290259
train,2165,ivr_00097.wav,ivr_#.wav,ivr,16000,1,7.392,WAV,236588
train,2166,am_00281.wav,am_#.wav,answering_machine,16000,1,9.0250625,WAV,288846
train,2167,es_human_tts_00319.wav,es_human_tts_#.wav,human,16000,1,3.624,WAV,116012
train,2168,incomplete_c6a703ef6f824610b687071bce708d73.flac,incomplete_c#a#ef#f#b#bce#d#.flac,human,16000,1,1.465125,FLAC,13997
train,2169,024ae9a3-4186-4a78-8476-86d4a846830c.flac,#ae#a#-#-#a#-#-#d#a#c.flac,voicemail,16000,1,2.388,FLAC,48318
train,2170,19214cc2-886c-43c3-82e4-99940879b98b.flac,#cc#-#c-#c#-#e#-#b#b.flac,answering_machine,16000,1,4.341875,FLAC,82569
train,2171,0320b149-bc5b-4bb5-a648-02d88b1c7808.flac,#b#-bc#b-#bb#-a#-#d#b#c#.flac,voicemail,16000,1,3.731875,FLAC,71058
train,2172,am_00004.wav,am_#.wav,answering_machine,16000,1,8.8596875,WAV,283554
train,2173,03651e8f-c067-48f2-b0bd-6efbe37e7e4d.flac,#e#f-c#-#f#-b#bd-#efbe#e#e#d.flac,answering_machine,16000,1,5.8026875,FLAC,133539
train,2174,voicemail_00336.wav,voicemail_#.wav,voicemail,16000,1,8.6906875,WAV,278146
train,2175,1b1f1630-2b2c-40b5-85d8-bddf943d8d0c.flac,#b#f#-#b#c-#b#-#d#-bddf#d#d#c.flac,answering_machine,16000,1,4.2088125,FLAC,66186
train,2176,11a232b5-ed66-494d-8c97-634c6ec471e7.flac,#a#b#-ed#-#d-#c#-#c#ec#e#.flac,voicemail,16000,1,15.4975625,FLAC,304619
train,2177,ivr_00358.wav,ivr_#.wav,ivr,16000,1,9.384,WAV,300332
train,2178,ivr_00294.wav,ivr_#.wav,ivr,16000,1,10.0,WAV,320044
train,2179,response_10.wav,response_#.wav,human,8000,1,17.237375,WAV,137958
train,2180,15ca8581-696c-47ea-96b4-986103b84e26.flac,#ca#-#c-#ea-#b#-#b#e#.flac,answering_machine,16000,1,4.721,FLAC,75617
train,2181,1659a52b-7e8f-496f-aa36-f9ed9c718d57.flac,#a#b-#e#f-#f-aa#-f#ed#c#d#.flac,voicemail,16000,1,12.9899375,FLAC,249125
train,2182,08c4e16d-b295-406c-b17e-fd76d8fb0250.flac,#c#e#d-b#-#c-b#e-fd#d#fb#.flac,answering_machine,16000,1,7.015,FLAC,138587
train,2183,ivr_00172.wav,ivr_#.wav,ivr,16000,1,10.0,WAV,320044
train,2184,ivr_00199.wav,ivr_#.wav,ivr,16000,1,10.0,WAV,320044
train,2185,fr_human_real_00044.wav,fr_human_real_#.wav,human,16000,1,7.082625,WAV,226688
train,2186,incomplete_8637d3fe-3817-4d1c-8977-2a8e73b512fa_normalized.flac,incomplete_#d#fe-#-#d#c-#-#a#e#b#fa_normalized.flac,human,16000,1,5.298125,FLAC,109961
train,2187,1ad79ac3-8133-43e1-a1b0-1a9e3952c589.flac,#ad#ac#-#-#e#-a#b#-#a#e#c#.flac,voicemail,16000,1,4.468,FLAC,100306
train,2188,voicemail_00295.wav,voicemail_#.wav,voicemail,16000,1,7.641375,WAV,244568
train,2189,111f1e9c-4702-476e-81ba-311d4231d386.flac,#f#e#c-#-#e-#ba-#d#d#.flac,voicemail,16000,1,12.8393125,FLAC,285663
train,2190,1e248143-87c3-4cd4-b7ed-eef9b8a4eb94.flac,#e#-#c#-#cd#-b#ed-eef#b#a#eb#.flac,answering_machine,16000,1,9.926125,FLAC,223264
train,2191,0829754b-730a-473f-bda9-cd2f1bf46acd.flac,#b-#a-#f-bda#-cd#f#bf#acd.flac,answering_machine,16000,1,13.534875,FLAC,253076
train,2192,01abd212-2ee8-4f45-b80f-55dff15ba99d.flac,#abd#-#ee#-#f#-b#f-#dff#ba#d.flac,ivr,16000,1,6.08,FLAC,118929
train,2193,004557da-dfa3-4a0d-b719-c0539b529b60.flac,#da-dfa#-#a#d-b#-c#b#b#.flac,ivr,16000,1,6.56,FLAC,111548
train,2194,de_ivr_00517.wav,de_ivr_#.wav,ivr,16000,1,9.648,WAV,308780
train,2195,response_20.wav,response_#.wav,human,8000,1,6.912,WAV,55354
train,2196,0090a2d4-be08-4dd4-857b-0e43ca57aef9.flac,#a#d#-be#-#dd#-#b-#e#ca#aef#.flac,voicemail,16000,1,8.9645625,FLAC,190910
train,2197,0a7e74a8-735b-4d5b-b005-bbcc931147fd.flac,#a#e#a#-#b-#d#b-b#-bbcc#fd.flac,voicemail,16000,1,14.7230625,FLAC,265311
train,2198,voicemail_00221.wav,voicemail_#.wav,voicemail,16000,1,8.9354375,WAV,285978
train,2199,voicemail_00196.wav,voicemail_#.wav,voicemail,16000,1,9.4984375,WAV,303994
train,2200,1af2a075-d50b-461c-9be6-f84c3cfdcfc5.flac,#af#a#-d#b-#c-#be#-f#c#cfdcfc#.flac,voicemail,16000,1,11.064125,FLAC,209002
train,2201,188d3dbe-208e-4731-98ae-1e5bae98aaa0.flac,#d#dbe-#e-#-#ae-#e#bae#aaa#.flac,voicemail,16000,1,3.1195,FLAC,61692
train,2202,00cce681-d859-4842-94a6-81397693d70c.flac,#cce#-d#-#-#a#-#d#c.flac,ivr,16000,1,3.32,FLAC,58545
train,2203,018b93d4-bb9c-4c0c-8433-ec4de4d722f3.flac,#b#d#-bb#c-#c#c-#-ec#de#d#f#.flac,ivr,16000,1,5.96,FLAC,132659
train,2204,0a244db3-3844-4da7-b994-ee60bcd57392.flac,#a#db#-#-#da#-b#-ee#bcd#.flac,answering_machine,16000,1,10.767,FLAC,190998
train,2205,incomplete_0e912a44-8175-4d5f-9179-44982587f635_normalized.flac,incomplete_#e#a#-#-#d#f-#-#f#_normalized.flac,human,16000,1,4.34625,FLAC,76887
train,2206,08df59ec-1605-4f1d-8376-c7c855f6ad9c.flac,#df#ec-#-#f#d-#-c#c#f#ad#c.flac,answering_machine,16000,1,4.2260625,FLAC,76756
train,2207,am_00103.wav,am_#.wav,answering_machine,16000,1,8.35025,WAV,267252
train,2208,response_18.wav,response_#.wav,human,8000,1,13.653375,WAV,109286
train,2209,ivr_00389.wav,ivr_#.wav,ivr,16000,1,10.0,WAV,320044
train,2210,01c6a3f3-955f-4ffb-ac76-1c32fa439ad5.flac,#c#a#f#-#f-#ffb-ac#-#c#fa#ad#.flac,ivr,16000,1,6.68,FLAC,122561
train,2211,am_00073.wav,am_#.wav,answering_machine,16000,1,10.0,WAV,320044
train,2212,164cfa44-ef4a-4e05-a69f-f275ddc0344b.flac,#cfa#-ef#a-#e#-a#f-f#ddc#b.flac,voicemail,16000,1,13.3721875,FLAC,273129
train,2213,6026634fc7abb7f83213827e.wav,#fc#abb#f#e.wav,human,8000,1,14.933375,WAV,119526
train,2214,response_50.wav,response_#.wav,human,8000,1,3.072,WAV,24634
train,2215,125e6b3a-e000-4a2d-a8a0-116951012ff2.flac,#e#b#a-e#-#a#d-a#a#-#ff#.flac,voicemail,16000,1,16.0,FLAC,339587
train,2216,am_00002.wav,am_#.wav,answering_machine,16000,1,8.8818125,WAV,284262
train,2217,19687707-041a-4929-bba4-0eca1072b9db.flac,#-#a-#-bba#-#eca#b#db.flac,answering_machine,16000,1,11.861375,FLAC,227787
train,2218,1776b74f-ad29-48b9-85b6-b522365efa75.flac,#b#f-ad#-#b#-#b#-b#efa#.flac,voicemail,16000,1,13.047125,FLAC,260232
train,2219,am_00272.wav,am_#.wav,answering_machine,16000,1,10.0,WAV,320044
train,2220,074a9334-54fb-40c9-a3f0-0ff3b3a5a519.flac,#a#-#fb-#c#-a#f#-#ff#b#a#a#.flac,answering_machine,16000,1,11.712125,FLAC,245048
train,2221,0ef3e467-b89a-4a91-830b-2fa337c9672b.flac,#ef#e#-b#a-#a#-#b-#fa#c#b.flac,answering_machine,16000,1,3.7504375,FLAC,58543
train,2222,1dad8501-45a1-4a6d-b47e-966b90d56cef.flac,#dad#-#a#-#a#d-b#e-#b#d#cef.flac,voicemail,16000,1,13.6470625,FLAC,271668
train,2223,fr_human_tts_00115.wav,fr_human_tts_#.wav,human,16000,1,4.008,WAV,128300
train,2224,179cc19d-0ef5-481b-bd41-98ef4391e0a2.flac,#cc#d-#ef#-#b-bd#-#ef#e#a#.flac,voicemail,16000,1,7.798,FLAC,160505
train,2225,005918ad-9829-4c94-9b65-3efdaf7991ec.flac,#ad-#-#c#-#b#-#efdaf#ec.flac,ivr,16000,1,4.72,FLAC,105071
train,2226,es_human_real_00260.wav,es_human_real_#.wav,human,16000,1,10.0,WAV,320044
train,2227,0355f8b3-2040-443f-9437-9e1e7c933a1f.flac,#f#b#-#-#f-#-#e#e#c#a#f.flac,ivr,16000,1,8.2,FLAC,172368
train,2228,carrier_fr_ivr_00109.wav,carrier_fr_ivr_#.wav,ivr,16000,1,10.0,WAV,320044
train,2229,01c261a5-0bff-404d-a581-e26eda1433a5.flac,#c#a#-#bff-#d-a#-e#eda#a#.flac,ivr,16000,1,7.4,FLAC,141898
train,2230,11d9fdac-83a0-4f40-8a68-cb7596e278dd.flac,#d#fdac-#a#-#f#-#a#-cb#e#dd.flac,voicemail,16000,1,13.0885625,FLAC,264556
train,2231,carrier_fr_answering_machine_00155.wav,carrier_fr_answering_machine_#.wav,answering_machine,16000,1,9.251625,WAV,296096
train,2232,es_human_real_00270.wav,es_human_real_#.wav,human,16000,1,6.826625,WAV,218496
train,2233,02663bb0-f4c2-4e7c-b6fa-7ea4ce611497.flac,#bb#-f#c#-#e#c-b#fa-#ea#ce#.flac,ivr,16000,1,9.76,FLAC,209054
train,2234,07d62f2b-0df0-4a58-97fb-f62d737d5aec.flac,#d#f#b-#df#-#a#-#fb-f#d#d#aec.flac,answering_machine,16000,1,5.205375,FLAC,105962
train,2235,am_00121.wav,am_#.wav,answering_machine,16000,1,10.0,WAV,320044
train,2236,response_1.wav,response_#.wav,human,8000,1,11.093375,WAV,88806
train,2237,089d0c2c-f0ed-43b9-b927-0ea7666c1933.flac,#d#c#c-f#ed-#b#-b#-#ea#c#.flac,voicemail,16000,1,13.0583125,FLAC,267583
train,2238,02eeefb2-77b7-4d79-a301-6cae78199126.flac,#eeefb#-#b#-#d#-a#-#cae#.flac,answering_machine,16000,1,12.98825,FLAC,236839
train,2239,incomplete_0b3c15c0-21fa-469b-a203-ac75ad9662df_normalized.flac,incomplete_#b#c#c#-#fa-#b-a#-ac#ad#df_normalized.flac,human,16000,1,4.32,FLAC,68746
train,2240,10732f22-99fe-4e53-8f18-0bd506330bef.flac,#f#-#fe-#e#-#f#-#bd#bef.flac,answering_machine,16000,1,4.1,FLAC,85747
train,2241,es_human_tts_00299.wav,es_human_tts_#.wav,human,16000,1,3.912,WAV,125228
train,2242,008238c2-be4a-4f52-a1d7-ebd1991b3f79.flac,#c#-be#a-#f#-a#d#-ebd#b#f#.flac,ivr,16000,1,11.12,FLAC,211693
train,2243,029d77c2-f2bc-4a5e-a317-c6a0d1b59089.flac,#d#c#-f#bc-#a#e-a#-c#a#d#b#.flac,ivr,16000,1,6.2,FLAC,119142
train,2244,human_tts_00033.wav,human_tts_#.wav,human,16000,1,3.312,WAV,106028
train,2245,024dd39b-0d1d-4817-bdd0-8be9a0facca2.flac,#dd#b-#d#d-#-bdd#-#be#a#facca#.flac,answering_machine,16000,1,12.771125,FLAC,288350
train,2246,003ae4c5-df8a-4405-90ba-3e89c5cdb3bc.flac,#ae#c#-df#a-#-#ba-#e#c#cdb#bc.flac,ivr,16000,1,4.24,FLAC,84055
train,2247,es_ivr_00354.wav,es_ivr_#.wav,ivr,16000,1,9.768,WAV,312620
train,2248,14f256bd-f5e1-4354-802d-43a25ee80350.flac,#f#bd-f#e#-#-#d-#a#ee#.flac,voicemail,16000,1,14.0555625,FLAC,307547
train,2249,carrier_de_answering_machine_00378.wav,carrier_de_answering_machine_#.wav,answering_machine,16000,1,9.2693125,WAV,296662
train,2250,0bc20bd5-a625-4053-ab02-5fe0097f1de6.flac,#bc#bd#-a#-#-ab#-#fe#f#de#.flac,voicemail,16000,1,14.7225625,FLAC,275002
train,2251,06e87298-e773-4cab-ac11-896a3481aebc.flac,#e#-e#-#cab-ac#-#a#aebc.flac,answering_machine,16000,1,9.1054375,FLAC,184448
train,2252,fr_human_real_00062.wav,fr_human_real_#.wav,human,16000,1,8.021375,WAV,256728
train,2253,complete_9ef458d0-24c6-4a20-9fbd-c95c42417abd_normalized.flac,complete_#ef#d#-#c#-#a#-#fbd-c#c#abd_normalized.flac,human,16000,1,3.82,FLAC,63174
train,2254,fr_am_00218.wav,fr_am_#.wav,answering_machine,16000,1,10.0,WAV,320044
train,2255,1cb0496a-6f18-455f-99d6-4d1bfe464405.flac,#cb#a-#f#-#f-#d#-#d#bfe#.flac,voicemail,16000,1,10.2070625,FLAC,210740
train,2256,ivr_00073.wav,ivr_#.wav,ivr,16000,1,8.976,WAV,287276
train,2257,0007fc28-e75c-4203-bba3-fca70ed4bc7c.flac,#fc#-e#c-#-bba#-fca#ed#bc#c.flac,voicemail,16000,1,14.6998125,FLAC,273189
train,2258,voicemail_00359.wav,voicemail_#.wav,voicemail,16000,1,10.0,WAV,320044
train,2259,60268eadc7abb7f832138b1d.wav,#eadc#abb#f#b#d.wav,human,8000,1,5.888,WAV,47162
train,2260,am_00133.wav,am_#.wav,answering_machine,16000,1,10.0,WAV,320044
train,2261,0dbf984c-4a4f-4825-907a-d124916c4461.flac,#dbf#c-#a#f-#-#a-d#c#.flac,voicemail,16000,1,5.38,FLAC,117164
train,2262,ivr_00065.wav,ivr_#.wav,ivr,16000,1,7.272,WAV,232748
train,2263,0aaaea42-a7a5-436d-9dee-8e4db3f9d46d.flac,#aaaea#-a#a#-#d-#dee-#e#db#f#d#d.flac,voicemail,16000,1,10.84825,FLAC,195458
train,2264,complete_8579191701894e3f80d623f9897620e7.flac,complete_#e#f#d#f#e#.flac,human,16000,1,3.011625,FLAC,36406
train,2265,0016253d-64fd-485d-bb96-eecdd22c69df.flac,#d-#fd-#d-bb#-eecdd#c#df.flac,ivr,16000,1,3.84,FLAC,80701
train,2266,human_real_00121.wav,human_real_#.wav,human,16000,1,3.669375,WAV,117464
train,2267,de_human_real_00399.wav,de_human_real_#.wav,human,16000,1,10.0,WAV,320044
train,2268,602b9a59963e11ccd901cbcd.wav,#b#a#e#ccd#cbcd.wav,human,8000,1,4.010625,WAV,32144
train,2269,161c2b4b-3903-4d60-8d05-edefcc71ee25.flac,#c#b#b-#-#d#-#d#-edefcc#ee#.flac,answering_machine,16000,1,5.2906875,FLAC,107904
train,2270,602669dfdc3604f481bcb5cf.wav,#dfdc#f#bcb#cf.wav,human,8000,1,3.328,WAV,26682
train,2271,02c645cb-3eb0-40f2-80e4-c2a4aab47288.flac,#c#cb-#eb#-#f#-#e#-c#a#aab#.flac,ivr,16000,1,11.08,FLAC,205344
train,2272,0401a549-3aaa-42cb-b6de-43600f1cf541.flac,#a#-#aaa-#cb-b#de-#f#cf#.flac,voicemail,16000,1,16.0,FLAC,309096
train,2273,035a90a3-4e05-4c56-a1d3-f878876f7f3d.flac,#a#a#-#e#-#c#-a#d#-f#f#f#d.flac,voicemail,16000,1,7.39675,FLAC,129381
train,2274,03529960-519b-4b2f-9e95-d1eb47f44da7.flac,#-#b-#b#f-#e#-d#eb#f#da#.flac,answering_machine,16000,1,5.8026875,FLAC,142019
train,2275,135a6fe2-796b-460e-bf09-8b550217b166.flac,#a#fe#-#b-#e-bf#-#b#b#.flac,answering_machine,16000,1,14.64125,FLAC,294818
train,2276,1b8b0d5e-d936-48ed-9d97-876b6224c632.flac,#b#b#d#e-d#-#ed-#d#-#b#c#.flac,answering_machine,16000,1,5.973375,FLAC,117433
train,2277,ivr_00058.wav,ivr_#.wav,ivr,16000,1,9.96,WAV,318764
train,2278,CAe1dd6628129657bd89ce7442c5a093e5_2.wav,CAe#dd#bd#ce#c#a#e#_#.wav,human,8000,1,5.36,WAV,42938
train,2279,11331ec5-ea2a-4006-b547-21f26ee76604.flac,#ec#-ea#a-#-b#-#f#ee#.flac,answering_machine,16000,1,5.2906875,FLAC,114413
train,2280,am_00089.wav,am_#.wav,answering_machine,16000,1,10.0,WAV,320044
train,2281,carrier_es_human_00183.wav,carrier_es_human_#.wav,human,16000,1,2.808,WAV,89900
train,2282,026f3f68-5e2f-46f3-b33c-68cb784188ae.flac,#f#f#-#e#f-#f#-b#c-#cb#ae.flac,ivr,16000,1,7.96,FLAC,159944
train,2283,complete_ce5f7be1efb948c0b97524e1a833c3f6.flac,complete_ce#f#be#efb#c#b#e#a#c#f#.flac,human,16000,1,0.825625,FLAC,8699
train,2284,human_real_00068.wav,human_real_#.wav,human,16000,1,2.816,WAV,90156
train,2285,fr_human_real_00005.wav,fr_human_real_#.wav,human,16000,1,4.010625,WAV,128384
train,2286,am_00363.wav,am_#.wav,answering_machine,16000,1,8.0071875,WAV,256274
train,2287,human_tts_00017.wav,human_tts_#.wav,human,16000,1,4.008,WAV,128300
train,2288,60268ec3c7abb7f832138b30.wav,#ec#c#abb#f#b#.wav,human,8000,1,6.826625,WAV,54672
train,2289,019b962d-a41a-4ed0-bef0-3e0f37bad45c.flac,#b#d-a#a-#ed#-bef#-#e#f#bad#c.flac,ivr,16000,1,4.04,FLAC,71596
train,2290,091d5ef1-588f-4734-bced-695e0df2f1a5.flac,#d#ef#-#f-#-bced-#e#df#f#a#.flac,answering_machine,16000,1,12.9345625,FLAC,240549
train,2291,incomplete_c25095a6-83c8-426e-a71a-f059fdc158c0_normalized.flac,incomplete_c#a#-#c#-#e-a#a-f#fdc#c#_normalized.flac,human,16000,1,5.816,FLAC,97450
train,2292,02555b18-6653-4c55-9698-6eff1b4191e5.flac,#b#-#-#c#-#-#eff#b#e#.flac,ivr,16000,1,4.24,FLAC,88488
train,2293,01047664-88d5-44fd-b127-c2427e962976.flac,#-#d#-#fd-b#-c#e#.flac,ivr,16000,1,8.52,FLAC,170253
train,2294,incomplete_8b736707-e583-4a93-9f2a-65da65613461_normalized.flac,incomplete_#b#-e#-#a#-#f#a-#da#_normalized.flac,human,16000,1,4.66725,FLAC,94106
train,2295,complete_6aa3ba94-7cbf-47d4-b3fd-5392ffedeb9d_normalized.flac,complete_#aa#ba#-#cbf-#d#-b#fd-#ffedeb#d_normalized.flac,human,16000,1,2.345625,FLAC,46672
train,2296,ivr_00001.wav,ivr_#.wav,ivr,16000,1,10.0,WAV,320044
train,2297,am_00178.wav,am_#.wav,answering_machine,16000,1,9.1768125,WAV,293702
train,2298,ivr_00011.wav,ivr_#.wav,ivr,16000,1,8.949875,WAV,286440
train,2299,carrier_de_answering_machine_00376.wav,carrier_de_answering_machine_#.wav,answering_machine,16000,1,10.0,WAV,320044
train,2300,031963d9-451b-4672-a099-966e72fe54d2.flac,#d#-#b-#-a#-#e#fe#d#.flac,answering_machine,16000,1,16.0,FLAC,342622
train,2301,am_00012.wav,am_#.wav,answering_machine,16000,1,8.896,WAV,284716
train,2302,es_voicemail_00328.wav,es_voicemail_#.wav,voicemail,16000,1,10.0,WAV,320044
train,2303,response_33.wav,response_#.wav,human,8000,1,11.008,WAV,88122
train,2304,19d2c4ed-7696-4c39-a528-edd6df9d9f64.flac,#d#c#ed-#-#c#-a#-edd#df#d#f#.flac,answering_machine,16000,1,9.6188125,FLAC,206148
train,2305,00a2d295-47d5-40c9-8e5b-b2a0ca1108c2.flac,#a#d#-#d#-#c#-#e#b-b#a#ca#c#.flac,ivr,16000,1,11.4,FLAC,247384
train,2306,0ae147b5-b150-4969-a7d8-21e5e10c4766.flac,#ae#b#-b#-#-a#d#-#e#e#c#.flac,voicemail,16000,1,10.77625,FLAC,205194
train,2307,response_13.wav,response_#.wav,human,8000,1,6.485375,WAV,51942
train,2308,0234d631-905b-4b06-b050-f99bb4ed6e8e.flac,#d#-#b-#b#-b#-f#bb#ed#e#e.flac,ivr,16000,1,6.88,FLAC,155044
train,2309,voicemail_00381.wav,voicemail_#.wav,voicemail,16000,1,10.0,WAV,320044
train,2310,response_38.wav,response_#.wav,human,8000,1,5.376,WAV,43066
train,2311,ivr_00262.wav,ivr_#.wav,ivr,16000,1,10.0,WAV,320044
train,2312,015eb6d7-db49-4cbe-96ca-3d9eb156eab3.flac,#eb#d#-db#-#cbe-#ca-#d#eb#eab#.flac,ivr,16000,1,7.96,FLAC,191171
train,2313,017100f5-234f-47eb-aba0-0f3cd0f861ea.flac,#f#-#f-#eb-aba#-#f#cd#f#ea.flac,voicemail,16000,1,5.003875,FLAC,75892
train,2314,1789d349-49a5-4111-8555-0b4fbd8d03d0.flac,#d#-#a#-#-#-#b#fbd#d#d#.flac,voicemail,16000,1,6.2229375,FLAC,92721
train,2315,CAd40415bbc670d665a28952449c627b05_0.wav,CAd#bbc#d#a#c#b#_#.wav,human,8000,1,16.84,WAV,134778
train,2316,0a3959fc-1e55-40d1-ab29-cad883dea36e.flac,#a#fc-#e#-#d#-ab#-cad#dea#e.flac,voicemail,16000,1,2.38,FLAC,51122
train,2317,CAd62958e9653da2a6235b8f11230c0076_0.wav,CAd#e#da#a#b#f#c#_#.wav,human,8000,1,10.42,WAV,83418
train,2318,voicemail_00321.wav,voicemail_#.wav,voicemail,16000,1,8.826375,WAV,282488
train,2319,01de4e07-83a9-4bd8-8b6b-26436a27a4dc.flac,#de#e#-#a#-#bd#-#b#b-#a#a#dc.flac,ivr,16000,1,8.68,FLAC,174020
train,2320,am_00263.wav,am_#.wav,answering_machine,16000,1,10.0,WAV,320044
train,2321,055e2623-6166-4b6f-8129-c617457a6d85.flac,#e#-#-#b#f-#-c#a#d#.flac,voicemail,16000,1,13.1030625,FLAC,269689
train,2322,0d74c002-7509-44fb-b059-4d3af45842e8.flac,#d#c#-#-#fb-b#-#d#af#e#.flac,voicemail,16000,1,10.673,FLAC,194392
train,2323,incomplete_a3c8f106-c4c1-40d7-b350-8fb45d443004_normalized.flac,incomplete_a#c#f#-c#c#-#d#-b#-#fb#d#_normalized.flac,human,16000,1,4.6396875,FLAC,81079
train,2324,1cb18357-6470-44f4-8a9c-5cbea09f1e4b.flac,#cb#-#-#f#-#a#c-#cbea#f#e#b.flac,voicemail,16000,1,6.339,FLAC,94719
train,2325,1a9a8398-2b3d-4df9-82ff-e60311d08812.flac,#a#a#-#b#d-#df#-#ff-e#d#.flac,answering_machine,16000,1,3.034,FLAC,67107
train,2326,de_human_tts_00463.wav,de_human_tts_#.wav,human,16000,1,2.928,WAV,93740
train,2327,097024f2-e15e-41f0-9f3e-9ef096bc8aab.flac,#f#-e#e-#f#-#f#e-#ef#bc#aab.flac,voicemail,16000,1,14.3906875,FLAC,258548
train,2328,human_tts_00179.wav,human_tts_#.wav,human,16000,1,2.592,WAV,82988
train,2329,human_real_00198.wav,human_real_#.wav,human,16000,1,10.0,WAV,320044
train,2330,fr_human_real_00074.wav,fr_human_real_#.wav,human,16000,1,4.266625,WAV,136576
train,2331,complete_28bd76a0-0989-4996-9328-f375dfb749fe_normalized.flac,complete_#bd#a#-#-#-#-f#dfb#fe_normalized.flac,human,16000,1,5.6106875,FLAC,120431
train,2332,response_37.wav,response_#.wav,human,8000,1,6.4,WAV,51258
train,2333,0091a8fb-1f77-476b-a695-0d4ed5369592.flac,#a#fb-#f#-#b-a#-#d#ed#.flac,ivr,16000,1,9.96,FLAC,218900
train,2334,0616282a-11d5-4dc6-8bb8-7fa20c4a6ca8.flac,#a-#d#-#dc#-#bb#-#fa#c#a#ca#.flac,voicemail,16000,1,8.1618125,FLAC,158255
train,2335,CAe387ce9b741ac613a87fb83b1e18bced_1.wav,CAe#ce#b#ac#a#fb#b#e#bced_#.wav,human,8000,1,15.26,WAV,122138
train,2336,173196bb-cda3-44f0-a438-faf7d306b48d.flac,#bb-cda#-#f#-a#-faf#d#b#d.flac,voicemail,16000,1,10.64075,FLAC,180611
train,2337,0f53189b-5509-46e6-91f3-b7163b72c725.flac,#f#b-#-#e#-#f#-b#b#c#.flac,answering_machine,16000,1,14.90425,FLAC,323394
train,2338,01215b4d-87da-4813-a0a0-91cfdec369bf.flac,#b#d-#da-#-a#a#-#cfdec#bf.flac,ivr,16000,1,4.96,FLAC,107934
train,2339,am_00295.wav,am_#.wav,answering_machine,16000,1,9.222125,WAV,295152
train,2340,60266315c7abb7f832138256.wav,#c#abb#f#.wav,human,8000,1,8.533375,WAV,68326
train,2341,11c1f248-613a-4d84-a52c-6bf3daf054fb.flac,#c#f#-#a-#d#-a#c-#bf#daf#fb.flac,answering_machine,16000,1,6.66,FLAC,137834
train,2342,fr_voicemail_00140.wav,fr_voicemail_#.wav,voicemail,16000,1,9.0783125,WAV,290550
train,2343,complete_c19beb4c-673e-4c40-bd2c-c068a6d51875_normalized.flac,complete_c#beb#c-#e-#c#-bd#c-c#a#d#_normalized.flac,human,16000,1,4.69125,FLAC,90838
train,2344,00b5b657-3c49-42a8-818c-f41d507f4d8c.flac,#b#b#-#c#-#a#-#c-f#d#f#d#c.flac,ivr,16000,1,5.68,FLAC,118031
train,2345,complete_c18bb036-54b2-4922-8472-e97668d88661_normalized.flac,complete_c#bb#-#b#-#-#-e#d#_normalized.flac,human,16000,1,2.693125,FLAC,58126
train,2346,00d09b66-e06c-47fd-88a5-e7ee124573bd.flac,#d#b#-e#c-#fd-#a#-e#ee#bd.flac,ivr,16000,1,3.12,FLAC,62773
train,2347,033e37d1-4174-4ed2-ac6c-dd9a5ed0accd.flac,#e#d#-#-#ed#-ac#c-dd#a#ed#accd.flac,ivr,16000,1,8.96,FLAC,182978
train,2348,es_am_00381.wav,es_am_#.wav,answering_machine,16000,1,10.0,WAV,320044
train,2349,18c1038d-4e9a-4e71-b1cc-a88f1d156baa.flac,#c#d-#e#a-#e#-b#cc-a#f#d#baa.flac,voicemail,16000,1,3.1495625,FLAC,55135
train,2350,00ae7e72-ce25-49ba-95d8-d10ede83c975.flac,#ae#e#-ce#-#ba-#d#-d#ede#c#.flac,ivr,16000,1,9.4,FLAC,180315
train,2351,01e821a2-7b99-480c-ae82-0c4ee92c2bc4.flac,#e#a#-#b#-#c-ae#-#c#ee#c#bc#.flac,ivr,16000,1,10.36,FLAC,199556
train,2352,0dca1bb9-dbb2-46cd-b6bd-a74c5b4380ff.flac,#dca#bb#-dbb#-#cd-b#bd-a#c#b#ff.flac,voicemail,16000,1,3.0998125,FLAC,69395
train,2353,02a2e789-e2b6-4a34-ad9f-59f831016d99.flac,#a#e#-e#b#-#a#-ad#f-#f#d#.flac,ivr,16000,1,9.88,FLAC,203816
train,2354,CAbda5daf8bf8251b33948c3fc845b6248_0.wav,CAbda#daf#bf#b#c#fc#b#_#.wav,human,8000,1,14.48,WAV,115898
train,2355,carrier_de_answering_machine_00380.wav,carrier_de_answering_machine_#.wav,answering_machine,16000,1,9.7609375,WAV,312394
train,2356,de_human_tts_00469.wav,de_human_tts_#.wav,human,16000,1,2.832,WAV,90668
train,2357,035ee390-c708-480d-a038-8349fc2c87af.flac,#ee#-c#-#d-a#-#fc#c#af.flac,ivr,16000,1,6.64,FLAC,136214
train,2358,021bb425-bcf8-47a0-b8f8-84001b0c774a.flac,#bb#-bcf#-#a#-b#f#-#b#c#a.flac,ivr,16000,1,5.36,FLAC,107527
train,2359,fr_ivr_00187.wav,fr_ivr_#.wav,ivr,16000,1,9.794,WAV,313452
train,2360,1338c6a9-6395-4c05-94cf-b7be03759e3e.flac,#c#a#-#-#c#-#cf-b#be#e#e.flac,answering_machine,16000,1,9.7855625,FLAC,205445
train,2361,00fdbbf4-1850-4ec4-b45e-5d710f2676ab.flac,#fdbbf#-#-#ec#-b#e-#d#f#ab.flac,ivr,16000,1,9.28,FLAC,183748
train,2362,012641db-665c-43e1-aaf4-862b479297a9.flac,#db-#c-#e#-aaf#-#b#a#.flac,voicemail,16000,1,9.3430625,FLAC,166629
train,2363,034de30c-14ef-4f2d-9cf0-35e971644bc5.flac,#de#c-#ef-#f#d-#cf#-#e#bc#.flac,ivr,16000,1,3.68,FLAC,66019
train,2364,031c4749-0cab-4df5-9067-f0ad44cc48db.flac,#c#-#cab-#df#-#-f#ad#cc#db.flac,ivr,16000,1,14.4,FLAC,314024
train,2365,0a511895-3dfb-4e2e-a581-62e13ba1ff61.flac,#a#-#dfb-#e#e-a#-#e#ba#ff#.flac,voicemail,16000,1,14.41575,FLAC,270156
train,2366,1b6868dc-daba-45bd-bda5-cf92961025c3.flac,#b#dc-daba-#bd-bda#-cf#c#.flac,answering_machine,16000,1,3.7070625,FLAC,60821
train,2367,human_real_00097.wav,human_real_#.wav,human,16000,1,3.413375,WAV,109272
train,2368,voicemail_00257.wav,voicemail_#.wav,voicemail,16000,1,9.2280625,WAV,295342
train,2369,carrier_fr_human_00005.wav,carrier_fr_human_#.wav,human,16000,1,3.984,WAV,127532
train,2370,complete_0ee74f24-3bad-4be7-90e0-ea51b4004f91_normalized.flac,complete_#ee#f#-#bad-#be#-#e#-ea#b#f#_normalized.flac,human,16000,1,2.5,FLAC,39210
train,2371,incomplete_7ae8c4f2-eccd-4e20-975f-8cb558edb2e4_normalized.flac,incomplete_#ae#c#f#-eccd-#e#-#f-#cb#edb#e#_normalized.flac,human,16000,1,2.496,FLAC,51417
train,2372,human_tts_00038.wav,human_tts_#.wav,human,16000,1,2.352,WAV,75308
train,2373,602663a2dc3604f481bcb3bb.wav,#a#dc#f#bcb#bb.wav,human,8000,1,4.352,WAV,34874
train,2374,1168e743-1182-421d-a1c0-25b5ecd65a01.flac,#e#-#-#d-a#c#-#b#ecd#a#.flac,voicemail,16000,1,2.847,FLAC,55091
train,2375,11ecbb3f-8ed9-4124-89fd-db1e61e48f3c.flac,#ecbb#f-#ed#-#-#fd-db#e#e#f#c.flac,voicemail,16000,1,11.292125,FLAC,233635
train,2376,es_human_tts_00318.wav,es_human_tts_#.wav,human,16000,1,2.112,WAV,67628
train,2377,142af8cf-47a8-4ead-9d40-1b72c7354b5d.flac,#af#cf-#a#-#ead-#d#-#b#c#b#d.flac,voicemail,16000,1,15.8133125,FLAC,282618
train,2378,0d3c530b-b18a-4034-a718-79dde8c42585.flac,#d#c#b-b#a-#-a#-#dde#c#.flac,answering_machine,16000,1,13.4746875,FLAC,277426
train,2379,0c6ef165-f172-41dd-b1c4-6be0a51835ac.flac,#c#ef#-f#-#dd-b#c#-#be#a#ac.flac,voicemail,16000,1,4.3818125,FLAC,55560
train,2380,1c2ff5ba-3197-439b-8549-2fcaf413ece9.flac,#c#ff#ba-#-#b-#-#fcaf#ece#.flac,voicemail,16000,1,11.7065,FLAC,197981
train,2381,0e8bc65c-13e3-4ce3-9040-350866cef19d.flac,#e#bc#c-#e#-#ce#-#-#cef#d.flac,voicemail,16000,1,15.295125,FLAC,314677
train,2382,response_13.wav,response_#.wav,human,8000,1,3.754625,WAV,30096
train,2383,04a6f8d5-5cf1-4ebc-be96-e577a94c8733.flac,#a#f#d#-#cf#-#ebc-be#-e#a#c#.flac,answering_machine,16000,1,13.37425,FLAC,294820
train,2384,018d6feb-a87c-45f0-b428-8fcaac78259c.flac,#d#feb-a#c-#f#-b#-#fcaac#c.flac,ivr,16000,1,5.32,FLAC,117792
train,2385,010265c1-febb-41af-adbe-9c9ecb98d6c8.flac,#c#-febb-#af-adbe-#c#ecb#d#c#.flac,ivr,16000,1,9.68,FLAC,165031
train,2386,17da842c-1675-4fb4-b981-45307f3c73da.flac,#da#c-#-#fb#-b#-#f#c#da.flac,voicemail,16000,1,3.266125,FLAC,44551
train,2387,00a08709-ce4e-40d9-8443-915cb0dedfea.flac,#a#-ce#e-#d#-#-#cb#dedfea.flac,ivr,16000,1,12.76,FLAC,246621
train,2388,1bba2e4f-b71a-4462-b616-054f6a99da18.flac,#bba#e#f-b#a-#-b#-#f#a#da#.flac,answering_machine,16000,1,10.4805625,FLAC,193896
train,2389,1c2db130-0cd9-46b2-89fc-66ec76989382.flac,#c#db#-#cd#-#b#-#fc-#ec#.flac,answering_machine,16000,1,16.0,FLAC,333199
train,2390,response_29.wav,response_#.wav,human,8000,1,6.130125,WAV,49100
train,2391,0e8bf0a6-9ca1-484c-bd62-cb70277dd23d.flac,#e#bf#a#-#ca#-#c-bd#-cb#dd#d.flac,voicemail,16000,1,5.67725,FLAC,123031
train,2392,incomplete_a4d499dd-a68f-4276-92cf-997a7b180bd5_normalized.flac,incomplete_a#d#dd-a#f-#-#cf-#a#b#bd#_normalized.flac,human,16000,1,6.26625,FLAC,127762
train,2393,001edde0-c612-4cc9-9fff-a29d1a394fa6.flac,#edde#-c#-#cc#-#fff-a#d#a#fa#.flac,ivr,16000,1,2.76,FLAC,61279
train,2394,0f960807-f1bc-43f1-86e8-0457e205be97.flac,#f#-f#bc-#f#-#e#-#e#be#.flac,voicemail,16000,1,4.4360625,FLAC,69394
train,2395,carrier_de_voicemail_00309.wav,carrier_de_voicemail_#.wav,voicemail,16000,1,10.0,WAV,320044
train,2396,01d04068-5678-4c59-99de-87058de6d9f0.flac,#d#-#-#c#-#de-#de#d#f#.flac,ivr,16000,1,4.84,FLAC,93340
train,2397,complete_9740f87bd7cb46f0a33980beeb12e476.flac,complete_#f#bd#cb#f#a#beeb#e#.flac,human,16000,1,4.7093125,FLAC,79343
train,2398,0b522450-2a81-4819-bc28-ea6d15109b60.flac,#b#-#a#-#-bc#-ea#d#b#.flac,voicemail,16000,1,9.8533125,FLAC,197017
train,2399,response_10.wav,response_#.wav,human,8000,1,11.52,WAV,92218
train,2400,0243837d-9976-42e7-8631-dd2889ab1981.flac,#d-#-#e#-#-dd#ab#.flac,ivr,16000,1,7.48,FLAC,139301
train,2401,incomplete_cbb5a353-39ce-42a3-b1f7-98beb47ace37_normalized.flac,incomplete_cbb#a#-#ce-#a#-b#f#-#beb#ace#_normalized.flac,human,16000,1,4.66025,FLAC,90098
train,2402,incomplete_42cf7a23-1acd-4dd7-8ed8-48630bbc6b5b_normalized.flac,incomplete_#cf#a#-#acd-#dd#-#ed#-#bbc#b#b_normalized.flac,human,16000,1,4.256875,FLAC,95221
train,2403,01511b82-1985-4a7e-8f49-4ea9de76b61b.flac,#b#-#-#a#e-#f#-#ea#de#b#b.flac,ivr,16000,1,11.32,FLAC,227027
train,2404,04e5bb33-5b26-4889-acf6-e1c3036b5bd0.flac,#e#bb#-#b#-#-acf#-e#c#b#bd#.flac,voicemail,16000,1,12.245625,FLAC,210894
train,2405,0350963b-5f06-4a2d-ad85-908951bbcf72.flac,#b-#f#-#a#d-ad#-#bbcf#.flac,ivr,16000,1,5.68,FLAC,118507
train,2406,am_00194.wav,am_#.wav,answering_machine,16000,1,10.0,WAV,320044
train,2407,0ae0dd71-a503-4707-bb7b-e48e4f6ff61b.flac,#ae#dd#-a#-#-bb#b-e#e#f#ff#b.flac,answering_machine,16000,1,11.062875,FLAC,216999
train,2408,0a92e6b9-48ff-46a2-8d11-217526761990.flac,#a#e#b#-#ff-#a#-#d#-#.flac,answering_machine,16000,1,8.6186875,FLAC,189830
train,2409,carrier_fr_answering_machine_00134.wav,carrier_fr_answering_machine_#.wav,answering_machine,16000,1,10.0,WAV,320044
train,2410,036abfbe-23f9-474b-bd6b-369cad268136.flac,#abfbe-#f#-#b-bd#b-#cad#.flac,ivr,16000,1,11.8,FLAC,252941
train,2411,093bd4de-0b92-4400-b649-978727662306.flac,#bd#de-#b#-#-b#-#.flac,voicemail,16000,1,7.844,FLAC,174068
train,2412,complete_6c9885ba-d308-4d4f-9da8-17af823f15bf_normalized.flac,complete_#c#ba-d#-#d#f-#da#-#af#f#bf_normalized.flac,human,16000,1,2.53125,FLAC,49463
train,2413,1e0c343e-6fe7-4c23-b165-5ef5f434d495.flac,#e#c#e-#fe#-#c#-b#-#ef#f#d#.flac,answering_machine,16000,1,12.936,FLAC,251293
train,2414,am_00286.wav,am_#.wav,answering_machine,16000,1,10.0,WAV,320044
train,2415,16516b03-672f-49ba-aef1-992a7309b6ea.flac,#b#-#f-#ba-aef#-#a#b#ea.flac,voicemail,16000,1,13.4014375,FLAC,282715
train,2416,023126ec-f25c-4df4-b28b-1bfc3297b7e5.flac,#ec-f#c-#df#-b#b-#bfc#b#e#.flac,ivr,16000,1,9.2,FLAC,175166
train,2417,am_00253.wav,am_#.wav,answering_machine,16000,1,10.0,WAV,320044
train,2418,136c03e1-66bb-4084-b14b-3878e4ede2d8.flac,#c#e#-#bb-#-b#b-#e#ede#d#.flac,answering_machine,16000,1,10.8139375,FLAC,210207
train,2419,01d102e0-1450-46d8-95e9-c935c38c6e91.flac,#d#e#-#-#d#-#e#-c#c#c#e#.flac,ivr,16000,1,16.52,FLAC,322309
train,2420,complete_9f6cdd49-1c74-4bc0-a64c-ef1f77c0c1c9_normalized.flac,complete_#f#cdd#-#c#-#bc#-a#c-ef#f#c#c#c#_normalized.flac,human,16000,1,5.504,FLAC,110130
train,2421,de_ivr_00495.wav,de_ivr_#.wav,ivr,16000,1,7.538,WAV,241260
train,2422,14f8b9cf-0f5f-4172-8ba8-2019c85a53f9.flac,#f#b#cf-#f#f-#-#ba#-#c#a#f#.flac,voicemail,16000,1,6.072,FLAC,106664
train,2423,0194b627-7455-4688-8737-32e2c8086996.flac,#b#-#-#-#-#e#c#.flac,ivr,16000,1,5.52,FLAC,98090
train,2424,04d5a686-6c8a-4315-a237-135b82e56c8b.flac,#d#a#-#c#a-#-a#-#b#e#c#b.flac,answering_machine,16000,1,13.933875,FLAC,294266
train,2425,1ac4b695-fcf9-4363-8a6b-6e518b754632.flac,#ac#b#-fcf#-#-#a#b-#e#b#.flac,voicemail,16000,1,15.36775,FLAC,292299
train,2426,0246a0e4-35c3-46f3-b078-fd619ef7ee75.flac,#a#e#-#c#-#f#-b#-fd#ef#ee#.flac,ivr,16000,1,7.4,FLAC,160235
train,2427,001cd569-35cf-40e5-95ec-f118673cc577.flac,#cd#-#cf-#e#-#ec-f#cc#.flac,ivr,16000,1,10.88,FLAC,223403
train,2428,carrier_fr_answering_machine_00146.wav,carrier_fr_answering_machine_#.wav,answering_machine,16000,1,9.4518125,WAV,302502
train,2429,ivr_00141.wav,ivr_#.wav,ivr,16000,1,10.0,WAV,320044
train,2430,am_00240.wav,am_#.wav,answering_machine,16000,1,8.13575,WAV,260388
train,2431,0159c44d-da85-44b2-937a-db2874fea22d.flac,#c#d-da#-#b#-#a-db#fea#d.flac,ivr,16000,1,4.76,FLAC,93005
train,2432,1430c388-0766-4f46-ac3f-96290832c614.flac,#c#-#-#f#-ac#f-#c#.flac,voicemail,16000,1,6.45375,FLAC,112488
train,2433,incomplete_260ee0a4-e611-4259-8c73-5c660abeacfd_normalized.flac,incomplete_#ee#a#-e#-#-#c#-#c#abeacfd_normalized.flac,human,16000,1,7.74,FLAC,138842
train,2434,es_voicemail_00330.wav,es_voicemail_#.wav,voicemail,16000,1,9.45375,WAV,302564
train,2435,0a875806-1ebe-4d08-8c57-b64fd85522dc.flac,#a#-#ebe-#d#-#c#-b#fd#dc.flac,voicemail,16000,1,5.22,FLAC,104641
train,2436,human_tts_00162.wav,human_tts_#.wav,human,16000,1,0.888,WAV,28460
train,2437,0a1667fe-073c-44bc-9d4f-20dc4e3de2ca.flac,#a#fe-#c-#bc-#d#f-#dc#e#de#ca.flac,answering_machine,16000,1,11.51625,FLAC,197363
train,2438,186ace75-bb7e-4fea-ba2b-17a00434782f.flac,#ace#-bb#e-#fea-ba#b-#a#f.flac,answering_machine,16000,1,3.4986875,FLAC,78170
train,2439,carrier_en_answering_machine_00509.wav,carrier_en_answering_machine_#.wav,answering_machine,16000,1,7.9893125,WAV,255702
train,2440,fr_am_00235.wav,fr_am_#.wav,answering_machine,16000,1,10.0,WAV,320044
train,2441,incomplete_6c8d9ed8-4624-45f6-8b19-e923b0dc1504_normalized.flac,incomplete_#c#d#ed#-#-#f#-#b#-e#b#dc#_normalized.flac,human,16000,1,3.0703125,FLAC,58646
train,2442,015a9dcb-74fc-497f-9d09-c602d6490357.flac,#a#dcb-#fc-#f-#d#-c#d#.flac,ivr,16000,1,9.32,FLAC,190723
train,2443,carrier_fr_human_00003.wav,carrier_fr_human_#.wav,human,16000,1,2.76,WAV,88364
train,2444,CA3e69464d31082adb5c61ef3129219560_0.wav,CA#e#d#adb#c#ef#_#.wav,human,8000,1,12.66,WAV,101338
train,2445,es_voicemail_00329.wav,es_voicemail_#.wav,voicemail,16000,1,9.051,WAV,289676
train,2446,0307ab9d-8221-42a0-8f26-b63dad7f9197.flac,#ab#d-#-#a#-#f#-b#dad#f#.flac,ivr,16000,1,5.28,FLAC,118628
train,2447,carrier_fr_ivr_00113.wav,carrier_fr_ivr_#.wav,ivr,16000,1,10.0,WAV,320044
train,2448,de_ivr_00504.wav,de_ivr_#.wav,ivr,16000,1,10.0,WAV,320044
train,2449,complete_9ddbb95f-537d-490a-b2ec-29296d52b053_normalized.flac,complete_#ddbb#f-#d-#a-b#ec-#d#b#_normalized.flac,human,16000,1,2.112,FLAC,47011
train,2450,0cd735ae-0606-4072-81e8-9bbeabce2df0.flac,#cd#ae-#-#-#e#-#bbeabce#df#.flac,answering_machine,16000,1,9.145125,FLAC,224008
train,2451,CA26817ae36fd64b77471a6fcccc57372b_0.wav,CA#ae#fd#b#a#fcccc#b_#.wav,human,8000,1,5.66,WAV,45338
train,2452,04b47107-4070-41c2-8f11-5180bced0a2c.flac,#b#-#-#c#-#f#-#bced#a#c.flac,voicemail,16000,1,5.2593125,FLAC,86113
train,2453,human_real_00085.wav,human_real_#.wav,human,16000,1,10.0,WAV,320044
train,2454,1138ef8c-d273-4f2d-a649-d2648dc5e61d.flac,#ef#c-d#-#f#d-a#-d#dc#e#d.flac,answering_machine,16000,1,15.403375,FLAC,323422
train,2455,053c136b-58e8-41b5-b414-4a737d4b120b.flac,#c#b-#e#-#b#-b#-#a#d#b#b.flac,voicemail,16000,1,13.1365625,FLAC,252192
train,2456,0ec8839c-4a7d-4edb-8cd7-52f6824ef5ea.flac,#ec#c-#a#d-#edb-#cd#-#f#ef#ea.flac,voicemail,16000,1,6.654375,FLAC,115343
train,2457,19dac98e-d578-4660-81cc-16791e5d743f.flac,#dac#e-d#-#-#cc-#e#d#f.flac,voicemail,16000,1,12.606875,FLAC,265036
train,2458,19648908-a546-4d4f-a418-3d15508717d8.flac,#-a#-#d#f-a#-#d#d#.flac,answering_machine,16000,1,8.932125,FLAC,144453
train,2459,188567fd-f450-4783-bb2a-30db60aa4fdc.flac,#fd-f#-#-bb#a-#db#aa#fdc.flac,voicemail,16000,1,13.9400625,FLAC,266139
train,2460,06b3bdd1-6762-4707-a75c-6a1b154afd0d.flac,#b#bdd#-#-#-a#c-#a#b#afd#d.flac,answering_machine,16000,1,12.8184375,FLAC,285876
train,2461,voicemail_00038.wav,voicemail_#.wav,voicemail,16000,1,9.0675625,WAV,290206
train,2462,ivr_00351.wav,ivr_#.wav,ivr,16000,1,10.0,WAV,320044
train,2463,complete_61da296b-9377-4f07-80a1-073b10cb85a1_normalized.flac,complete_#da#b-#-#f#-#a#-#b#cb#a#_normalized.flac,human,16000,1,3.5,FLAC,58764
train,2464,human_real_00180.wav,human_real_#.wav,human,16000,1,9.984,WAV,319532
train,2465,es_am_00378.wav,es_am_#.wav,answering_machine,16000,1,9.2010625,WAV,294478
train,2466,human_tts_00025.wav,human_tts_#.wav,human,16000,1,0.792,WAV,25388
train,2467,incomplete_e260b062-6812-47a4-a85f-753863da1d61_normalized.flac,incomplete_e#b#-#-#a#-a#f-#da#d#_normalized.flac,human,16000,1,5.85375,FLAC,115910
train,2468,01d8db3d-ebb1-431c-9c88-c13dcaa4d474.flac,#d#db#d-ebb#-#c-#c#-c#dcaa#d#.flac,ivr,16000,1,10.48,FLAC,226563
train,2469,18fbbe88-15f4-45c5-8485-108ead8ebe67.flac,#fbbe#-#f#-#c#-#-#ead#ebe#.flac,answering_machine,16000,1,8.192,FLAC,166865
train,2470,08f07c26-573e-47a1-9dfe-3102da3aca5b.flac,#f#c#-#e-#a#-#dfe-#da#aca#b.flac,answering_machine,16000,1,10.605875,FLAC,213462
train,2471,00172271-3941-4f44-a54c-3c576cfe4d63.flac,#-#-#f#-a#c-#c#cfe#d#.flac,ivr,16000,1,9.52,FLAC,185768
train,2472,incomplete_8e104ca8-ae2d-4917-90f4-2c09dd5454ce_normalized.flac,incomplete_#e#ca#-ae#d-#-#f#-#c#dd#ce_normalized.flac,human,16000,1,3.136,FLAC,55698
train,2473,human_tts_00058.wav,human_tts_#.wav,human,16000,1,2.16,WAV,69164
train,2474,01672898-f191-40c5-87d9-88bd6a89246c.flac,#-f#-#c#-#d#-#bd#a#c.flac,voicemail,16000,1,3.7848125,FLAC,69407
train,2475,06b4ebab-c2e5-415e-9a1f-c6c701108913.flac,#b#ebab-c#e#-#e-#a#f-c#c#.flac,answering_machine,16000,1,9.7575625,FLAC,213204
train,2476,14f3b500-17ed-42d8-8972-c029f6595d9d.flac,#f#b#-#ed-#d#-#-c#f#d#d.flac,voicemail,16000,1,2.553,FLAC,53970
train,2477,0ce88d38-6f35-4e96-8722-575cc0668172.flac,#ce#d#-#f#-#e#-#-#cc#.flac,voicemail,16000,1,10.3878125,FLAC,210388
train,2478,carrier_es_voicemail_00209.wav,carrier_es_voicemail_#.wav,voicemail,16000,1,9.9031875,WAV,316946
train,2479,1ca95ac0-d4cc-4678-b151-bf43238a46ca.flac,#ca#ac#-d#cc-#-b#-bf#a#ca.flac,answering_machine,16000,1,10.7831875,FLAC,229537
train,2480,es_ivr_00358.wav,es_ivr_#.wav,ivr,16000,1,7.056,WAV,225836
train,2481,06cca70e-79d8-4ab1-b8f9-4626dcc9ec53.flac,#cca#e-#d#-#ab#-b#f#-#dcc#ec#.flac,voicemail,16000,1,8.727375,FLAC,168797
train,2482,60269250c7abb7f832138e48.wav,#c#abb#f#e#.wav,human,8000,1,4.522625,WAV,36240
train,2483,complete_8d1e3ac8-95ca-4865-b695-83b06f970150_normalized.flac,complete_#d#e#ac#-#ca-#-b#-#b#f#_normalized.flac,human,16000,1,3.359125,FLAC,72114
train,2484,carrier_es_voicemail_00197.wav,carrier_es_voicemail_#.wav,voicemail,16000,1,10.0,WAV,320044
train,2485,19a219ad-d551-40b3-abe9-6f4d3b991f21.flac,#a#ad-d#-#b#-abe#-#f#d#b#f#.flac,answering_machine,16000,1,4.372,FLAC,92447
train,2486,CA054d77eb09797f74bad48e0581c5f81b_1.wav,CA#d#eb#f#bad#e#c#f#b_#.wav,human,8000,1,6.12,WAV,49018
train,2487,fr_ivr_00168.wav,fr_ivr_#.wav,ivr,16000,1,10.0,WAV,320044
train,2488,015dda2a-c8c5-476e-a099-3bdafd627d48.flac,#dda#a-c#c#-#e-a#-#bdafd#d#.flac,ivr,16000,1,8.2,FLAC,170957
train,2489,fr_voicemail_00137.wav,fr_voicemail_#.wav,voicemail,16000,1,9.0540625,WAV,289774
train,2490,human_tts_00074.wav,human_tts_#.wav,human,16000,1,2.352,WAV,75308
train,2491,1077706e-3eb9-4a33-9751-184e3e8008b3.flac,#e-#eb#-#a#-#-#e#e#b#.flac,answering_machine,16000,1,13.651625,FLAC,237521
train,2492,05e06860-6195-4bc3-8212-6bfbe479c3a9.flac,#e#-#-#bc#-#-#bfbe#c#a#.flac,voicemail,16000,1,12.58625,FLAC,237449
train,2493,03003c04-741f-490e-9af2-3e585933efb9.flac,#c#-#f-#e-#af#-#e#efb#.flac,ivr,16000,1,3.04,FLAC,68457
train,2494,020f83cb-fc6f-485f-aaa5-d79b98a99be5.flac,#f#cb-fc#f-#f-aaa#-d#b#a#be#.flac,ivr,16000,1,6.32,FLAC,138893
train,2495,01d8cb40-f645-42bc-a839-154906bfde39.flac,#d#cb#-f#-#bc-a#-#bfde#.flac,ivr,16000,1,4.68,FLAC,92432
train,2496,carrier_de_voicemail_00302.wav,carrier_de_voicemail_#.wav,voicemail,16000,1,10.0,WAV,320044
train,2497,60268fc5c7abb7f832138d3b.wav,#fc#c#abb#f#d#b.wav,human,8000,1,15.786625,WAV,126352
train,2498,0316dc1d-7cd6-433a-83f6-fc9c7e26a178.flac,#dc#d-#cd#-#a-#f#-fc#c#e#a#.flac,voicemail,16000,1,7.1749375,FLAC,139647
train,2499,voicemail_00292.wav,voicemail_#.wav,voicemail,16000,1,10.0,WAV,320044
train,2500,1d372c5d-fa21-4c23-953b-5e5a74d0b5cb.flac,#d#c#d-fa#-#c#-#b-#e#a#d#b#cb.flac,voicemail,16000,1,12.843125,FLAC,280004
train,2501,fr_voicemail_00138.wav,fr_voicemail_#.wav,voicemail,16000,1,7.97675,WAV,255300
train,2502,01c3db5f-9462-492d-95a0-d9f292e37174.flac,#c#db#f-#-#d-#a#-d#f#e#.flac,ivr,16000,1,13.36,FLAC,250715
train,2503,602bae94bb1e6d0fbce92271.wav,#bae#bb#e#d#fbce#.wav,human,8000,1,8.789375,WAV,70374
train,2504,18dbf637-db1c-444e-bc7e-63fde118126b.flac,#dbf#-db#c-#e-bc#e-#fde#b.flac,answering_machine,16000,1,3.9216875,FLAC,57230
train,2505,11d32528-9598-4d40-aeac-5e7b88ee8948.flac,#d#-#-#d#-aeac-#e#b#ee#.flac,answering_machine,16000,1,3.503375,FLAC,68258
train,2506,incomplete_42ace11d-38d6-49c6-be60-4054305883fd_normalized.flac,incomplete_#ace#d-#d#-#c#-be#-#fd_normalized.flac,human,16000,1,5.0784375,FLAC,99502
train,2507,human_real_00050.wav,human_real_#.wav,human,16000,1,10.0,WAV,320044
train,2508,1c2025ec-7875-494c-89ab-13f05e2d6309.flac,#c#ec-#-#c-#ab-#f#e#d#.flac,voicemail,16000,1,13.6175625,FLAC,272742
train,2509,ivr_00118.wav,ivr_#.wav,ivr,16000,1,10.0,WAV,320044
train,2510,incomplete_82ae9bd2-043e-49d1-ba16-df3167538eae_normalized.flac,incomplete_#ae#bd#-#e-#d#-ba#-df#eae_normalized.flac,human,16000,1,4.228125,FLAC,83533
train,2511,response_34.wav,response_#.wav,human,8000,1,7.594625,WAV,60816
train,2512,voicemail_00111.wav,voicemail_#.wav,voicemail,16000,1,9.69875,WAV,310404
train,2513,0a4bd5cc-f06f-4a8e-aa66-803799c035ed.flac,#a#bd#cc-f#f-#a#e-aa#-#c#ed.flac,voicemail,16000,1,4.980625,FLAC,67334
train,2514,human_real_00174.wav,human_real_#.wav,human,16000,1,10.0,WAV,320044
train,2515,ivr_00155.wav,ivr_#.wav,ivr,16000,1,10.0,WAV,320044
train,2516,carrier_fr_human_00024.wav,carrier_fr_human_#.wav,human,16000,1,1.752,WAV,56108
train,2517,0da135e0-3ac7-4732-a5d9-c8db34371522.flac,#da#e#-#ac#-#-a#d#-c#db#.flac,voicemail,16000,1,8.812875,FLAC,191206
train,2518,1b3b5151-eebf-4491-ab10-126d8dde3bcd.flac,#b#b#-eebf-#-ab#-#d#dde#bcd.flac,voicemail,16000,1,7.987625,FLAC,162903
train,2519,013955e3-455c-492f-a9fc-d3483a32ce65.flac,#e#-#c-#f-a#fc-d#a#ce#.flac,ivr,16000,1,6.52,FLAC,136169
train,2520,complete_57d9d1de-09e2-45d5-b4e3-653e6d8023a8_normalized.flac,complete_#d#d#de-#e#-#d#-b#e#-#e#d#a#_normalized.flac,human,16000,1,5.957,FLAC,123427
train,2521,1d35c20f-260c-4a75-8ef5-06307f86df62.flac,#d#c#f-#c-#a#-#ef#-#f#df#.flac,answering_machine,16000,1,16.0,FLAC,290644
train,2522,02c2457d-b1b9-4176-9cba-c342aa0e2b0e.flac,#c#d-b#b#-#-#cba-c#aa#e#b#e.flac,ivr,16000,1,6.44,FLAC,126717
train,2523,184881db-1dab-46ed-8df4-473d3262535c.flac,#db-#dab-#ed-#df#-#d#c.flac,voicemail,16000,1,2.234,FLAC,45586
train,2524,1955351c-2fca-48e0-9293-f0e60eefe3bd.flac,#c-#fca-#e#-#-f#e#eefe#bd.flac,answering_machine,16000,1,4.98,FLAC,103033
train,2525,ivr_00229.wav,ivr_#.wav,ivr,16000,1,10.0,WAV,320044
train,2526,0666dc17-3e57-4f87-8e79-3f014444eb00.flac,#dc#-#e#-#f#-#e#-#f#eb#.flac,voicemail,16000,1,7.34475,FLAC,139346
train,2527,037a6228-53c3-4427-afc6-f44e982ec47d.flac,#a#-#c#-#-afc#-f#e#ec#d.flac,answering_machine,16000,1,12.6221875,FLAC,264189
train,2528,0e6646d4-a45c-402f-970f-af73d389f2bf.flac,#e#d#-a#c-#f-#f-af#d#f#bf.flac,voicemail,16000,1,14.7391875,FLAC,291315
train,2529,0de32dc7-c7cc-401e-b655-d84db4cb6733.flac,#de#dc#-c#cc-#e-b#-d#db#cb#.flac,voicemail,16000,1,12.978625,FLAC,262112
train,2530,036cd0ea-8c58-4c62-8964-3198d0a00973.flac,#cd#ea-#c#-#c#-#-#d#a#.flac,ivr,16000,1,2.96,FLAC,59574
train,2531,carrier_en_human_00399.wav,carrier_en_human_#.wav,human,16000,1,1.944,WAV,62252
train,2532,065c276b-c413-46af-a7f9-eb1c0a784a0e.flac,#c#b-c#-#af-a#f#-eb#c#a#a#e.flac,answering_machine,16000,1,3.5869375,FLAC,56761
train,2533,1a5491cb-6fa0-4f0b-b506-53c78b725bed.flac,#a#cb-#fa#-#f#b-b#-#c#b#bed.flac,answering_machine,16000,1,8.743625,FLAC,163947
train,2534,complete_8006fef6-c3e5-4072-bd5c-0e979ffc8545_normalized.flac,complete_#fef#-c#e#-#-bd#c-#e#ffc#_normalized.flac,human,16000,1,2.821875,FLAC,57031
train,2535,carrier_en_human_00406.wav,carrier_en_human_#.wav,human,16000,1,1.872,WAV,59948
train,2536,fr_voicemail_00162.wav,fr_voicemail_#.wav,voicemail,16000,1,10.0,WAV,320044
train,2537,0be7c6a1-5e41-43b9-a98c-b66a2d0e9ea7.flac,#be#c#a#-#e#-#b#-a#c-b#a#d#e#ea#.flac,answering_machine,16000,1,12.3805,FLAC,234950
train,2538,010995c0-67ad-44ee-b6d7-9db167d6a6ad.flac,#c#-#ad-#ee-b#d#-#db#d#a#ad.flac,answering_machine,16000,1,9.216,FLAC,184912
train,2539,11f25852-0e85-42aa-ae89-34d8a7eb702b.flac,#f#-#e#-#aa-ae#-#d#a#eb#b.flac,answering_machine,16000,1,4.218,FLAC,70422
train,2540,0f32803f-77dc-46dc-a12d-03ced2c6b7aa.flac,#f#f-#dc-#dc-a#d-#ced#c#b#aa.flac,answering_machine,16000,1,6.0586875,FLAC,128667
train,2541,fr_human_real_00027.wav,fr_human_real_#.wav,human,16000,1,7.082625,WAV,226688
train,2542,02c5d693-e963-4a4b-8c25-af2e06fa32b1.flac,#c#d#-e#-#a#b-#c#-af#e#fa#b#.flac,voicemail,16000,1,3.38325,FLAC,62677
train,2543,carrier_de_human_00286.wav,carrier_de_human_#.wav,human,16000,1,2.376,WAV,76076
train,2544,15661640-b29f-4415-8de7-a3729ace3bc9.flac,#-b#f-#-#de#-a#ace#bc#.flac,answering_machine,16000,1,12.4766875,FLAC,261750
train,2545,es_voicemail_00342.wav,es_voicemail_#.wav,voicemail,16000,1,10.0,WAV,320044
train,2546,1d1b8bb4-20bb-45ca-86ef-ab946a49ac48.flac,#d#b#bb#-#bb-#ca-#ef-ab#a#ac#.flac,answering_machine,16000,1,12.2915,FLAC,242051
train,2547,02402168-b734-427b-8036-359410f36a8b.flac,#-b#-#b-#-#f#a#b.flac,ivr,16000,1,11.8,FLAC,260306
train,2548,es_human_real_00290.wav,es_human_real_#.wav,human,16000,1,10.0,WAV,320044
train,2549,038c6327-5b71-48bb-b3c1-293c383f1fb6.flac,#c#-#b#-#bb-b#c#-#c#f#fb#.flac,voicemail,16000,1,3.8623125,FLAC,67473
train,2550,fr_human_real_00002.wav,fr_human_real_#.wav,human,16000,1,10.0,WAV,320044
train,2551,0ff38769-743b-43e9-845e-28b29a250768.flac,#ff#-#b-#e#-#e-#b#a#.flac,answering_machine,16000,1,9.557375,FLAC,196897
train,2552,08a5b5b4-e168-486f-8270-1d1759ec749a.flac,#a#b#b#-e#-#f-#-#d#ec#a.flac,voicemail,16000,1,3.478,FLAC,71935
train,2553,0816b917-d599-4f81-8800-e3b1d33eead3.flac,#b#-d#-#f#-#-e#b#d#eead#.flac,answering_machine,16000,1,13.9535,FLAC,266948
train,2554,response_20.wav,response_#.wav,human,8000,1,17.066625,WAV,136592
train,2555,incomplete_ee104bcb-4ec1-4103-adee-ba0e4bcebb11_normalized.flac,incomplete_ee#bcb-#ec#-#-adee-ba#e#bcebb#_normalized.flac,human,16000,1,5.2125,FLAC,95355
train,2556,fr_human_real_00065.wav,fr_human_real_#.wav,human,16000,1,6.272,WAV,200748
train,2557,response_5.wav,response_#.wav,human,8000,1,13.568,WAV,108602
train,2558,18c23a38-7616-4d4e-87c5-2282a524c7d2.flac,#c#a#-#-#d#e-#c#-#a#c#d#.flac,answering_machine,16000,1,13.9086875,FLAC,264336
train,2559,carrier_fr_voicemail_00038.wav,carrier_fr_voicemail_#.wav,voicemail,16000,1,10.0,WAV,320044
train,2560,12d513ff-e286-46a3-996a-5dfd6485076c.flac,#d#ff-e#-#a#-#a-#dfd#c.flac,voicemail,16000,1,2.659625,FLAC,55122
train,2561,013b0df7-389f-4c68-a7b5-3de6a301757a.flac,#b#df#-#f-#c#-a#b#-#de#a#a.flac,ivr,16000,1,3.48,FLAC,64914
train,2562,153dc044-8597-4d66-877a-f3b4474ba98a.flac,#dc#-#-#d#-#a-f#b#ba#a.flac,voicemail,16000,1,16.0,FLAC,304279
train,2563,18a8987c-245b-404a-9e2c-5a003adb13cd.flac,#a#c-#b-#a-#e#c-#a#adb#cd.flac,voicemail,16000,1,4.9350625,FLAC,66741
train,2564,602ba6c35f67b421554f641a.wav,#ba#c#f#b#f#a.wav,human,8000,1,3.669375,WAV,29414
train,2565,de_human_tts_00450.wav,de_human_tts_#.wav,human,16000,1,2.544,WAV,81452
train,2566,incomplete_dd5bcf6c-d9f9-45ba-ae0e-4817ee3da5c2_normalized.flac,incomplete_dd#bcf#c-d#f#-#ba-ae#e-#ee#da#c#_normalized.flac,human,16000,1,4.32,FLAC,81658
train,2567,0396bb64-9a08-47b0-b390-761b35907197.flac,#bb#-#a#-#b#-b#-#b#.flac,voicemail,16000,1,12.1218125,FLAC,249224
train,2568,incomplete_bb9df95e-cbe4-42ec-a3f7-8bbd880815bb_normalized.flac,incomplete_bb#df#e-cbe#-#ec-a#f#-#bbd#bb_normalized.flac,human,16000,1,3.8225,FLAC,69737
train,2569,01abaf07-753c-40e3-bffb-1d56a7e464b4.flac,#abaf#-#c-#e#-bffb-#d#a#e#b#.flac,ivr,16000,1,6.96,FLAC,132993
train,2570,fr_am_00239.wav,fr_am_#.wav,answering_machine,16000,1,8.17325,WAV,261588
train,2571,0d94410f-8b07-419f-ab37-38a4a67764ec.flac,#d#f-#b#-#f-ab#-#a#a#ec.flac,answering_machine,16000,1,6.164,FLAC,120538
train,2572,am_00279.wav,am_#.wav,answering_machine,16000,1,9.88475,WAV,316356
train,2573,complete_d1627e72-f782-4351-941b-309ddf554d67_normalized.flac,complete_d#e#-f#-#-#b-#ddf#d#_normalized.flac,human,16000,1,4.67625,FLAC,93705
train,2574,00c22272-a561-4461-af5c-c5fdd8d12165.flac,#c#-a#-#-af#c-c#fdd#d#.flac,ivr,16000,1,7.32,FLAC,131055
train,2575,human_tts_00146.wav,human_tts_#.wav,human,16000,1,1.584,WAV,50732
train,2576,es_voicemail_00334.wav,es_voicemail_#.wav,voicemail,16000,1,9.221375,WAV,295128
train,2577,06591f92-5fda-4af7-9cdb-e458e68cd7f4.flac,#f#-#fda-#af#-#cdb-e#e#cd#f#.flac,answering_machine,16000,1,2.1,FLAC,41571
train,2578,human_tts_00128.wav,human_tts_#.wav,human,16000,1,2.352,WAV,75308
train,2579,0ba70c48-976f-4d60-8331-976e08abb89a.flac,#ba#c#-#f-#d#-#-#e#abb#a.flac,voicemail,16000,1,14.334,FLAC,297235
train,2580,018b27d1-ca16-4314-a799-3767d0a28cf8.flac,#b#d#-ca#-#-a#-#d#a#cf#.flac,ivr,16000,1,5.04,FLAC,115440
train,2581,human_tts_00001.wav,human_tts_#.wav,human,16000,1,2.088,WAV,66860
train,2582,carrier_de_ivr_00345.wav,carrier_de_ivr_#.wav,ivr,16000,1,10.0,WAV,320044
train,2583,05d2dd39-a2ad-49cb-9211-2477bf528c5c.flac,#d#dd#-a#ad-#cb-#-#bf#c#c.flac,answering_machine,16000,1,2.82,FLAC,61667
train,2584,00e32cd9-8fee-438c-8de0-82f18935336b.flac,#e#cd#-#fee-#c-#de#-#f#b.flac,ivr,16000,1,8.08,FLAC,158532
train,2585,0346b624-9955-4283-b450-f603634debda.flac,#b#-#-#-b#-f#debda.flac,answering_machine,16000,1,4.0106875,FLAC,90708
train,2586,056bbf56-bdf7-439e-b94a-8423374c3aa6.flac,#bbf#-bdf#-#e-b#a-#c#aa#.flac,voicemail,16000,1,16.0,FLAC,303948
train,2587,602ba53bbb1e6d0fbce92061.wav,#ba#bbb#e#d#fbce#.wav,human,8000,1,6.130125,WAV,49100
train,2588,6026613cdc3604f481bcb354.wav,#cdc#f#bcb#.wav,human,8000,1,13.909375,WAV,111334
train,2589,0a7cee2d-76c7-4d42-94ad-fbca677f2524.flac,#a#cee#d-#c#-#d#-#ad-fbca#f#.flac,answering_machine,16000,1,9.472,FLAC,207764
train,2590,human_tts_00116.wav,human_tts_#.wav,human,16000,1,5.712,WAV,182828
train,2591,carrier_fr_answering_machine_00165.wav,carrier_fr_answering_machine_#.wav,answering_machine,16000,1,8.4386875,WAV,270082
train,2592,110ea27d-75ef-4b78-9494-280e22ff8820.flac,#ea#d-#ef-#b#-#-#e#ff#.flac,voicemail,16000,1,3.583,FLAC,74777
train,2593,complete_11811e89-25ff-40d9-9bde-96bd2c015554_normalized.flac,complete_#e#-#ff-#d#-#bde-#bd#c#_normalized.flac,human,16000,1,5.56,FLAC,76742
train,2594,151a6be4-4eae-4078-9a76-af57896472aa.flac,#a#be#-#eae-#-#a#-af#aa.flac,answering_machine,16000,1,12.6013125,FLAC,248469
train,2595,602bad7d05f96973d67944e2.wav,#bad#d#f#d#e#.wav,human,8000,1,4.864,WAV,38970
train,2596,1204c135-872e-468b-84d5-f8fa8d371edd.flac,#c#-#e-#b-#d#-f#fa#d#edd.flac,voicemail,16000,1,6.4435,FLAC,102316
train,2597,complete_0cb8fcd6-ff6c-46cb-b843-9580c5fe1378_normalized.flac,complete_#cb#fcd#-ff#c-#cb-b#-#c#fe#_normalized.flac,human,16000,1,4.083125,FLAC,74077
train,2598,1707a801-eeb3-4135-bb13-b2510e5cf4a9.flac,#a#-eeb#-#-bb#-b#e#cf#a#.flac,answering_machine,16000,1,11.54225,FLAC,231755
train,2599,fr_human_real_00049.wav,fr_human_real_#.wav,human,16000,1,7.594625,WAV,243072
train,2600,60268ffac7abb7f832138db8.wav,#ffac#abb#f#db#.wav,human,8000,1,6.4,WAV,51258
train,2601,complete_498f6a05ef894e48987fa082d2b8cc2e.flac,complete_#f#a#ef#e#fa#d#b#cc#e.flac,human,16000,1,2.2674375,FLAC,30468
train,2602,11ec82f1-3096-4954-9957-ff598f02546d.flac,#ec#f#-#-#-#-ff#f#d.flac,answering_machine,16000,1,10.111625,FLAC,196477
train,2603,response_8.wav,response_#.wav,human,8000,1,3.584,WAV,28730
train,2604,602ba7815f67b421554f6430.wav,#ba#f#b#f#.wav,human,8000,1,34.133375,WAV,273126
train,2605,00c680a3-e6fd-400a-a915-488773122ab5.flac,#c#a#-e#fd-#a-a#-#ab#.flac,ivr,16000,1,22.16,FLAC,492709
train,2606,de_am_00541.wav,de_am_#.wav,answering_machine,16000,1,10.0,WAV,320044
train,2607,01dae41f-4386-40b8-8d44-5e44a37da2be.flac,#dae#f-#-#b#-#d#-#e#a#da#be.flac,ivr,16000,1,4.12,FLAC,86563
train,2608,voicemail_00330.wav,voicemail_#.wav,voicemail,16000,1,10.0,WAV,320044
train,2609,1af3f75c-0bb4-40ae-963f-7f4bd879307a.flac,#af#f#c-#bb#-#ae-#f-#f#bd#a.flac,voicemail,16000,1,6.7900625,FLAC,132090
train,2610,incomplete_ae9b5cb9-9540-491c-84ae-a1def2fd8b75_normalized.flac,incomplete_ae#b#cb#-#-#c-#ae-a#def#fd#b#_normalized.flac,human,16000,1,3.475,FLAC,78336
train,2611,16ee9dea-07ea-4636-9a8a-d699698a4aec.flac,#ee#dea-#ea-#-#a#a-d#a#aec.flac,voicemail,16000,1,13.215375,FLAC,262648
train,2612,1cb1a5cb-e299-4277-bae7-b515555c0104.flac,#cb#a#cb-e#-#-bae#-b#c#.flac,answering_machine,16000,1,6.244,FLAC,133892
train,2613,am_00176.wav,am_#.wav,answering_machine,16000,1,10.0,WAV,320044
train,2614,186aa9c1-780d-43d7-bea9-79ee487c69bf.flac,#aa#c#-#d-#d#-bea#-#ee#c#bf.flac,voicemail,16000,1,2.212,FLAC,46292
train,2615,09e83317-ab0c-467a-a696-f39b0ac79cfd.flac,#e#-ab#c-#a-a#-f#b#ac#cfd.flac,answering_machine,16000,1,11.41,FLAC,240391
train,2616,00aec6b8-699c-4f0b-96dd-37c2348df5f4.flac,#aec#b#-#c-#f#b-#dd-#c#df#f#.flac,ivr,16000,1,4.04,FLAC,84465
train,2617,0755ec2e-ec12-42a0-9f32-e5ac6e22ae35.flac,#ec#e-ec#-#a#-#f#-e#ac#e#ae#.flac,voicemail,16000,1,4.5459375,FLAC,95554
train,2618,incomplete_521d2849-9f8f-47a4-b962-91cbc2a65fb3_normalized.flac,incomplete_#d#-#f#f-#a#-b#-#cbc#a#fb#_normalized.flac,human,16000,1,2.78,FLAC,59533
train,2619,de_ivr_00505.wav,de_ivr_#.wav,ivr,16000,1,10.0,WAV,320044
train,2620,0255c469-9018-4e3c-8be5-1de9e3515bbc.flac,#c#-#-#e#c-#be#-#de#e#bbc.flac,voicemail,16000,1,14.8373125,FLAC,283712
train,2621,14ac1dba-8a1c-4eef-8345-023f9f72d131.flac,#ac#dba-#a#c-#eef-#-#f#f#d#.flac,voicemail,16000,1,11.9813125,FLAC,261998
train,2622,01dadf89-aab4-4762-a24d-2d4b64a8980b.flac,#dadf#-aab#-#-a#d-#d#b#a#b.flac,ivr,16000,1,7.32,FLAC,142059
train,2623,1455cb1d-9bdc-41b5-864f-0b6f437df942.flac,#cb#d-#bdc-#b#-#f-#b#f#df#.flac,answering_machine,16000,1,10.0529375,FLAC,189781
train,2624,02923e35-8c7b-4e63-8fdf-cbc618f6c7e3.flac,#e#-#c#b-#e#-#fdf-cbc#f#c#e#.flac,ivr,16000,1,9.28,FLAC,201281
train,2625,ivr_00081.wav,ivr_#.wav,ivr,16000,1,8.64,WAV,276524
train,2626,15a14bff-f8c9-4e52-9f6c-e7350abb4cb2.flac,#a#bff-f#c#-#e#-#f#c-e#abb#cb#.flac,answering_machine,16000,1,4.2965,FLAC,76263
train,2627,02c1c726-f17c-47fe-bac3-7a1089797b9c.flac,#c#c#-f#c-#fe-bac#-#a#b#c.flac,ivr,16000,1,13.2,FLAC,274102
train,2628,1a0f75dc-eab1-4a90-979f-1f73b0db48d6.flac,#a#f#dc-eab#-#a#-#f-#f#b#db#d#.flac,answering_machine,16000,1,13.8663125,FLAC,285030
train,2629,human_real_00157.wav,human_real_#.wav,human,16000,1,8.362625,WAV,267648
train,2630,1dd77f86-d607-41e4-bd0d-75c5f8748b60.flac,#dd#f#-d#-#e#-bd#d-#c#f#b#.flac,voicemail,16000,1,12.3458125,FLAC,251437
train,2631,0f72ea68-cb89-4d56-b5a5-a677f75f2f17.flac,#f#ea#-cb#-#d#-b#a#-a#f#f#f#.flac,answering_machine,16000,1,5.8198125,FLAC,116794
train,2632,es_human_real_00268.wav,es_human_real_#.wav,human,16000,1,3.498625,WAV,112000
train,2633,602baf2a5f67b421554f64d0.wav,#baf#a#f#b#f#d#.wav,human,8000,1,4.266625,WAV,34192
train,2634,human_tts_00003.wav,human_tts_#.wav,human,16000,1,2.208,WAV,70700
train,2635,602baca4963e11ccd901cdb7.wav,#baca#e#ccd#cdb#.wav,human,8000,1,5.632,WAV,45114
train,2636,1201a95e-fc0d-4235-b8a8-966e16f2d942.flac,#a#e-fc#d-#-b#a#-#e#f#d#.flac,answering_machine,16000,1,4.1261875,FLAC,83282
train,2637,voicemail_00134.wav,voicemail_#.wav,voicemail,16000,1,7.99075,WAV,255748
train,2638,0094dba4-9ae0-4faf-a58d-fab0e8f2e8e6.flac,#dba#-#ae#-#faf-a#d-fab#e#f#e#e#.flac,ivr,16000,1,6.4,FLAC,120346
train,2639,response_19.wav,response_#.wav,human,8000,1,6.501625,WAV,52072
train,2640,incomplete_23212401-4665-4689-ba34-f91c4895e731_normalized.flac,incomplete_#-#-#-ba#-f#c#e#_normalized.flac,human,16000,1,4.0528125,FLAC,71256
train,2641,08f83a75-0148-4af9-bff6-06cf670b6797.flac,#f#a#-#-#af#-bff#-#cf#b#.flac,voicemail,16000,1,5.479875,FLAC,103225
train,2642,voicemail_00072.wav,voicemail_#.wav,voicemail,16000,1,9.48675,WAV,303620
train,2643,09c37838-cea5-46dc-9f6c-c44b559e077c.flac,#c#-cea#-#dc-#f#c-c#b#e#c.flac,answering_machine,16000,1,9.8809375,FLAC,201222
train,2644,incomplete_15749b9d-66e4-4571-b1aa-bc53192d2e53_normalized.flac,incomplete_#b#d-#e#-#-b#aa-bc#d#e#_normalized.flac,human,16000,1,4.96375,FLAC,104537
train,2645,am_00075.wav,am_#.wav,answering_machine,16000,1,9.9276875,WAV,317730
train,2646,incomplete_d643b26c691a4b2390ceb116291e2a20.flac,incomplete_d#b#c#a#b#ceb#e#a#.flac,human,16000,1,4.3023125,FLAC,56201
train,2647,0f7c4de2-fe77-4133-94e8-978a0d098a23.flac,#f#c#de#-fe#-#-#e#-#a#d#a#.flac,voicemail,16000,1,13.6101875,FLAC,280035
train,2648,00e3465b-b5e3-4248-acb8-86c66be28b3f.flac,#e#b-b#e#-#-acb#-#c#be#b#f.flac,ivr,16000,1,11.2,FLAC,207867
train,2649,0e76ed25-29da-4ad4-b777-0453e0c1b4c8.flac,#e#ed#-#da-#ad#-b#-#e#c#b#c#.flac,answering_machine,16000,1,10.7493125,FLAC,206533
train,2650,response_19.wav,response_#.wav,human,8000,1,3.925375,WAV,31462
train,2651,voicemail_00187.wav,voicemail_#.wav,voicemail,16000,1,7.2831875,WAV,233106
train,2652,021823b6-2e62-4f7c-9948-acd27dc2236c.flac,#b#-#e#-#f#c-#-acd#dc#c.flac,ivr,16000,1,7.32,FLAC,131675
train,2653,1105cdd5-de1c-49a3-9508-d6d0b5175a61.flac,#cdd#-de#c-#a#-#-d#d#b#a#.flac,answering_machine,16000,1,7.765375,FLAC,152542
train,2654,11177102-c0bb-44ef-af5f-e78d7ebacdb8.flac,#-c#bb-#ef-af#f-e#d#ebacdb#.flac,voicemail,16000,1,14.9284375,FLAC,299858
train,2655,035fd2cb-cfea-48e5-8bcd-d9372e129a90.flac,#fd#cb-cfea-#e#-#bcd-d#e#a#.flac,ivr,16000,1,10.28,FLAC,214522
train,2656,00b202ee-f8cf-44d6-834d-b8d32fe15c2a.flac,#b#ee-f#cf-#d#-#d-b#d#fe#c#a.flac,ivr,16000,1,7.12,FLAC,153176
train,2657,034eb0f9-e017-4fed-bebc-8dc36874e0ce.flac,#eb#f#-e#-#fed-bebc-#dc#e#ce.flac,ivr,16000,1,2.48,FLAC,49337
train,2658,voicemail_00369.wav,voicemail_#.wav,voicemail,16000,1,7.8848125,WAV,252358
train,2659,07ea8503-a615-4b8b-9dec-e2211d4ea418.flac,#ea#-a#-#b#b-#dec-e#d#ea#.flac,voicemail,16000,1,15.415,FLAC,300018
train,2660,1507f23c-696e-4258-925c-5fb0ddaa2dcc.flac,#f#c-#e-#-#c-#fb#ddaa#dcc.flac,answering_machine,16000,1,3.997125,FLAC,75086
train,2661,00afadbb-c89e-46a8-8eae-9f068895fbbe.flac,#afadbb-c#e-#a#-#eae-#f#fbbe.flac,ivr,16000,1,5.84,FLAC,118411
train,2662,1d193027-89c6-4518-a49d-5da2ad002611.flac,#d#-#c#-#-a#d-#da#ad#.flac,voicemail,16000,1,7.78475,FLAC,172086
train,2663,am_00196.wav,am_#.wav,answering_machine,16000,1,10.0,WAV,320044
train,2664,60268f4bc7abb7f832138c14.wav,#f#bc#abb#f#c#.wav,human,8000,1,5.294125,WAV,42412
train,2665,15c645e8-17f8-4a0d-b8ec-961b388eb143.flac,#c#e#-#f#-#a#d-b#ec-#b#eb#.flac,voicemail,16000,1,16.0,FLAC,363823
train,2666,0069acc9-769e-4ffc-ae47-47e5cd6a8770.flac,#acc#-#e-#ffc-ae#-#e#cd#a#.flac,ivr,16000,1,2.96,FLAC,65341
train,2667,1a1a0271-af28-4ec0-abe2-84585bb04794.flac,#a#a#-af#-#ec#-abe#-#bb#.flac,answering_machine,16000,1,2.3535625,FLAC,43344
train,2668,034fa912-5c5a-401e-9e34-9fafe8cb3833.flac,#fa#-#c#a-#e-#e#-#fafe#cb#.flac,ivr,16000,1,4.44,FLAC,87923
train,2669,de_human_tts_00460.wav,de_human_tts_#.wav,human,16000,1,2.04,WAV,65324
train,2670,602ba7b105f96973d6794475.wav,#ba#b#f#d#.wav,human,8000,1,7.850625,WAV,62864
train,2671,response_11.wav,response_#.wav,human,8000,1,8.192,WAV,65594
train,2672,16b67d41-0897-4249-ae53-9b54e1680899.flac,#b#d#-#-#-ae#-#b#e#.flac,answering_machine,16000,1,6.8266875,FLAC,159585
train,2673,voicemail_00195.wav,voicemail_#.wav,voicemail,16000,1,9.9040625,WAV,316974
train,2674,0fbd93ea-87a9-4c6b-a1d9-988e4519146c.flac,#fbd#ea-#a#-#c#b-a#d#-#e#c.flac,answering_machine,16000,1,5.0346875,FLAC,117791
train,2675,carrier_en_voicemail_00438.wav,carrier_en_voicemail_#.wav,voicemail,16000,1,10.0,WAV,320044
train,2676,005e91a0-15b2-449f-920f-7395afb03c97.flac,#e#a#-#b#-#f-#f-#afb#c#.flac,ivr,16000,1,7.44,FLAC,141969
train,2677,incomplete_d4cf7346-0b00-4da0-b372-532eba98ca6b_normalized.flac,incomplete_d#cf#-#b#-#da#-b#-#eba#ca#b_normalized.flac,human,16000,1,3.561875,FLAC,71140
train,2678,1111fe19-6f5e-4402-8be9-6380d03d563a.flac,#fe#-#f#e-#-#be#-#d#d#a.flac,voicemail,16000,1,11.5125625,FLAC,209878
train,2679,1b5d2043-b7ac-4874-aa35-2c2355f99be6.flac,#b#d#-b#ac-#-aa#-#c#f#be#.flac,voicemail,16000,1,14.5768125,FLAC,300008
train,2680,15299e1d-0b31-42fc-b427-4ddb7f739905.flac,#e#d-#b#-#fc-b#-#ddb#f#.flac,answering_machine,16000,1,11.192625,FLAC,214523
train,2681,0046c4d6-93ae-4a6b-84fe-fa926e2b735c.flac,#c#d#-#ae-#a#b-#fe-fa#e#b#c.flac,ivr,16000,1,7.92,FLAC,152872
train,2682,1417706e-cfc6-4bef-aa22-4ce3c732c11f.flac,#e-cfc#-#bef-aa#-#ce#c#c#f.flac,voicemail,16000,1,6.757,FLAC,127982
train,2683,017e8451-2761-456c-b23f-4f023d7b7ca5.flac,#e#-#-#c-b#f-#f#d#b#ca#.flac,ivr,16000,1,5.16,FLAC,104117
train,2684,carrier_de_voicemail_00325.wav,carrier_de_voicemail_#.wav,voicemail,16000,1,10.0,WAV,320044
train,2685,incomplete_358ddfeb-a749-45e8-a7c1-fe4ace2e7f31_normalized.flac,incomplete_#ddfeb-a#-#e#-a#c#-fe#ace#e#f#_normalized.flac,human,16000,1,4.655625,FLAC,91398
train,2686,complete_08e926eb-4a3b-4eb2-acab-a7886816ac80_normalized.flac,complete_#e#eb-#a#b-#eb#-acab-a#ac#_normalized.flac,human,16000,1,3.029375,FLAC,69681
train,2687,response_6.wav,response_#.wav,human,8000,1,16.298625,WAV,130448
train,2688,human_real_00186.wav,human_real_#.wav,human,16000,1,6.229375,WAV,199384
train,2689,0a26af13-1089-4878-9c06-85c5ec2ff531.flac,#a#af#-#-#-#c#-#c#ec#ff#.flac,voicemail,16000,1,12.560375,FLAC,252038
train,2690,de_human_real_00432.wav,de_human_real_#.wav,human,16000,1,10.0,WAV,320044
train,2691,human_real_00142.wav,human_real_#.wav,human,16000,1,4.949375,WAV,158424
train,2692,ivr_00042.wav,ivr_#.wav,ivr,16000,1,9.312,WAV,298028
train,2693,complete_9992ce10-78ed-4ef0-9321-5e7c390c7aee_normalized.flac,complete_#ce#-#ed-#ef#-#-#e#c#c#aee_normalized.flac,human,16000,1,3.916875,FLAC,86392
train,2694,ivr_00332.wav,ivr_#.wav,ivr,16000,1,7.656,WAV,245036
train,2695,carrier_fr_answering_machine_00154.wav,carrier_fr_answering_machine_#.wav,answering_machine,16000,1,10.0,WAV,320044
train,2696,incomplete_0136b1b5-b2bb-4f9c-8130-19a18a7ea2f8_normalized.flac,incomplete_#b#b#-b#bb-#f#c-#-#a#a#ea#f#_normalized.flac,human,16000,1,5.455625,FLAC,114615
train,2697,0c93472c-bf11-4674-82e1-d24d0858700c.flac,#c#c-bf#-#-#e#-d#d#c.flac,answering_machine,16000,1,11.5368125,FLAC,209207
train,2698,response_11.wav,response_#.wav,human,8000,1,5.461375,WAV,43750
train,2699,human_real_00056.wav,human_real_#.wav,human,16000,1,4.693375,WAV,150232
train,2700,602665c0cfa37e1cf217afa8.wav,#c#cfa#e#cf#afa#.wav,human,8000,1,10.581375,WAV,84710
train,2701,0a9ee24c-a8b8-4a70-91b2-22a017a49f14.flac,#a#ee#c-a#b#-#a#-#b#-#a#a#f#.flac,answering_machine,16000,1,16.0,FLAC,380187
train,2702,019f7e30-3ddf-40e6-bfb7-13e53a9904e8.flac,#f#e#-#ddf-#e#-bfb#-#e#a#e#.flac,ivr,16000,1,8.72,FLAC,153360
train,2703,60268e0dc7abb7f832138ab7.wav,#e#dc#abb#f#ab#.wav,human,8000,1,18.346625,WAV,146832
train,2704,169e1fc0-efb8-4ba8-8f8d-70c76a427a79.flac,#e#fc#-efb#-#ba#-#f#d-#c#a#a#.flac,answering_machine,16000,1,4.0106875,FLAC,86193
train,2705,incomplete_4b5957c7-4922-41f2-9b95-655dfea5c4fe_normalized.flac,incomplete_#b#c#-#-#f#-#b#-#dfea#c#fe_normalized.flac,human,16000,1,8.308125,FLAC,160713
train,2706,es_human_real_00249.wav,es_human_real_#.wav,human,16000,1,10.0,WAV,320044
train,2707,complete_ff823e7ac6a24d5583af87209fee4112.flac,complete_ff#e#ac#a#d#af#fee#.flac,human,16000,1,2.2674375,FLAC,46971
train,2708,02f365f7-ceb7-4793-94dd-e020771e88be.flac,#f#f#-ceb#-#-#dd-e#e#be.flac,ivr,16000,1,7.52,FLAC,157106
train,2709,13a47d74-6eab-4f92-9539-9be6bf2465ff.flac,#a#d#-#eab-#f#-#-#be#bf#ff.flac,answering_machine,16000,1,12.1570625,FLAC,252547
train,2710,am_00169.wav,am_#.wav,answering_machine,16000,1,10.0,WAV,320044
train,2711,de_ivr_00518.wav,de_ivr_#.wav,ivr,16000,1,5.256,WAV,168236
train,2712,am_00227.wav,am_#.wav,answering_machine,16000,1,7.245875,WAV,231912
train,2713,067049a6-53af-4bd6-ba3a-0cd6cd557dfd.flac,#a#-#af-#bd#-ba#a-#cd#cd#dfd.flac,answering_machine,16000,1,12.7434375,FLAC,248277
train,2714,response_32.wav,response_#.wav,human,8000,1,10.666625,WAV,85392
train,2715,ivr_00242.wav,ivr_#.wav,ivr,16000,1,8.448,WAV,270380
train,2716,194008b3-5951-4c2d-b7fe-155e75984a98.flac,#b#-#-#c#d-b#fe-#e#a#.flac,voicemail,16000,1,5.1836875,FLAC,72409
train,2717,voicemail_00283.wav,voicemail_#.wav,voicemail,16000,1,10.0,WAV,320044
train,2718,ivr_00268.wav,ivr_#.wav,ivr,16000,1,10.0,WAV,320044
train,2719,0cb1e5aa-c7bd-4360-87c8-6301f4ab271b.flac,#cb#e#aa-c#bd-#-#c#-#f#ab#b.flac,voicemail,16000,1,16.0,FLAC,328591
train,2720,020baac9-99c5-4c3a-84bc-6edcda8e224f.flac,#baac#-#c#-#c#a-#bc-#edcda#e#f.flac,ivr,16000,1,6.16,FLAC,128436
train,2721,15d37a75-ce15-40cb-be03-380f6d4d373f.flac,#d#a#-ce#-#cb-be#-#f#d#d#f.flac,voicemail,16000,1,5.143375,FLAC,78675
train,2722,carrier_de_answering_machine_00383.wav,carrier_de_answering_machine_#.wav,answering_machine,16000,1,9.8968125,WAV,316742
train,2723,voicemail_00233.wav,voicemail_#.wav,voicemail,16000,1,7.904625,WAV,252992
train,2724,complete_438f94ad-803b-42f0-af11-dfbc92acbcb4_normalized.flac,complete_#f#ad-#b-#f#-af#-dfbc#acbcb#_normalized.flac,human,16000,1,4.52625,FLAC,94666
train,2725,ivr_00041.wav,ivr_#.wav,ivr,16000,1,10.0,WAV,320044
train,2726,es_human_tts_00317.wav,es_human_tts_#.wav,human,16000,1,1.704,WAV,54572
train,2727,1252c243-9bea-4efd-9acb-8e85c88d2ed5.flac,#c#-#bea-#efd-#acb-#e#c#d#ed#.flac,voicemail,16000,1,4.342125,FLAC,71281
train,2728,60268ee4c7abb7f832138b55.wav,#ee#c#abb#f#b#.wav,human,8000,1,5.802625,WAV,46480
train,2729,fr_human_real_00008.wav,fr_human_real_#.wav,human,16000,1,4.82975,WAV,154596
train,2730,complete_1e7d0ed5-e016-4d07-a7a3-52cbe1884b78_normalized.flac,complete_#e#d#ed#-e#-#d#-a#a#-#cbe#b#_normalized.flac,human,16000,1,5.7813125,FLAC,126328
train,2731,complete_2dfd4c25-0a08-40c7-bfcd-2a3514a6071f_normalized.flac,complete_#dfd#c#-#a#-#c#-bfcd-#a#a#f_normalized.flac,human,16000,1,4.18125,FLAC,88850
train,2732,human_tts_00181.wav,human_tts_#.wav,human,16000,1,4.248,WAV,135980
train,2733,02147ed6-bbf3-407b-a924-5f055a2fc955.flac,#ed#-bbf#-#b-a#-#f#a#fc#.flac,ivr,16000,1,4.04,FLAC,79148
train,2734,human_tts_00064.wav,human_tts_#.wav,human,16000,1,2.592,WAV,82988
train,2735,response_29.wav,response_#.wav,human,8000,1,5.546625,WAV,44432
train,2736,response_22.wav,response_#.wav,human,8000,1,14.506625,WAV,116112
train,2737,response_22.wav,response_#.wav,human,8000,1,5.12,WAV,41018
train,2738,ivr_00175.wav,ivr_#.wav,ivr,16000,1,10.0,WAV,320044
train,2739,voicemail_00079.wav,voicemail_#.wav,voicemail,16000,1,10.0,WAV,320044
train,2740,voicemail_00017.wav,voicemail_#.wav,voicemail,16000,1,7.3838125,WAV,236326
train,2741,13ecd48d-688c-49e5-9877-5e49a97bd03e.flac,#ecd#d-#c-#e#-#-#e#a#bd#e.flac,voicemail,16000,1,12.7965,FLAC,273510
train,2742,carrier_en_human_00403.wav,carrier_en_human_#.wav,human,16000,1,3.096,WAV,99116
train,2743,human_tts_00005.wav,human_tts_#.wav,human,16000,1,2.904,WAV,92972
train,2744,incomplete_2cab0317-d729-47f3-81fd-31665ca9baeb_normalized.flac,incomplete_#cab#-d#-#f#-#fd-#ca#baeb_normalized.flac,human,16000,1,4.24175,FLAC,93665
train,2745,60268dd1c7abb7f832138a8d.wav,#dd#c#abb#f#a#d.wav,human,8000,1,13.188875,WAV,105570
train,2746,ivr_00398.wav,ivr_#.wav,ivr,16000,1,10.0,WAV,320044
train,2747,00d6578c-fb63-4c0a-9142-c08e080f4fa0.flac,#d#c-fb#-#c#a-#-c#e#f#fa#.flac,ivr,16000,1,10.52,FLAC,200153
train,2748,0e900ad5-a6a2-4f11-9207-bc6c3e66b2a7.flac,#e#ad#-a#a#-#f#-#-bc#c#e#b#a#.flac,voicemail,16000,1,6.692,FLAC,136527
train,2749,human_real_00099.wav,human_real_#.wav,human,16000,1,4.922625,WAV,157568
train,2750,01e8001f-46bd-45c7-af3c-d514538b8cc0.flac,#e#f-#bd-#c#-af#c-d#b#cc#.flac,voicemail,16000,1,8.339625,FLAC,136072
train,2751,00574ae1-75d7-40dc-8eae-fcd109055d87.flac,#ae#-#d#-#dc-#eae-fcd#d#.flac,ivr,16000,1,4.96,FLAC,99841
train,2752,12c9474d-0ab4-495e-a8b6-32576a3cb019.flac,#c#d-#ab#-#e-a#b#-#a#cb#.flac,answering_machine,16000,1,12.1271875,FLAC,231554
train,2753,am_00043.wav,am_#.wav,answering_machine,16000,1,9.9481875,WAV,318386
train,2754,02f15b3e-08ec-4b66-8144-0ca5065ae4de.flac,#f#b#e-#ec-#b#-#-#ca#ae#de.flac,ivr,16000,1,5.56,FLAC,112599
train,2755,fr_ivr_00190.wav,fr_ivr_#.wav,ivr,16000,1,9.77,WAV,312684
train,2756,0261bc06-ee50-42c2-9ae2-f8bf32986cf1.flac,#bc#-ee#-#c#-#ae#-f#bf#cf#.flac,ivr,16000,1,14.68,FLAC,304724
train,2757,02bfbf93-ccfe-41f3-aff3-c092b04fea9f.flac,#bfbf#-ccfe-#f#-aff#-c#b#fea#f.flac,ivr,16000,1,4.36,FLAC,92043
train,2758,1e5b9808-bb9d-4072-b813-e9bde3e28a27.flac,#e#b#-bb#d-#-b#-e#bde#e#a#.flac,answering_machine,16000,1,15.16975,FLAC,298810
train,2759,03639be5-5253-4fae-9db4-2b5089a3be7e.flac,#be#-#-#fae-#db#-#b#a#be#e.flac,ivr,16000,1,7.32,FLAC,165564
train,2760,15e8ceba-4871-40da-9c14-8ced68172fc5.flac,#e#ceba-#-#da-#c#-#ced#fc#.flac,answering_machine,16000,1,14.5338125,FLAC,316302
train,2761,human_real_00152.wav,human_real_#.wav,human,16000,1,5.57275,WAV,178372
train,2762,16fc1c3d-4a40-47a8-a5f4-8ee3bf76391b.flac,#fc#c#d-#a#-#a#-a#f#-#ee#bf#b.flac,voicemail,16000,1,9.316625,FLAC,186738
train,2763,ivr_00369.wav,ivr_#.wav,ivr,16000,1,10.0,WAV,320044
train,2764,1b923432-d3d5-4461-a87f-46cb76c0bb7d.flac,#b#-d#d#-#-a#f-#cb#c#bb#d.flac,voicemail,16000,1,3.316,FLAC,75788
train,2765,11169ed4-8fc7-49a8-94b3-ca49fb324e08.flac,#ed#-#fc#-#a#-#b#-ca#fb#e#.flac,answering_machine,16000,1,3.4986875,FLAC,66406
train,2766,carrier_de_ivr_00361.wav,carrier_de_ivr_#.wav,ivr,16000,1,10.0,WAV,320044
train,2767,am_00138.wav,am_#.wav,answering_machine,16000,1,9.9644375,WAV,318906
train,2768,ivr_00337.wav,ivr_#.wav,ivr,16000,1,7.008,WAV,224300
train,2769,response_31.wav,response_#.wav,human,8000,1,1.877375,WAV,15078
train,2770,voicemail_00361.wav,voicemail_#.wav,voicemail,16000,1,10.0,WAV,320044
train,2771,019de711-d2bd-4541-804d-7d02d0fd47fd.flac,#de#-d#bd-#-#d-#d#d#fd#fd.flac,ivr,16000,1,6.64,FLAC,138879
train,2772,am_00319.wav,am_#.wav,answering_machine,16000,1,10.0,WAV,320044
train,2773,6026650cdc3604f481bcb4b8.wav,#cdc#f#bcb#b#.wav,human,8000,1,6.997375,WAV,56038
train,2774,complete_cf8b68a3697442d585a37774e9ac8c71.flac,complete_cf#b#a#d#a#e#ac#c#.flac,human,16000,1,5.773375,FLAC,69086
train,2775,02a13cde-73a7-4ccf-a914-8a92d8f57375.flac,#a#cde-#a#-#ccf-a#-#a#d#f#.flac,ivr,16000,1,5.8,FLAC,108562
train,2776,00eaef7b-670e-422e-b2bd-62c4daa707a5.flac,#eaef#b-#e-#e-b#bd-#c#daa#a#.flac,ivr,16000,1,6.04,FLAC,109899
train,2777,CAc5aed2c97090b9d7dccef7b2b4178816_0.wav,CAc#aed#c#b#d#dccef#b#b#_#.wav,human,8000,1,14.54,WAV,116378
train,2778,01032afd-97ab-4106-9dbd-28691ab7364d.flac,#afd-#ab-#-#dbd-#ab#d.flac,ivr,16000,1,3.64,FLAC,74472
train,2779,10942478-cc48-4baa-bad1-ec645a9e94b1.flac,#-cc#-#baa-bad#-ec#a#e#b#.flac,answering_machine,16000,1,8.359625,FLAC,161728
train,2780,01cefa95-21cd-43e9-b25d-df8baed5862d.flac,#cefa#-#cd-#e#-b#d-df#baed#d.flac,answering_machine,16000,1,15.2898125,FLAC,249773
train,2781,1a874fe4-101d-407c-8b26-8ca231fe7efe.flac,#a#fe#-#d-#c-#b#-#ca#fe#efe.flac,voicemail,16000,1,3.8640625,FLAC,83807
train,2782,0e796eb7-f797-4d46-a7e1-691f660e4b64.flac,#e#eb#-f#-#d#-a#e#-#f#e#b#.flac,voicemail,16000,1,13.8633125,FLAC,318510
train,2783,012d2082-31bd-4b76-b28d-65062a54daf0.flac,#d#-#bd-#b#-b#d-#a#daf#.flac,ivr,16000,1,7.88,FLAC,158474
train,2784,09c1c3c7-c0be-48df-9563-34fa8ae9d533.flac,#c#c#c#-c#be-#df-#-#fa#ae#d#.flac,voicemail,16000,1,8.3805625,FLAC,133701
train,2785,034818c8-eaef-49fd-a909-95f9ed010153.flac,#c#-eaef-#fd-a#-#f#ed#.flac,ivr,16000,1,5.96,FLAC,111761
train,2786,01add76e-1b89-4de5-be2c-05be0a30aacf.flac,#add#e-#b#-#de#-be#c-#be#a#aacf.flac,answering_machine,16000,1,3.7544375,FLAC,60027
train,2787,complete_725eba74-bb80-468f-96cf-8ce08640c795_normalized.flac,complete_#eba#-bb#-#f-#cf-#ce#c#_normalized.flac,human,16000,1,3.089625,FLAC,58553
train,2788,am_00020.wav,am_#.wav,answering_machine,16000,1,10.0,WAV,320044
train,2789,170eb9fb-3d49-49c7-8f01-8fb250bcd6cf.flac,#eb#fb-#d#-#c#-#f#-#fb#bcd#cf.flac,answering_machine,16000,1,15.30275,FLAC,349296
train,2790,005ea026-5635-40a6-b164-d8e50a4d20fa.flac,#ea#-#-#a#-b#-d#e#a#d#fa.flac,ivr,16000,1,9.44,FLAC,190245
train,2791,am_00220.wav,am_#.wav,answering_machine,16000,1,10.0,WAV,320044
train,2792,13f88e58-730b-4216-8999-0fd62707aab8.flac,#f#e#-#b-#-#-#fd#aab#.flac,voicemail,16000,1,15.3570625,FLAC,282409
train,2793,009c56b9-bd2d-43aa-b938-b564abed11a1.flac,#c#b#-bd#d-#aa-b#-b#abed#a#.flac,answering_machine,16000,1,2.6674375,FLAC,45190
train,2794,18ccb40f-fe6a-4171-ac03-99c9c77a8d50.flac,#ccb#f-fe#a-#-ac#-#c#c#a#d#.flac,answering_machine,16000,1,3.4263125,FLAC,48478
train,2795,es_am_00388.wav,es_am_#.wav,answering_machine,16000,1,10.0,WAV,320044
train,2796,11a8fc8c-e064-4cc7-aec8-b463dcbbbc7f.flac,#a#fc#c-e#-#cc#-aec#-b#dcbbbc#f.flac,answering_machine,16000,1,4.963125,FLAC,82712
train,2797,0acf4d14-0b58-411d-829d-4975a3b36119.flac,#acf#d#-#b#-#d-#d-#a#b#.flac,answering_machine,16000,1,5.205375,FLAC,94954
train,2798,007a67e9-19b4-4700-857f-2bb74aa6711f.flac,#a#e#-#b#-#-#f-#bb#aa#f.flac,ivr,16000,1,10.72,FLAC,211098
train,2799,17334993-7835-4194-93d3-1f8bc8ddbc11.flac,#-#-#-#d#-#f#bc#ddbc#.flac,voicemail,16000,1,14.184375,FLAC,290272
train,2800,0019dced-7d53-4d6b-84dc-a465ade073e3.flac,#dced-#d#-#d#b-#dc-a#ade#e#.flac,ivr,16000,1,8.6,FLAC,176871
train,2801,1059fc87-9016-4084-b9bf-9a31f5b4d689.flac,#fc#-#-#-b#bf-#a#f#b#d#.flac,voicemail,16000,1,7.38,FLAC,146403
train,2802,carrier_en_voicemail_00459.wav,carrier_en_voicemail_#.wav,voicemail,16000,1,10.0,WAV,320044
train,2803,00225890-a310-45db-b6bc-9ed4c16e886b.flac,#-a#-#db-b#bc-#ed#c#e#b.flac,ivr,16000,1,9.56,FLAC,187095
train,2804,602666b2c7abb7f832138505.wav,#b#c#abb#f#.wav,human,8000,1,21.930625,WAV,175504
train,2805,071e0dc7-2aa7-4e3e-9660-40ec4935fb7c.flac,#e#dc#-#aa#-#e#e-#-#ec#fb#c.flac,answering_machine,16000,1,13.8943125,FLAC,304434
train,2806,es_voicemail_00344.wav,es_voicemail_#.wav,voicemail,16000,1,9.0035,WAV,288156
train,2807,01576515-a019-4106-8588-2270e0d5632a.flac,#-a#-#-#-#e#d#a.flac,ivr,16000,1,9.04,FLAC,149863
train,2808,1d922596-0225-4643-b3bd-b41361243684.flac,#d#-#-#-b#bd-b#.flac,voicemail,16000,1,3.1860625,FLAC,56029
train,2809,031c2360-87d0-4012-b600-5a401d611d36.flac,#c#-#d#-#-b#-#a#d#d#.flac,ivr,16000,1,5.16,FLAC,111648
train,2810,0a04a0d6-2a67-407c-977a-ae2f723cc62f.flac,#a#a#d#-#a#-#c-#a-ae#f#cc#f.flac,voicemail,16000,1,10.9665625,FLAC,215457
train,2811,carrier_es_answering_machine_00263.wav,carrier_es_answering_machine_#.wav,answering_machine,16000,1,8.76075,WAV,280388
train,2812,1d04cfaa-841d-4ae2-9d2d-13834e8125e5.flac,#d#cfaa-#d-#ae#-#d#d-#e#e#.flac,voicemail,16000,1,13.363375,FLAC,288897
train,2813,human_tts_00196.wav,human_tts_#.wav,human,16000,1,3.072,WAV,98348
train,2814,incomplete_80691fb6-f5f8-4371-8a07-b8023f4ae993_normalized.flac,incomplete_#fb#-f#f#-#-#a#-b#f#ae#_normalized.flac,human,16000,1,6.9,FLAC,106720
train,2815,voicemail_00074.wav,voicemail_#.wav,voicemail,16000,1,10.0,WAV,320044
train,2816,ivr_00133.wav,ivr_#.wav,ivr,16000,1,10.0,WAV,320044
train,2817,carrier_fr_answering_machine_00136.wav,carrier_fr_answering_machine_#.wav,answering_machine,16000,1,8.929625,WAV,285792
train,2818,0b8405f0-0b8f-4fff-8e5c-3d15c5be8f6b.flac,#b#f#-#b#f-#fff-#e#c-#d#c#be#f#b.flac,voicemail,16000,1,3.8990625,FLAC,51289
train,2819,110c7ccc-fabd-400e-95a3-5e98e02450dd.flac,#c#ccc-fabd-#e-#a#-#e#e#dd.flac,voicemail,16000,1,3.465875,FLAC,71980
train,2820,am_00302.wav,am_#.wav,answering_machine,16000,1,10.0,WAV,320044
train,2821,incomplete_fdd23cea-698c-451b-bbff-e10a7726e54c_normalized.flac,incomplete_fdd#cea-#c-#b-bbff-e#a#e#c_normalized.flac,human,16000,1,4.430625,FLAC,79445
train,2822,09c3a600-23df-4817-a692-04f265bd1318.flac,#c#a#-#df-#-a#-#f#bd#.flac,answering_machine,16000,1,7.0826875,FLAC,144470
train,2823,00efb4b2-990f-42ae-bcc3-bf4490be270d.flac,#efb#b#-#f-#ae-bcc#-bf#be#d.flac,ivr,16000,1,4.44,FLAC,82413
train,2824,de_human_real_00414.wav,de_human_real_#.wav,human,16000,1,9.14,WAV,292524
train,2825,027acea2-9c75-46ab-9546-24ce6e6affc6.flac,#acea#-#c#-#ab-#-#ce#e#affc#.flac,answering_machine,16000,1,4.1924375,FLAC,78753
train,2826,response_28.wav,response_#.wav,human,8000,1,2.901375,WAV,23270
train,2827,ivr_00122.wav,ivr_#.wav,ivr,16000,1,7.08,WAV,226604
train,2828,1a28484c-70a5-4db5-a4a3-45b33ba39044.flac,#a#c-#a#-#db#-a#a#-#b#ba#.flac,answering_machine,16000,1,2.9255625,FLAC,60214
train,2829,incomplete_d9d2654c-dd6c-45aa-a3d6-d1dc6266f112_normalized.flac,incomplete_d#d#c-dd#c-#aa-a#d#-d#dc#f#_normalized.flac,human,16000,1,7.136,FLAC,155078
train,2830,0f56ba34-6f91-40c5-b988-f6b45926630e.flac,#f#ba#-#f#-#c#-b#-f#b#e.flac,answering_machine,16000,1,4.949375,FLAC,90102
train,2831,02731bb3-4e1d-4a1e-a6ac-f4703234d846.flac,#bb#-#e#d-#a#e-a#ac-f#d#.flac,ivr,16000,1,3.68,FLAC,75095
train,2832,ivr_00091.wav,ivr_#.wav,ivr,16000,1,9.469625,WAV,303072
train,2833,am_00243.wav,am_#.wav,answering_machine,16000,1,10.0,WAV,320044
train,2834,09948f17-abb3-4bbf-9be0-3c0a12e2f94f.flac,#f#-abb#-#bbf-#be#-#c#a#e#f#f.flac,answering_machine,16000,1,13.7181875,FLAC,276356
train,2835,complete_93d687e6-9a18-4b53-b732-c331afb7c145_normalized.flac,complete_#d#e#-#a#-#b#-b#-c#afb#c#_normalized.flac,human,16000,1,4.604375,FLAC,92094
train,2836,06250fe9-54b1-4e17-add2-664cf23ea098.flac,#fe#-#b#-#e#-add#-#cf#ea#.flac,voicemail,16000,1,11.781,FLAC,220664
train,2837,1e29ea5b-d213-4681-803d-87462928e2f5.flac,#e#ea#b-d#-#-#d-#e#f#.flac,voicemail,16000,1,12.06425,FLAC,288333
train,2838,602b9bed963e11ccd901cbef.wav,#b#bed#e#ccd#cbef.wav,human,8000,1,5.376,WAV,43066
train,2839,0f3892d9-d13a-467f-93fe-9e604653f68c.flac,#f#d#-d#a-#f-#fe-#e#f#c.flac,answering_machine,16000,1,3.869,FLAC,86773
train,2840,incomplete_607dfadb-12a9-44d0-8cf3-c6c912a32829_normalized.flac,incomplete_#dfadb-#a#-#d#-#cf#-c#c#a#_normalized.flac,human,16000,1,5.2125,FLAC,99797
train,2841,complete_7bf4cf89-3bb1-4bbb-931e-1839d601a856_normalized.flac,complete_#bf#cf#-#bb#-#bbb-#e-#d#a#_normalized.flac,human,16000,1,2.336,FLAC,46687
train,2842,complete_0b0bd66e-57bb-4b55-929b-2b1ba184ab6e_normalized.flac,complete_#b#bd#e-#bb-#b#-#b-#b#ba#ab#e_normalized.flac,human,16000,1,2.866875,FLAC,61902
train,2843,human_tts_00019.wav,human_tts_#.wav,human,16000,1,2.448,WAV,78380
train,2844,complete_19280c9d-3a8c-47a0-a0c9-61d1550ec622_normalized.flac,complete_#c#d-#a#c-#a#-a#c#-#d#ec#_normalized.flac,human,16000,1,3.168,FLAC,65740
train,2845,602666c3cfa37e1cf217afce.wav,#c#cfa#e#cf#afce.wav,human,8000,1,27.818625,WAV,222608
train,2846,carrier_es_voicemail_00194.wav,carrier_es_voicemail_#.wav,voicemail,16000,1,8.1825,WAV,261884
train,2847,071e6391-fecb-452d-bd58-7ff254eaade4.flac,#e#-fecb-#d-bd#-#ff#eaade#.flac,answering_machine,16000,1,13.11025,FLAC,274586
train,2848,1b81d52e-17a2-4da7-b857-583a31c649e8.flac,#b#d#e-#a#-#da#-b#-#a#c#e#.flac,voicemail,16000,1,15.41225,FLAC,299340
train,2849,07f9da3e-507f-4161-9608-477122771c4e.flac,#f#da#e-#f-#-#-#c#e.flac,answering_machine,16000,1,9.795625,FLAC,150953
train,2850,048520cd-19d3-4015-ac1e-06ac6d51687e.flac,#cd-#d#-#-ac#e-#ac#d#e.flac,answering_machine,16000,1,11.7911875,FLAC,220295
train,2851,human_tts_00169.wav,human_tts_#.wav,human,16000,1,3.456,WAV,110636
train,2852,incomplete_63f8c726-f25a-48df-8b15-da0cc61be722_normalized.flac,incomplete_#f#c#-f#a-#df-#b#-da#cc#be#_normalized.flac,human,16000,1,4.7475,FLAC,98333
train,2853,1842f03d-0a4e-48a2-9080-217cad7e9990.flac,#f#d-#a#e-#a#-#-#cad#e#.flac,voicemail,16000,1,4.3990625,FLAC,80161
train,2854,response_7.wav,response_#.wav,human,8000,1,3.84,WAV,30778
train,2855,020c77bb-1903-4f61-8e3e-6365027287f1.flac,#c#bb-#-#f#-#e#e-#f#.flac,ivr,16000,1,4.76,FLAC,98887
train,2856,incomplete_35611a7419a64144b45d4f713b53f399.flac,incomplete_#a#a#b#d#f#b#f#.flac,human,16000,1,3.7558125,FLAC,65392
train,2857,ivr_00306.wav,ivr_#.wav,ivr,16000,1,10.0,WAV,320044
train,2858,human_tts_00031.wav,human_tts_#.wav,human,16000,1,2.304,WAV,73772
train,2859,es_am_00371.wav,es_am_#.wav,answering_machine,16000,1,9.238125,WAV,295664
train,2860,es_am_00385.wav,es_am_#.wav,answering_machine,16000,1,8.7101875,WAV,278770
train,2861,ivr_00077.wav,ivr_#.wav,ivr,16000,1,9.936,WAV,317996
train,2862,incomplete_f7cbd0af-5531-4736-85e6-156ecaf782d8_normalized.flac,incomplete_f#cbd#af-#-#-#e#-#ecaf#d#_normalized.flac,human,16000,1,3.2625,FLAC,59159
train,2863,60268f9fc7abb7f832138ce3.wav,#f#fc#abb#f#ce#.wav,human,8000,1,3.413375,WAV,27366
train,2864,602ba078bb1e6d0fbce91fd7.wav,#ba#bb#e#d#fbce#fd#.wav,human,8000,1,23.552,WAV,188474
train,2865,de_voicemail_00472.wav,de_voicemail_#.wav,voicemail,16000,1,8.0344375,WAV,257146
train,2866,03e13163-14e1-47d5-80ca-c50f77579670.flac,#e#-#e#-#d#-#ca-c#f#.flac,voicemail,16000,1,11.28575,FLAC,209457
train,2867,voicemail_00043.wav,voicemail_#.wav,voicemail,16000,1,7.7515625,WAV,248094
train,2868,0df03db9-9dd4-4d91-8fa1-32ed5ca89fab.flac,#df#db#-#dd#-#d#-#fa#-#ed#ca#fab.flac,answering_machine,16000,1,11.273,FLAC,195964
train,2869,0097362b-c345-410a-a3d5-a60a80ff0e08.flac,#b-c#-#a-a#d#-a#a#ff#e#.flac,ivr,16000,1,3.76,FLAC,73911
train,2870,11c11113-b0bf-477c-acd0-2519bd22ebc9.flac,#c#-b#bf-#c-acd#-#bd#ebc#.flac,voicemail,16000,1,6.640875,FLAC,135239
train,2871,incomplete_c28605ff-45c8-45f0-a6ec-2cd02661335c_normalized.flac,incomplete_c#ff-#c#-#f#-a#ec-#cd#c_normalized.flac,human,16000,1,4.794375,FLAC,90135
train,2872,voicemail_00230.wav,voicemail_#.wav,voicemail,16000,1,7.52625,WAV,240884
train,2873,0beab0b9-6cbb-4a13-8139-11014994dc59.flac,#beab#b#-#cbb-#a#-#-#dc#.flac,voicemail,16000,1,16.0,FLAC,324175
train,2874,ivr_00043.wav,ivr_#.wav,ivr,16000,1,9.984,WAV,319532
train,2875,human_tts_00056.wav,human_tts_#.wav,human,16000,1,1.92,WAV,61484
train,2876,complete_6eeda06e-f339-4829-8e16-57f4a7572cc8_normalized.flac,complete_#eeda#e-f#-#-#e#-#f#a#cc#_normalized.flac,human,16000,1,4.221875,FLAC,82617
train,2877,60268f6bc7abb7f832138c5b.wav,#f#bc#abb#f#c#b.wav,human,8000,1,9.130625,WAV,73104
train,2878,19b029e2-a5ce-4331-9998-dd0d31edf9bc.flac,#b#e#-a#ce-#-#-dd#d#edf#bc.flac,answering_machine,16000,1,14.715625,FLAC,293506
train,2879,02824033-7941-421d-8ddb-3de475b1c8c0.flac,#-#-#d-#ddb-#de#b#c#c#.flac,ivr,16000,1,3.16,FLAC,63624
train,2880,es_human_real_00265.wav,es_human_real_#.wav,human,16000,1,10.0,WAV,320044
train,2881,carrier_fr_voicemail_00086.wav,carrier_fr_voicemail_#.wav,voicemail,16000,1,10.0,WAV,320044
train,2882,de_human_real_00422.wav,de_human_real_#.wav,human,16000,1,10.0,WAV,320044
train,2883,0102c12c-75d1-4a1c-a986-ff0d9edc4577.flac,#c#c-#d#-#a#c-a#-ff#d#edc#.flac,ivr,16000,1,5.4,FLAC,101197
train,2884,voicemail_00332.wav,voicemail_#.wav,voicemail,16000,1,7.6175,WAV,243804
train,2885,response_47.wav,response_#.wav,human,8000,1,1.76475,WAV,14176
train,2886,00fb42e2-dd54-4fdc-b2fb-49180ab6e9f3.flac,#fb#e#-dd#-#fdc-b#fb-#ab#e#f#.flac,voicemail,16000,1,6.7918125,FLAC,125609
train,2887,03948eb2-e51a-4dca-960b-fbdd88363ca6.flac,#eb#-e#a-#dca-#b-fbdd#ca#.flac,answering_machine,16000,1,3.6058125,FLAC,59848
train,2888,0689ae7a-acdf-4658-a3fb-400eea93fa9d.flac,#ae#a-acdf-#-a#fb-#eea#fa#d.flac,voicemail,16000,1,4.9878125,FLAC,94938
train,2889,am_00086.wav,am_#.wav,answering_machine,16000,1,9.7803125,WAV,313014
train,2890,0a5f9ca5-4e23-450e-9d5c-36f1eb3f6bc0.flac,#a#f#ca#-#e#-#e-#d#c-#f#eb#f#bc#.flac,voicemail,16000,1,11.375125,FLAC,226217
train,2891,de_human_real_00407.wav,de_human_real_#.wav,human,16000,1,7.0,WAV,224044
train,2892,response_44.wav,response_#.wav,human,8000,1,6.741375,WAV,53990
train,2893,065c01e9-73ad-4a99-b652-3fbdcb0c7229.flac,#c#e#-#ad-#a#-b#-#fbdcb#c#.flac,voicemail,16000,1,10.29575,FLAC,179017
train,2894,075e7d0a-dca6-4a01-9a0a-2a630f805845.flac,#e#d#a-dca#-#a#-#a#a-#a#f#.flac,answering_machine,16000,1,8.42675,FLAC,158625
train,2895,complete_3583bab2-7025-4719-a29c-7c5bb3f446e9_normalized.flac,complete_#bab#-#-#-a#c-#c#bb#f#e#_normalized.flac,human,16000,1,4.2825,FLAC,84063
train,2896,02632c15-feec-4ae4-b1be-4616e1f2c559.flac,#c#-feec-#ae#-b#be-#e#f#c#.flac,ivr,16000,1,5.04,FLAC,106946
train,2897,response_10.wav,response_#.wav,human,8000,1,7.253375,WAV,58086
train,2898,01484e40-4b60-44c6-99cf-509477aeb5b1.flac,#e#-#b#-#c#-#cf-#aeb#b#.flac,answering_machine,16000,1,9.585875,FLAC,152929
train,2899,ivr_00086.wav,ivr_#.wav,ivr,16000,1,7.272,WAV,232748
train,2900,carrier_es_voicemail_00207.wav,carrier_es_voicemail_#.wav,voicemail,16000,1,9.5216875,WAV,304738
train,2901,127a6b24-e66e-4634-bbfc-86c977ec91fe.flac,#a#b#-e#e-#-bbfc-#c#ec#fe.flac,answering_machine,16000,1,16.0,FLAC,336076
train,2902,0d630831-458f-47e9-9503-6eb0f9a71db3.flac,#d#-#f-#e#-#-#eb#f#a#db#.flac,answering_machine,16000,1,12.1635625,FLAC,233038
train,2903,602ba4f3bb1e6d0fbce92058.wav,#ba#f#bb#e#d#fbce#.wav,human,8000,1,6.4,WAV,51258
train,2904,06858b87-dabd-46d0-8021-f695afc26212.flac,#b#-dabd-#d#-#-f#afc#.flac,voicemail,16000,1,11.29775,FLAC,226910
train,2905,07c80d39-1d41-405b-8043-a553ea55a74a.flac,#c#d#-#d#-#b-#-a#ea#a#a.flac,answering_machine,16000,1,7.828,FLAC,152721
train,2906,am_00312.wav,am_#.wav,answering_machine,16000,1,9.5881875,WAV,306866
train,2907,60268f3ddc3604f481bcb84b.wav,#f#ddc#f#bcb#b.wav,human,8000,1,4.522625,WAV,36240
train,2908,complete_9019167d-83f2-44a0-9cfa-9971479ee48c_normalized.flac,complete_#d-#f#-#a#-#cfa-#ee#c_normalized.flac,human,16000,1,2.998875,FLAC,61371
train,2909,incomplete_e9df444e-c6a2-49e6-9554-081bf4210430_normalized.flac,incomplete_e#df#e-c#a#-#e#-#-#bf#_normalized.flac,human,16000,1,4.064,FLAC,67054
train,2910,complete_0db26fc6-ea99-483f-98ed-91b3cf971fcc_normalized.flac,complete_#db#fc#-ea#-#f-#ed-#b#cf#fcc_normalized.flac,human,16000,1,2.24,FLAC,51806
train,2911,0f8f89e9-98cd-4209-aa05-3f1ba63691bb.flac,#f#f#e#-#cd-#-aa#-#f#ba#bb.flac,voicemail,16000,1,13.0310625,FLAC,263596
train,2912,15978925-a653-44c0-9b7e-2a170f85f4ee.flac,#-a#-#c#-#b#e-#a#f#f#ee.flac,voicemail,16000,1,10.623125,FLAC,206563
train,2913,incomplete_f8170f47-abdb-4871-b964-49a10eeaaff5_normalized.flac,incomplete_f#f#-abdb-#-b#-#a#eeaaff#_normalized.flac,human,16000,1,4.340625,FLAC,79241
train,2914,08d1197f-2a1e-4f8e-bd56-b401004b972d.flac,#d#f-#a#e-#f#e-bd#-b#b#d.flac,voicemail,16000,1,12.638125,FLAC,242010
train,2915,1d2b0408-28f8-49b1-9d9f-10c1c993f9a2.flac,#d#b#-#f#-#b#-#d#f-#c#c#f#a#.flac,answering_machine,16000,1,13.7660625,FLAC,257178
train,2916,60266415c7abb7f8321382f5.wav,#c#abb#f#f#.wav,human,8000,1,6.223,WAV,49842
train,2917,response_15.wav,response_#.wav,human,8000,1,8.021375,WAV,64230
train,2918,027faea2-5863-4f5f-841f-bdf90c7af57d.flac,#faea#-#-#f#f-#f-bdf#c#af#d.flac,ivr,16000,1,6.28,FLAC,121738
train,2919,12b562cf-e56c-4bba-8008-3503b8d90e4d.flac,#b#cf-e#c-#bba-#-#b#d#e#d.flac,voicemail,16000,1,6.4530625,FLAC,136806
train,2920,01bc6691-b247-4f30-b3ea-bf98ae37e77d.flac,#bc#-b#-#f#-b#ea-bf#ae#e#d.flac,ivr,16000,1,6.44,FLAC,127013
train,2921,18bfc646-6fb5-48f4-9a72-288bd5048eb9.flac,#bfc#-#fb#-#f#-#a#-#bd#eb#.flac,answering_machine,16000,1,3.584,FLAC,74939
train,2922,00eb70c3-eeb3-4b03-baa3-9481903a5547.flac,#eb#c#-eeb#-#b#-baa#-#a#.flac,ivr,16000,1,10.4,FLAC,218855
train,2923,0a934990-56ab-4eab-be79-775f7951dd32.flac,#a#-#ab-#eab-be#-#f#dd#.flac,voicemail,16000,1,5.1040625,FLAC,95854
train,2924,051fcb2f-f75a-43e0-8e58-4ec1743358eb.flac,#fcb#f-f#a-#e#-#e#-#ec#eb.flac,answering_machine,16000,1,14.35,FLAC,295001
train,2925,1278783c-b4e0-4ce2-ad02-3d384e7d2536.flac,#c-b#e#-#ce#-ad#-#d#e#d#.flac,answering_machine,16000,1,12.8828125,FLAC,234731
train,2926,1df8d4e3-ec4b-4dfb-9200-936e608a8141.flac,#df#d#e#-ec#b-#dfb-#-#e#a#.flac,voicemail,16000,1,7.116875,FLAC,108966
train,2927,0930aca4-5567-4a72-b0a1-5ed09e87eec1.flac,#aca#-#-#a#-b#a#-#ed#e#eec#.flac,voicemail,16000,1,15.819625,FLAC,282713
train,2928,CA903641d771576d1597a20902cc1aa7f8_3.wav,CA#d#d#a#cc#aa#f#_#.wav,human,8000,1,11.38,WAV,91098
train,2929,0797530f-97a5-4f1c-8347-561a3d3ec55d.flac,#f-#a#-#f#c-#-#a#d#ec#d.flac,answering_machine,16000,1,7.0826875,FLAC,127585
train,2930,02b0a7df-fb43-4c8d-b087-202a3fffdebd.flac,#b#a#df-fb#-#c#d-b#-#a#fffdebd.flac,ivr,16000,1,6.84,FLAC,128903
train,2931,am_00127.wav,am_#.wav,answering_machine,16000,1,9.9791875,WAV,319378
train,2932,019f4013-9eeb-4bb8-8441-8d1b645bbed1.flac,#f#-#eeb-#bb#-#-#d#b#bbed#.flac,ivr,16000,1,9.92,FLAC,184339
train,2933,0caf15b3-eb7d-4a9c-9a54-c886b994a52e.flac,#caf#b#-eb#d-#a#c-#a#-c#b#a#e.flac,voicemail,16000,1,3.9116875,FLAC,74928
train,2934,15a6a8e7-5964-43f5-8845-dbeaee503bb5.flac,#a#a#e#-#-#f#-#-dbeaee#bb#.flac,voicemail,16000,1,13.2190625,FLAC,293294
train,2935,602666cdc7abb7f832138527.wav,#cdc#abb#f#.wav,human,8000,1,4.010625,WAV,32144
train,2936,es_am_00389.wav,es_am_#.wav,answering_machine,16000,1,8.028875,WAV,256968
train,2937,carrier_de_answering_machine_00381.wav,carrier_de_answering_machine_#.wav,answering_machine,16000,1,6.733125,WAV,215504
train,2938,16106d93-12d5-4187-b1b1-ac7ee37fd9b4.flac,#d#-#d#-#-b#b#-ac#ee#fd#b#.flac,voicemail,16000,1,5.252,FLAC,122768
train,2939,1a60846b-c951-4e20-97a8-ddde125980b2.flac,#a#b-c#-#e#-#a#-ddde#b#.flac,answering_machine,16000,1,15.0350625,FLAC,290683
train,2940,117b6566-0117-4381-9d7e-08f8f4826f9a.flac,#b#-#-#-#d#e-#f#f#f#a.flac,voicemail,16000,1,2.6388125,FLAC,46689
train,2941,0a172b8a-f7ae-4b2f-a407-e69933f533a7.flac,#a#b#a-f#ae-#b#f-a#-e#f#a#.flac,voicemail,16000,1,15.1109375,FLAC,292388
train,2942,CAbe0e624f04330088165979fff5e0771b_0.wav,CAbe#e#f#fff#e#b_#.wav,human,8000,1,4.54,WAV,36378
train,2943,0467f1bc-974d-4cbf-895a-7bb85a140d54.flac,#f#bc-#d-#cbf-#a-#bb#a#d#.flac,answering_machine,16000,1,15.24875,FLAC,321166
train,2944,05e8f89f-1223-4df7-8e49-558b926281cf.flac,#e#f#f-#-#df#-#e#-#b#cf.flac,voicemail,16000,1,3.476,FLAC,71867
train,2945,032a0ece-6b7b-42d5-8c54-0c89775092ab.flac,#a#ece-#b#b-#d#-#c#-#c#ab.flac,ivr,16000,1,5.52,FLAC,111119
train,2946,1d94e108-cb97-4f1d-8c4e-2651da246d07.flac,#d#e#-cb#-#f#d-#c#e-#da#d#.flac,answering_machine,16000,1,13.617375,FLAC,264143
train,2947,ivr_00220.wav,ivr_#.wav,ivr,16000,1,10.0,WAV,320044
train,2948,complete_2835ab46a4ba43839ccbacce61d2ee3e.flac,complete_#ab#a#ba#ccbacce#d#ee#e.flac,human,16000,1,3.2558125,FLAC,57010
train,2949,carrier_en_voicemail_00448.wav,carrier_en_voicemail_#.wav,voicemail,16000,1,10.0,WAV,320044
train,2950,ivr_00278.wav,ivr_#.wav,ivr,16000,1,7.008,WAV,224300
train,2951,113f0ef9-c4c3-47df-a19e-a69d45d10d61.flac,#f#ef#-c#c#-#df-a#e-a#d#d#d#.flac,voicemail,16000,1,14.7050625,FLAC,267115
train,2952,00f6337f-7981-445f-9b78-344b2b07dee1.flac,#f#f-#-#f-#b#-#b#b#dee#.flac,ivr,16000,1,5.48,FLAC,116178
train,2953,incomplete_6c8e2492-b9a8-405f-8daf-14247953e928_normalized.flac,incomplete_#c#e#-b#a#-#f-#daf-#e#_normalized.flac,human,16000,1,4.256875,FLAC,95543
train,2954,09165def-fe19-4fb0-8fb1-d4d28b8dee8a.flac,#def-fe#-#fb#-#fb#-d#d#b#dee#a.flac,answering_machine,16000,1,10.0869375,FLAC,183397
train,2955,09bd467f-ea76-484b-b397-27717ff08f7d.flac,#bd#f-ea#-#b-b#-#ff#f#d.flac,voicemail,16000,1,4.7600625,FLAC,86708
train,2956,126f22d6-87f0-4b47-b6ef-c871b3f0dcb1.flac,#f#d#-#f#-#b#-b#ef-c#b#f#dcb#.flac,answering_machine,16000,1,11.6874375,FLAC,230898
train,2957,incomplete_7dd6a5cc-d362-4e02-9f5a-0eaf48cadc93_normalized.flac,incomplete_#dd#a#cc-d#-#e#-#f#a-#eaf#cadc#_normalized.flac,human,16000,1,3.5334375,FLAC,69821
train,2958,de_am_00544.wav,de_am_#.wav,answering_machine,16000,1,8.9810625,WAV,287438
train,2959,fr_human_real_00009.wav,fr_human_real_#.wav,human,16000,1,2.56,WAV,81964
train,2960,12a2d553-c894-467f-a2d9-1e420bb648e8.flac,#a#d#-c#-#f-a#d#-#e#bb#e#.flac,answering_machine,16000,1,13.738,FLAC,271224
train,2961,1745bea9-bd31-4323-aa0e-ac8684a2a728.flac,#bea#-bd#-#-aa#e-ac#a#a#.flac,answering_machine,16000,1,11.264,FLAC,251993
train,2962,voicemail_00370.wav,voicemail_#.wav,voicemail,16000,1,9.83,WAV,314604
train,2963,026ef143-4bb6-4f4c-8dd1-b4ae92993841.flac,#ef#-#bb#-#f#c-#dd#-b#ae#.flac,ivr,16000,1,6.44,FLAC,116796
train,2964,ivr_00326.wav,ivr_#.wav,ivr,16000,1,10.0,WAV,320044
train,2965,127088c5-bb93-4514-8b84-6f2ceb4aea77.flac,#c#-bb#-#-#b#-#f#ceb#aea#.flac,voicemail,16000,1,11.087375,FLAC,192186
train,2966,0f408339-2b9f-4640-b94b-160fb0b6b70c.flac,#f#-#b#f-#-b#b-#fb#b#b#c.flac,answering_machine,16000,1,14.33625,FLAC,276474
train,2967,064feaad-050d-44ff-ba0b-ecefc9ff9303.flac,#feaad-#d-#ff-ba#b-ecefc#ff#.flac,voicemail,16000,1,13.1315,FLAC,266378
train,2968,15239ace-68d2-4e52-af92-51e438978df6.flac,#ace-#d#-#e#-af#-#e#df#.flac,answering_machine,16000,1,4.676,FLAC,90463
train,2969,0ac72744-3047-4d16-b38f-14c95454e5df.flac,#ac#-#-#d#-b#f-#c#e#df.flac,answering_machine,16000,1,8.114125,FLAC,160192
train,2970,response_45.wav,response_#.wav,human,8000,1,11.008,WAV,88122
train,2971,16eb35f6-76e7-41e5-a78d-502af914eac2.flac,#eb#f#-#e#-#e#-a#d-#af#eac#.flac,voicemail,16000,1,13.3279375,FLAC,233560
train,2972,00d9c696-3565-4104-ae5b-2df7ae28352b.flac,#d#c#-#-#-ae#b-#df#ae#b.flac,ivr,16000,1,4.4,FLAC,91499
train,2973,01d2b31a-eb13-41df-9dce-488fcb44790e.flac,#d#b#a-eb#-#df-#dce-#fcb#e.flac,ivr,16000,1,8.28,FLAC,173111
train,2974,00f9f237-6f36-4937-a1dd-d7bd750b1677.flac,#f#f#-#f#-#-a#dd-d#bd#b#.flac,voicemail,16000,1,14.2065625,FLAC,252993
train,2975,602bad3abb1e6d0fbce921e9.wav,#bad#abb#e#d#fbce#e#.wav,human,8000,1,4.437375,WAV,35558
train,2976,ivr_00385.wav,ivr_#.wav,ivr,16000,1,10.0,WAV,320044
train,2977,voicemail_00053.wav,voicemail_#.wav,voicemail,16000,1,10.0,WAV,320044
train,2978,response_6.wav,response_#.wav,human,8000,1,14.677375,WAV,117478
train,2979,1c40c8e0-88be-4319-b4ac-4ea3ec70c8d2.flac,#c#c#e#-#be-#-b#ac-#ea#ec#c#d#.flac,answering_machine,16000,1,12.14125,FLAC,223456
train,2980,complete_bac0a527-58b9-4e70-9588-7201c7799a91_normalized.flac,complete_bac#a#-#b#-#e#-#-#c#a#_normalized.flac,human,16000,1,5.265,FLAC,103203
train,2981,carrier_en_voicemail_00430.wav,carrier_en_voicemail_#.wav,voicemail,16000,1,10.0,WAV,320044
train,2982,1af5209a-59e4-4c7e-a221-13f0348fa24e.flac,#af#a-#e#-#c#e-a#-#f#fa#e.flac,answering_machine,16000,1,4.1456875,FLAC,82468
train,2983,05079d58-a0d9-46a7-abf2-b0ea677d9a99.flac,#d#-a#d#-#a#-abf#-b#ea#d#a#.flac,voicemail,16000,1,11.1488125,FLAC,234394
train,2984,es_human_real_00266.wav,es_human_real_#.wav,human,16000,1,10.0,WAV,320044
train,2985,human_real_00029.wav,human_real_#.wav,human,16000,1,6.826625,WAV,218496
train,2986,0ffb63b1-8904-42a7-b6bd-a7bb0f97411c.flac,#ffb#b#-#-#a#-b#bd-a#bb#f#c.flac,answering_machine,16000,1,6.2571875,FLAC,121011
train,2987,041351c8-c010-464e-8e24-5188f3bc0469.flac,#c#-c#-#e-#e#-#f#bc#.flac,voicemail,16000,1,11.2395,FLAC,199815
train,2988,complete_b2775016-de84-43a1-bb7d-26b385230011_normalized.flac,complete_b#-de#-#a#-bb#d-#b#_normalized.flac,human,16000,1,5.473125,FLAC,109950
train,2989,0135fbfd-4089-472c-9e47-6df55b58812e.flac,#fbfd-#-#c-#e#-#df#b#e.flac,ivr,16000,1,5.72,FLAC,112513
train,2990,human_real_00034.wav,human_real_#.wav,human,16000,1,10.0,WAV,320044
train,2991,incomplete_f0d1b91e-06b7-4b28-88df-f8dcbadb30fd_normalized.flac,incomplete_f#d#b#e-#b#-#b#-#df-f#dcbadb#fd_normalized.flac,human,16000,1,8.2773125,FLAC,165034
train,2992,incomplete_708809c8-6f9d-4a41-9bc3-861d7f95a737_normalized.flac,incomplete_#c#-#f#d-#a#-#bc#-#d#f#a#_normalized.flac,human,16000,1,5.125625,FLAC,104000
train,2993,01a78678-6386-4244-a93b-0a984c901601.flac,#a#-#-#-a#b-#a#c#.flac,ivr,16000,1,3.48,FLAC,57771
train,2994,005defc6-afd5-4152-97f3-ee455adb4d32.flac,#defc#-afd#-#-#f#-ee#adb#d#.flac,ivr,16000,1,7.56,FLAC,144376
train,2995,00217ebc-01ad-4ed1-9279-943d4a22953d.flac,#ebc-#ad-#ed#-#-#d#a#d.flac,answering_machine,16000,1,6.997375,FLAC,139814
train,2996,0236fa31-59bb-4e14-ae63-f8a7bfa02d00.flac,#fa#-#bb-#e#-ae#-f#a#bfa#d#.flac,ivr,16000,1,3.8,FLAC,76832
train,2997,de_human_real_00431.wav,de_human_real_#.wav,human,16000,1,10.0,WAV,320044
train,2998,15e9db0a-9c65-4973-b547-73c5326638e0.flac,#e#db#a-#c#-#-b#-#c#e#.flac,voicemail,16000,1,3.5178125,FLAC,78116
train,2999,incomplete_723dd5dc-898a-44fe-b429-87b187c978c9_normalized.flac,incomplete_#dd#dc-#a-#fe-b#-#b#c#c#_normalized.flac,human,16000,1,4.865,FLAC,94862
train,3000,carrier_es_ivr_00250.wav,carrier_es_ivr_#.wav,ivr,16000,1,10.0,WAV,320044
train,3001,0127d9b8-16da-4604-a6fd-7cc5cebd5692.flac,#d#b#-#da-#-a#fd-#cc#cebd#.flac,ivr,16000,1,10.96,FLAC,213496
train,3002,03fcd60b-cfa8-41d6-ad91-00af542a83c0.flac,#fcd#b-cfa#-#d#-ad#-#af#a#c#.flac,answering_machine,16000,1,15.75525,FLAC,309521
train,3003,complete_65143fbf-3348-4f99-8943-1acd8087473a_normalized.flac,complete_#fbf-#-#f#-#-#acd#a_normalized.flac,human,16000,1,2.519375,FLAC,59679
train,3004,ivr_00128.wav,ivr_#.wav,ivr,16000,1,10.0,WAV,320044
train,3005,carrier_es_answering_machine_00258.wav,carrier_es_answering_machine_#.wav,answering_machine,16000,1,9.1778125,WAV,293734
train,3006,063b7c3a-4445-4c99-8cdd-096c052bd081.flac,#b#c#a-#-#c#-#cdd-#c#bd#.flac,answering_machine,16000,1,9.450625,FLAC,184592
train,3007,602baeccbb1e6d0fbce92285.wav,#baeccbb#e#d#fbce#.wav,human,8000,1,3.328,WAV,26682
train,3008,voicemail_00388.wav,voicemail_#.wav,voicemail,16000,1,10.0,WAV,320044
train,3009,voicemail_00302.wav,voicemail_#.wav,voicemail,16000,1,9.51075,WAV,304388
train,3010,incomplete_307ad571-37c4-4431-a050-fd55eb9b7c2d_normalized.flac,incomplete_#ad#-#c#-#-a#-fd#eb#b#c#d_normalized.flac,human,16000,1,3.819375,FLAC,74024
train,3011,es_voicemail_00338.wav,es_voicemail_#.wav,voicemail,16000,1,9.39725,WAV,300756
train,3012,18d334c0-e237-44da-8828-324e8c0d3b4a.flac,#d#c#-e#-#da-#-#e#c#d#b#a.flac,answering_machine,16000,1,6.0491875,FLAC,107271
train,3013,023bd8fa-d5ac-4a9e-859e-7732bb43f85e.flac,#bd#fa-d#ac-#a#e-#e-#bb#f#e.flac,ivr,16000,1,8.08,FLAC,172539
train,3014,169d189a-981b-44c2-902f-ab61af383e8f.flac,#d#a-#b-#c#-#f-ab#af#e#f.flac,answering_machine,16000,1,10.3846875,FLAC,201766
train,3015,human_tts_00164.wav,human_tts_#.wav,human,16000,1,2.304,WAV,73772
train,3016,031c46a2-eb90-43a2-b766-11054497d07a.flac,#c#a#-eb#-#a#-b#-#d#a.flac,ivr,16000,1,5.04,FLAC,93539
train,3017,14069762-1903-403b-b91f-d5a09c5299de.flac,#-#-#b-b#f-d#a#c#de.flac,voicemail,16000,1,4.2830625,FLAC,61102
train,3018,0286f7ad-83a7-4811-bc28-a7da4be336aa.flac,#f#ad-#a#-#-bc#-a#da#be#aa.flac,ivr,16000,1,12.12,FLAC,275331
train,3019,160910f8-a3e3-497b-9de4-549f7e43bc88.flac,#f#-a#e#-#b-#de#-#f#e#bc#.flac,voicemail,16000,1,4.568875,FLAC,82182
train,3020,human_tts_00028.wav,human_tts_#.wav,human,16000,1,2.52,WAV,80684
train,3021,13b504ad-de65-4243-8d0c-def8218ccf26.flac,#b#ad-de#-#-#d#c-def#ccf#.flac,answering_machine,16000,1,3.6931875,FLAC,55125
train,3022,carrier_de_ivr_00346.wav,carrier_de_ivr_#.wav,ivr,16000,1,9.744,WAV,311852
train,3023,03073ff7-9dfd-4946-9f48-12ee7c70ded8.flac,#ff#-#dfd-#-#f#-#ee#c#ded#.flac,ivr,16000,1,7.2,FLAC,133984
train,3024,1a38194b-6d3c-41f5-8fb9-4eaacb855c7f.flac,#a#b-#d#c-#f#-#fb#-#eaacb#c#f.flac,answering_machine,16000,1,12.18575,FLAC,237659
train,3025,08599f03-1b6d-4169-a81c-add8f40842c5.flac,#f#-#b#d-#-a#c-add#f#c#.flac,answering_machine,16000,1,10.5485,FLAC,212108
train,3026,006e51e1-adaa-4afc-b0c0-7e17defc0359.flac,#e#e#-adaa-#afc-b#c#-#e#defc#.flac,ivr,16000,1,5.08,FLAC,111903
train,3027,00c9eb82-5ebb-43dc-b1e4-094b28799b52.flac,#c#eb#-#ebb-#dc-b#e#-#b#b#.flac,ivr,16000,1,5.72,FLAC,115915
train,3028,007566ce-4a44-463a-a3b4-990133faa28a.flac,#ce-#a#-#a-a#b#-#faa#a.flac,ivr,16000,1,4.52,FLAC,98619
train,3029,602bad38bb1e6d0fbce921e8.wav,#bad#bb#e#d#fbce#e#.wav,human,8000,1,4.608,WAV,36922
train,3030,complete_da4518d5-5d2b-44eb-b105-c288d080c287_normalized.flac,complete_da#d#-#d#b-#eb-b#-c#d#c#_normalized.flac,human,16000,1,6.144,FLAC,128221
train,3031,carrier_es_answering_machine_00255.wav,carrier_es_answering_machine_#.wav,answering_machine,16000,1,9.3125625,WAV,298046
train,3032,carrier_de_ivr_00364.wav,carrier_de_ivr_#.wav,ivr,16000,1,5.592,WAV,178988
train,3033,ivr_00237.wav,ivr_#.wav,ivr,16000,1,7.728,WAV,247340
train,3034,complete_43d7f498-7740-4237-8d6d-589bf83efad9_normalized.flac,complete_#d#f#-#-#-#d#d-#bf#efad#_normalized.flac,human,16000,1,5.056,FLAC,101047
train,3035,19af183c-54d2-4390-b597-31f745eb054a.flac,#af#c-#d#-#-b#-#f#eb#a.flac,voicemail,16000,1,6.164875,FLAC,79764
train,3036,1676ee1b-81c7-4b3c-8d6d-0db1fb157416.flac,#ee#b-#c#-#b#c-#d#d-#db#fb#.flac,voicemail,16000,1,6.516,FLAC,133175
train,3037,CAb004049d3953f566e7e4a0c123ec26eb_5.wav,CAb#d#f#e#e#a#c#ec#eb_#.wav,human,8000,1,6.32,WAV,50618
train,3038,complete_f2d43a95-b4ae-4d2a-b711-a51f3db11c53_normalized.flac,complete_f#d#a#-b#ae-#d#a-b#-a#f#db#c#_normalized.flac,human,16000,1,3.44,FLAC,56284
train,3039,de_human_tts_00451.wav,de_human_tts_#.wav,human,16000,1,2.976,WAV,95276
train,3040,human_real_00039.wav,human_real_#.wav,human,16000,1,2.87925,WAV,92180
train,3041,00e9d619-40bd-4ced-a9a4-3e574f9f088f.flac,#e#d#-#bd-#ced-a#a#-#e#f#f#f.flac,ivr,16000,1,6.28,FLAC,112777
train,3042,0fb01436-2c56-4538-b753-1e8456474f53.flac,#fb#-#c#-#-b#-#e#f#.flac,voicemail,16000,1,4.7484375,FLAC,73615
train,3043,60268b33c7abb7f8321388bd.wav,#b#c#abb#f#bd.wav,human,8000,1,14.08,WAV,112698
train,3044,ivr_00080.wav,ivr_#.wav,ivr,16000,1,10.0,WAV,320044
train,3045,01c72822-64aa-4a25-a037-5d584a8d8ce2.flac,#c#-#aa-#a#-a#-#d#a#d#ce#.flac,ivr,16000,1,5.48,FLAC,105918
train,3046,carrier_fr_voicemail_00057.wav,carrier_fr_voicemail_#.wav,voicemail,16000,1,10.0,WAV,320044
train,3047,response_7.wav,response_#.wav,human,8000,1,5.546625,WAV,44432
train,3048,021806b7-a934-448f-b26e-942b7d82dea7.flac,#b#-a#-#f-b#e-#b#d#dea#.flac,ivr,16000,1,5.52,FLAC,111900
train,3049,13ca7bc1-0bf8-46cb-b8b7-32330bb9b784.flac,#ca#bc#-#bf#-#cb-b#b#-#bb#b#.flac,answering_machine,16000,1,10.9623125,FLAC,218251
train,3050,1b63fffb-bf04-4c22-bc08-166d868201f7.flac,#b#fffb-bf#-#c#-bc#-#d#f#.flac,voicemail,16000,1,14.147625,FLAC,272869
train,3051,0183be8c-a349-40e0-aacc-392666bc06f6.flac,#be#c-a#-#e#-aacc-#bc#f#.flac,ivr,16000,1,7.44,FLAC,157179
train,3052,human_tts_00100.wav,human_tts_#.wav,human,16000,1,1.584,WAV,50732
train,3053,ivr_00280.wav,ivr_#.wav,ivr,16000,1,8.9438125,WAV,286246
train,3054,057994d3-b692-4669-94cc-251833dc7fa9.flac,#d#-b#-#-#cc-#dc#fa#.flac,voicemail,16000,1,12.1630625,FLAC,199595
train,3055,carrier_en_answering_machine_00493.wav,carrier_en_answering_machine_#.wav,answering_machine,16000,1,9.7531875,WAV,312146
train,3056,incomplete_7652503c-b9a5-4898-9e93-b81a9afa790d_normalized.flac,incomplete_#c-b#a#-#-#e#-b#a#afa#d_normalized.flac,human,16000,1,2.799375,FLAC,58604
train,3057,de_human_real_00424.wav,de_human_real_#.wav,human,16000,1,10.0,WAV,320044
train,3058,0350a87e-3905-49a1-aad8-7dec573418db.flac,#a#e-#-#a#-aad#-#dec#db.flac,ivr,16000,1,6.8,FLAC,115430
train,3059,148381b5-8880-4ea3-b24b-dcd1cc8e14b0.flac,#b#-#-#ea#-b#b-dcd#cc#e#b#.flac,voicemail,16000,1,12.471,FLAC,239293
train,3060,1176750a-331f-411f-8428-c9e1864e3c6f.flac,#a-#f-#f-#-c#e#e#c#f.flac,answering_machine,16000,1,4.706,FLAC,68697
train,3061,02cde399-0004-485f-a103-f35ee16badbf.flac,#cde#-#-#f-a#-f#ee#badbf.flac,voicemail,16000,1,15.4674375,FLAC,318167
train,3062,CAd8721c395bd3e20af6e18c9f475af435_0.wav,CAd#c#bd#e#af#e#c#f#af#_#.wav,human,8000,1,5.68,WAV,45498
train,3063,1083fbea-56c3-44ea-b254-e01840b59a1a.flac,#fbea-#c#-#ea-b#-e#b#a#a.flac,answering_machine,16000,1,9.701125,FLAC,187902
train,3064,am_00164.wav,am_#.wav,answering_machine,16000,1,9.65475,WAV,308996
train,3065,complete_2b8f0c83-02d2-4714-aa0e-77925f2b2eec_normalized.flac,complete_#b#f#c#-#d#-#-aa#e-#f#b#eec_normalized.flac,human,16000,1,4.234625,FLAC,87552
train,3066,voicemail_00373.wav,voicemail_#.wav,voicemail,16000,1,9.9998125,WAV,320038
train,3067,0386b3b8-a1f3-4633-b761-6fba0f5cc9e8.flac,#b#b#-a#f#-#-b#-#fba#f#cc#e#.flac,voicemail,16000,1,11.308125,FLAC,218162
train,3068,030112ac-61dc-4a7f-97af-86c1251f6239.flac,#ac-#dc-#a#f-#af-#c#f#.flac,ivr,16000,1,7.56,FLAC,137268
train,3069,human_real_00104.wav,human_real_#.wav,human,16000,1,2.730625,WAV,87424
train,3070,092a9ce2-ff52-44c2-8200-49c330b4cfd7.flac,#a#ce#-ff#-#c#-#-#c#b#cfd#.flac,answering_machine,16000,1,6.741375,FLAC,148487
train,3071,0e648042-971f-4e0e-8fb9-d4134f96b0c7.flac,#e#-#f-#e#e-#fb#-d#f#b#c#.flac,voicemail,16000,1,7.2526875,FLAC,149812
train,3072,voicemail_00255.wav,voicemail_#.wav,voicemail,16000,1,9.9815,WAV,319452
train,3073,1a3c947f-1e68-4c49-b3c9-730a96f0d5d9.flac,#a#c#f-#e#-#c#-b#c#-#a#f#d#d#.flac,voicemail,16000,1,4.837625,FLAC,96891
train,3074,0e7602c7-3ca8-46c4-9ba8-58293fc2e39f.flac,#e#c#-#ca#-#c#-#ba#-#fc#e#f.flac,voicemail,16000,1,2.036,FLAC,37262
train,3075,006048a7-e7bb-490c-990f-6fcc5e35da16.flac,#a#-e#bb-#c-#f-#fcc#e#da#.flac,ivr,16000,1,8.6,FLAC,194740
train,3076,602664dac7abb7f832138327.wav,#dac#abb#f#.wav,human,8000,1,12.445875,WAV,99626
train,3077,00d70596-cb1e-4a03-b805-4d8dba861434.flac,#d#-cb#e-#a#-b#-#d#dba#.flac,ivr,16000,1,3.56,FLAC,63850
train,3078,028ce026-9231-4969-af37-0b742007d7ba.flac,#ce#-#-#-af#-#b#d#ba.flac,ivr,16000,1,5.68,FLAC,109898
train,3079,1b8866cb-a51b-495a-8d05-91557b8911d3.flac,#b#cb-a#b-#a-#d#-#b#d#.flac,voicemail,16000,1,4.039875,FLAC,80020
train,3080,00a8509d-8722-45d2-8f71-a3f8f879af54.flac,#a#d-#-#d#-#f#-a#f#f#af#.flac,ivr,16000,1,9.84,FLAC,221335
train,3081,complete_94b06a00-a422-4e57-ba61-8e15a1064d80_normalized.flac,complete_#b#a#-a#-#e#-ba#-#e#a#d#_normalized.flac,human,16000,1,4.778125,FLAC,94561
train,3082,am_00154.wav,am_#.wav,answering_machine,16000,1,10.0,WAV,320044
train,3083,017ce973-dfbb-4f56-8529-9fcdc59eae07.flac,#ce#-dfbb-#f#-#-#fcdc#eae#.flac,ivr,16000,1,5.52,FLAC,85301
train,3084,0131f3f5-7acb-4bf1-b3ec-a13fa14bac06.flac,#f#f#-#acb-#bf#-b#ec-a#fa#bac#.flac,ivr,16000,1,4.16,FLAC,75650
train,3085,00d709d7-6aba-4bfd-9748-38e86bcb7256.flac,#d#d#-#aba-#bfd-#-#e#bcb#.flac,ivr,16000,1,5.56,FLAC,113880
train,3086,voicemail_00063.wav,voicemail_#.wav,voicemail,16000,1,8.897375,WAV,284760
train,3087,02311757-0251-42fb-a35e-ac256714c5ce.flac,#-#-#fb-a#e-ac#c#ce.flac,ivr,16000,1,9.68,FLAC,205809
train,3088,118ced7c-2bab-4260-bd11-0ae735ae7d1d.flac,#ced#c-#bab-#-bd#-#ae#ae#d#d.flac,answering_machine,16000,1,2.41175,FLAC,35852
train,3089,fr_human_real_00022.wav,fr_human_real_#.wav,human,16000,1,4.352,WAV,139308
train,3090,073d881b-09dd-425e-a6f6-3418860364f1.flac,#d#b-#dd-#e-a#f#-#f#.flac,answering_machine,16000,1,7.6906875,FLAC,145582
train,3091,01afe84b-f61b-41a8-a2de-db03ed7d9dfc.flac,#afe#b-f#b-#a#-a#de-db#ed#d#dfc.flac,voicemail,16000,1,10.7499375,FLAC,204666
train,3092,am_00292.wav,am_#.wav,answering_machine,16000,1,10.0,WAV,320044
train,3093,0ccf11eb-eb4d-4279-8863-34bdfc69387e.flac,#ccf#eb-eb#d-#-#-#bdfc#e.flac,voicemail,16000,1,9.060125,FLAC,170975
train,3094,03c843c9-3047-43db-8e66-a9575f1199ea.flac,#c#c#-#-#db-#e#-a#f#ea.flac,answering_machine,16000,1,5.888,FLAC,113778
train,3095,1167ebd7-053f-4faa-9042-ece5c1869557.flac,#ebd#-#f-#faa-#-ece#c#.flac,voicemail,16000,1,12.290375,FLAC,239139
train,3096,0bab7ed8-c4d4-4e2d-970f-a7f7d5c025b5.flac,#bab#ed#-c#d#-#e#d-#f-a#f#d#c#b#.flac,voicemail,16000,1,15.2549375,FLAC,319155
train,3097,voicemail_00084.wav,voicemail_#.wav,voicemail,16000,1,10.0,WAV,320044
train,3098,human_real_00038.wav,human_real_#.wav,human,16000,1,4.778625,WAV,152960
train,3099,ivr_00388.wav,ivr_#.wav,ivr,16000,1,9.624,WAV,308012
train,3100,000c9790-2221-4b1a-aec4-114a494a0c30.flac,#c#-#-#b#a-aec#-#a#a#c#.flac,ivr,16000,1,2.68,FLAC,53698
train,3101,02702a37-7bdf-42af-a471-b7ec79073875.flac,#a#-#bdf-#af-a#-b#ec#.flac,ivr,16000,1,6.68,FLAC,133647
train,3102,00a31bec-d1e8-423b-8112-2ba360039bae.flac,#a#bec-d#e#-#b-#-#ba#bae.flac,voicemail,16000,1,8.5841875,FLAC,167922
train,3103,1dbc2a3c-2c17-44e0-aea8-f6db1c871de1.flac,#dbc#a#c-#c#-#e#-aea#-f#db#c#de#.flac,voicemail,16000,1,3.3088125,FLAC,57559
train,3104,voicemail_00177.wav,voicemail_#.wav,voicemail,16000,1,8.13775,WAV,260452
train,3105,1ae35f6e-8b32-498d-8046-6ecb1d687669.flac,#ae#f#e-#b#-#d-#-#ecb#d#.flac,answering_machine,16000,1,15.5051875,FLAC,318695
train,3106,02160d2a-03b8-4f7e-964d-8ed96ed23214.flac,#d#a-#b#-#f#e-#d-#ed#ed#.flac,ivr,16000,1,5.32,FLAC,97323
train,3107,07b17594-9256-442f-ae54-928d54a441e5.flac,#b#-#-#f-ae#-#d#a#e#.flac,voicemail,16000,1,3.6809375,FLAC,65744
train,3108,carrier_fr_ivr_00092.wav,carrier_fr_ivr_#.wav,ivr,16000,1,10.0,WAV,320044
train,3109,01e463a7-9480-4d6a-8952-ec935c784b2d.flac,#e#a#-#-#d#a-#-ec#c#b#d.flac,ivr,16000,1,9.16,FLAC,166598
train,3110,ivr_00093.wav,ivr_#.wav,ivr,16000,1,10.0,WAV,320044
train,3111,02a0638b-8667-483c-b453-fe5e612c2781.flac,#a#b-#-#c-b#-fe#e#c#.flac,ivr,16000,1,5.48,FLAC,118826
train,3112,0f1ad6e3-fd5e-4291-9e77-c12f845c9fd6.flac,#f#ad#e#-fd#e-#-#e#-c#f#c#fd#.flac,answering_machine,16000,1,14.73825,FLAC,292233
train,3113,012d15be-7d9e-4627-ad17-052f59a4facc.flac,#d#be-#d#e-#-ad#-#f#a#facc.flac,ivr,16000,1,7.96,FLAC,174751
train,3114,158e2bbd-a52b-4f49-884f-2c584a7d9feb.flac,#e#bbd-a#b-#f#-#f-#c#a#d#feb.flac,voicemail,16000,1,4.907125,FLAC,81712
train,3115,es_voicemail_00335.wav,es_voicemail_#.wav,voicemail,16000,1,9.5778125,WAV,306534
train,3116,0587b555-ade6-4890-a258-ce172562ebec.flac,#b#-ade#-#-a#-ce#ebec.flac,voicemail,16000,1,5.2593125,FLAC,84035
train,3117,1c9e7f59-6b75-44a1-a30c-f3d2fdcec94e.flac,#c#e#f#-#b#-#a#-a#c-f#d#fdcec#e.flac,answering_machine,16000,1,5.8644375,FLAC,124013
train,3118,602661d6cfa37e1cf217af5c.wav,#d#cfa#e#cf#af#c.wav,human,8000,1,5.57275,WAV,44640
train,3119,response_46.wav,response_#.wav,human,8000,1,11.776,WAV,94266
train,3120,0047ddde-3d10-4cca-b7f2-b4b1700698ac.flac,#ddde-#d#-#cca-b#f#-b#b#ac.flac,ivr,16000,1,3.68,FLAC,76082
train,3121,0ea845c1-d114-430f-9141-b6f8f0a9632c.flac,#ea#c#-d#-#f-#-b#f#f#a#c.flac,voicemail,16000,1,16.0,FLAC,317101
train,3122,ivr_00347.wav,ivr_#.wav,ivr,16000,1,10.0,WAV,320044
train,3123,15b19083-a3e6-4ddf-8d5d-e44b7032d57b.flac,#b#-a#e#-#ddf-#d#d-e#b#d#b.flac,answering_machine,16000,1,14.9353125,FLAC,318104
train,3124,carrier_de_voicemail_00339.wav,carrier_de_voicemail_#.wav,voicemail,16000,1,10.0,WAV,320044
train,3125,195fa56f-1c4e-422f-994f-323626e93199.flac,#fa#f-#c#e-#f-#f-#e#.flac,voicemail,16000,1,2.34,FLAC,49954
train,3126,ivr_00333.wav,ivr_#.wav,ivr,16000,1,10.0,WAV,320044
train,3127,1266c69e-4eeb-4e2f-94d2-51a52d60ec0f.flac,#c#e-#eeb-#e#f-#d#-#a#d#ec#f.flac,answering_machine,16000,1,6.82,FLAC,145903
train,3128,carrier_fr_human_00017.wav,carrier_fr_human_#.wav,human,16000,1,2.88,WAV,92204
train,3129,0072b119-4093-43b1-b528-563a21006876.flac,#b#-#-#b#-b#-#a#.flac,ivr,16000,1,8.48,FLAC,167414
train,3130,1d3c3574-84e6-4ebc-9070-2eff35b5e382.flac,#d#c#-#e#-#ebc-#-#eff#b#e#.flac,voicemail,16000,1,3.1730625,FLAC,65036
train,3131,001d770f-d628-4c7c-a5de-b03a20f95c6f.flac,#d#f-d#-#c#c-a#de-b#a#f#c#f.flac,ivr,16000,1,11.96,FLAC,261922
train,3132,159d38f0-b727-4f4c-b9c1-caf72f1613e3.flac,#d#f#-b#-#f#c-b#c#-caf#f#e#.flac,answering_machine,16000,1,2.3265625,FLAC,47968
train,3133,voicemail_00312.wav,voicemail_#.wav,voicemail,16000,1,10.0,WAV,320044
train,3134,response_27.wav,response_#.wav,human,8000,1,4.437375,WAV,35558
train,3135,voicemail_00000.wav,voicemail_#.wav,voicemail,16000,1,7.8415,WAV,250972
train,3136,complete_c9816f39ab594ab89860486c3887c71e.flac,complete_c#f#ab#ab#c#c#e.flac,human,16000,1,4.221,FLAC,56388
train,3137,incomplete_2377607e04cc4ef6aa6be1156e96794c.flac,incomplete_#e#cc#ef#aa#be#e#c.flac,human,16000,1,4.93025,FLAC,71537
train,3138,carrier_en_voicemail_00419.wav,carrier_en_voicemail_#.wav,voicemail,16000,1,10.0,WAV,320044
train,3139,133804c0-446c-42a3-9b67-d1ccba7e6ba8.flac,#c#-#c-#a#-#b#-d#ccba#e#ba#.flac,answering_machine,16000,1,5.2155625,FLAC,93114
train,3140,CA811af6457aeed8bb00411e2635e469cf_1.wav,CA#af#aeed#bb#e#e#cf_#.wav,human,8000,1,3.98,WAV,31898
train,3141,602ba6fb5f67b421554f6420.wav,#ba#fb#f#b#f#.wav,human,8000,1,3.072,WAV,24634
train,3142,1d168d5c-1920-44f8-8003-7220b1aadb3e.flac,#d#d#c-#-#f#-#-#b#aadb#e.flac,answering_machine,16000,1,9.902625,FLAC,160288
train,3143,ivr_00087.wav,ivr_#.wav,ivr,16000,1,10.0,WAV,320044
train,3144,carrier_fr_voicemail_00064.wav,carrier_fr_voicemail_#.wav,voicemail,16000,1,10.0,WAV,320044
train,3145,110f82a4-7325-4ee5-9235-a8a6820c3f14.flac,#f#a#-#-#ee#-#-a#a#c#f#.flac,answering_machine,16000,1,3.9221875,FLAC,71979
train,3146,0bfdba35-fae3-4241-a37e-8523fe9c08db.flac,#bfdba#-fae#-#-a#e-#fe#c#db.flac,voicemail,16000,1,2.8095625,FLAC,59244
train,3147,human_real_00100.wav,human_real_#.wav,human,16000,1,3.157375,WAV,101080
train,3148,1b8bceee-bea3-4a69-a074-52425fdf4053.flac,#b#bceee-bea#-#a#-a#-#fdf#.flac,voicemail,16000,1,3.7094375,FLAC,73457
train,3149,human_real_00025.wav,human_real_#.wav,human,16000,1,4.096,WAV,131116
train,3150,complete_ea6b9b6b1dc644d3b6081e05e1fb7806.flac,complete_ea#b#b#b#dc#d#b#e#e#fb#.flac,human,16000,1,3.1046875,FLAC,54772
train,3151,02b4863d-aadb-4a87-afa9-dc8c57bf3a59.flac,#b#d-aadb-#a#-afa#-dc#c#bf#a#.flac,ivr,16000,1,4.28,FLAC,83776
train,3152,CAb03408e877c8277e68d2ea477c0c95d8_3.wav,CAb#e#c#e#d#ea#c#c#d#_#.wav,human,8000,1,8.3,WAV,66458
train,3153,120bf667-77f8-4a8c-8abd-e4339fbb1af8.flac,#bf#-#f#-#a#c-#abd-e#fbb#af#.flac,answering_machine,16000,1,11.8891875,FLAC,237618
train,3154,voicemail_00069.wav,voicemail_#.wav,voicemail,16000,1,8.933125,WAV,285904
train,3155,CA24a610e399932214878b55cbc41019a6_0.wav,CA#a#e#b#cbc#a#_#.wav,human,8000,1,17.72,WAV,141818
train,3156,incomplete_60c5672c-5ad2-4c8a-95fe-1fe318c493ea_normalized.flac,incomplete_#c#c-#ad#-#c#a-#fe-#fe#c#ea_normalized.flac,human,16000,1,7.14,FLAC,111499
train,3157,incomplete_8d08d1bf-d116-4db6-be4a-bc06011d411a_normalized.flac,incomplete_#d#d#bf-d#-#db#-be#a-bc#d#a_normalized.flac,human,16000,1,8.6175,FLAC,160320
train,3158,0efbdeb2-2280-49df-b536-ddf875ba3a9c.flac,#efbdeb#-#-#df-b#-ddf#ba#a#c.flac,voicemail,16000,1,13.19025,FLAC,234614
train,3159,am_00032.wav,am_#.wav,answering_machine,16000,1,10.0,WAV,320044
train,3160,1b0d4de3-1461-49a0-9e7b-638faacd840a.flac,#b#d#de#-#-#a#-#e#b-#faacd#a.flac,voicemail,16000,1,3.508875,FLAC,57669
train,3161,02e5bc9b-5229-4890-83b0-efe0d5c296dc.flac,#e#bc#b-#-#-#b#-efe#d#c#dc.flac,ivr,16000,1,4.36,FLAC,92421
train,3162,602b9cd7bb1e6d0fbce91f98.wav,#b#cd#bb#e#d#fbce#f#.wav,human,8000,1,4.352,WAV,34874
train,3163,007d7538-17f2-4954-b4f1-c049261f2a27.flac,#d#-#f#-#-b#f#-c#f#a#.flac,ivr,16000,1,13.0,FLAC,251567
train,3164,00c0c5ce-1b18-4900-a5a5-2537e39a0406.flac,#c#c#ce-#b#-#-a#a#-#e#a#.flac,ivr,16000,1,5.72,FLAC,115055
train,3165,incomplete_8219e233-ed6a-4823-a070-01ec0a403458_normalized.flac,incomplete_#e#-ed#a-#-a#-#ec#a#_normalized.flac,human,16000,1,2.6428125,FLAC,48364
train,3166,am_00350.wav,am_#.wav,answering_machine,16000,1,10.0,WAV,320044
train,3167,ivr_00338.wav,ivr_#.wav,ivr,16000,1,10.0,WAV,320044
train,3168,09e9ca24-0def-4d30-a1be-71ba3861868f.flac,#e#ca#-#def-#d#-a#be-#ba#f.flac,voicemail,16000,1,5.0059375,FLAC,91597
train,3169,human_tts_00053.wav,human_tts_#.wav,human,16000,1,1.872,WAV,59948
train,3170,human_tts_00062.wav,human_tts_#.wav,human,16000,1,2.232,WAV,71468
train,3171,0002e1f1-d00e-4063-816a-c42932faccb2.flac,#e#f#-d#e-#-#a-c#faccb#.flac,ivr,16000,1,7.28,FLAC,132910
train,3172,0093c577-45ca-4ae4-8f44-4898911e6131.flac,#c#-#ca-#ae#-#f#-#e#.flac,ivr,16000,1,9.56,FLAC,194710
train,3173,60268bc9c7abb7f83213892a.wav,#bc#c#abb#f#a.wav,human,8000,1,12.458625,WAV,99728
train,3174,complete_8905ff96-84e5-4297-a456-2b6a97f2bb8b_normalized.flac,complete_#ff#-#e#-#-a#-#b#a#f#bb#b_normalized.flac,human,16000,1,5.1555,FLAC,101500
train,3175,incomplete_bdd18a57-5963-46de-b01d-00c03dfa2770_normalized.flac,incomplete_bdd#a#-#-#de-b#d-#c#dfa#_normalized.flac,human,16000,1,6.6026875,FLAC,140722
train,3176,response_9.wav,response_#.wav,human,8000,1,4.778625,WAV,38288
train,3177,12ccb2f0-761b-4eec-b3e1-b3a1d4dbfdb8.flac,#ccb#f#-#b-#eec-b#e#-b#a#d#dbfdb#.flac,answering_machine,16000,1,12.992875,FLAC,238423
train,3178,60268fc4dc3604f481bcb89c.wav,#fc#dc#f#bcb#c.wav,human,8000,1,8.362625,WAV,66960
train,3179,0ef6bdd7-9735-44ed-a10f-6140cbc48efb.flac,#ef#bdd#-#-#ed-a#f-#cbc#efb.flac,answering_machine,16000,1,3.262125,FLAC,66232
train,3180,0230ec67-f2d4-469b-b3f9-b506e85ab35a.flac,#ec#-f#d#-#b-b#f#-b#e#ab#a.flac,ivr,16000,1,11.64,FLAC,245842
train,3181,carrier_de_voicemail_00322.wav,carrier_de_voicemail_#.wav,voicemail,16000,1,10.0,WAV,320044
train,3182,ivr_00327.wav,ivr_#.wav,ivr,16000,1,10.0,WAV,320044
train,3183,034f3c28-eefd-448d-b461-d3191498997a.flac,#f#c#-eefd-#d-b#-d#a.flac,answering_machine,16000,1,14.045,FLAC,278739
train,3184,am_00132.wav,am_#.wav,answering_machine,16000,1,10.0,WAV,320044
train,3185,CA76a94925334a87d403c4ffa96496d77e_0.wav,CA#a#a#d#c#ffa#d#e_#.wav,human,8000,1,14.08,WAV,112698
train,3186,60268fecc7abb7f832138d96.wav,#fecc#abb#f#d#.wav,human,8000,1,15.325125,WAV,122660
train,3187,00340941-9c6c-4c26-bd94-55dd51765c4f.flac,#-#c#c-#c#-bd#-#dd#c#f.flac,answering_machine,16000,1,10.246375,FLAC,208825
train,3188,carrier_es_voicemail_00202.wav,carrier_es_voicemail_#.wav,voicemail,16000,1,10.0,WAV,320044
train,3189,00fb7d66-a1fd-40a2-bfaf-6835a83d5ec3.flac,#fb#d#-a#fd-#a#-bfaf-#a#d#ec#.flac,ivr,16000,1,4.4,FLAC,88185
train,3190,fr_human_real_00043.wav,fr_human_real_#.wav,human,16000,1,4.864,WAV,155692
train,3191,carrier_fr_voicemail_00061.wav,carrier_fr_voicemail_#.wav,voicemail,16000,1,10.0,WAV,320044
train,3192,1e5ac437-1587-42dc-912f-8c5846db9ede.flac,#e#ac#-#-#dc-#f-#c#db#ede.flac,voicemail,16000,1,3.13325,FLAC,49693
train,3193,ivr_00110.wav,ivr_#.wav,ivr,16000,1,8.112,WAV,259628
train,3194,1de10147-f7f8-47ec-bfc4-603379d5c75b.flac,#de#-f#f#-#ec-bfc#-#d#c#b.flac,voicemail,16000,1,2.644,FLAC,59034
train,3195,018c7114-3397-4a6d-ad51-a4247d956b41.flac,#c#-#-#a#d-ad#-a#d#b#.flac,ivr,16000,1,7.44,FLAC,146668
train,3196,13e603d4-229d-4f01-bb25-3b557f804b62.flac,#e#d#-#d-#f#-bb#-#b#f#b#.flac,voicemail,16000,1,4.0440625,FLAC,62048
train,3197,025fdbef-a645-45bb-bc91-1a6ad369ba35.flac,#fdbef-a#-#bb-bc#-#a#ad#ba#.flac,ivr,16000,1,16.12,FLAC,316522
train,3198,1475d4e6-11f3-46db-96d1-180ed9bf06c9.flac,#d#e#-#f#-#db-#d#-#ed#bf#c#.flac,answering_machine,16000,1,2.691125,FLAC,47706
train,3199,carrier_fr_answering_machine_00148.wav,carrier_fr_answering_machine_#.wav,answering_machine,16000,1,10.0,WAV,320044
train,3200,carrier_en_ivr_00485.wav,carrier_en_ivr_#.wav,ivr,16000,1,10.0,WAV,320044
train,3201,complete_a17b53ed-7ca6-480c-9c6a-0686919e14c9_normalized.flac,complete_a#b#ed-#ca#-#c-#c#a-#e#c#_normalized.flac,human,16000,1,1.934625,FLAC,40483
train,3202,carrier_fr_answering_machine_00145.wav,carrier_fr_answering_machine_#.wav,answering_machine,16000,1,9.5121875,WAV,304434
train,3203,human_tts_00029.wav,human_tts_#.wav,human,16000,1,3.6,WAV,115244
train,3204,187dccaa-ba69-4727-bb6c-72125083f70b.flac,#dccaa-ba#-#-bb#c-#f#b.flac,answering_machine,16000,1,13.8739375,FLAC,286160
train,3205,01532746-3301-4ab7-ae2d-451560edf180.flac,#-#-#ab#-ae#d-#edf#.flac,ivr,16000,1,10.12,FLAC,199370
train,3206,006d43b1-0c87-48cb-8b2b-5a2cec7ee42c.flac,#d#b#-#c#-#cb-#b#b-#a#cec#ee#c.flac,ivr,16000,1,5.56,FLAC,110503
train,3207,031e9f01-ae53-4b7b-9f81-2a0c7c6786fd.flac,#e#f#-ae#-#b#b-#f#-#a#c#c#fd.flac,ivr,16000,1,6.0,FLAC,130530
train,3208,043bcd43-5f4b-47ae-86b1-08178dab3f1a.flac,#bcd#-#f#b-#ae-#b#-#dab#f#a.flac,voicemail,16000,1,26.4019375,FLAC,537839
train,3209,1be5ced6-fe79-4793-a51f-676b458292a9.flac,#be#ced#-fe#-#-a#f-#b#a#.flac,answering_machine,16000,1,14.0320625,FLAC,254050
train,3210,am_00275.wav,am_#.wav,answering_machine,16000,1,7.821125,WAV,250320
train,3211,14f3359b-eb8c-48be-a7ba-e82382d64c87.flac,#f#b-eb#c-#be-a#ba-e#d#c#.flac,answering_machine,16000,1,15.0543125,FLAC,271220
train,3212,16415b9a-d9b9-44a3-aee8-b2ad1ca597d0.flac,#b#a-d#b#-#a#-aee#-b#ad#ca#d#.flac,answering_machine,16000,1,3.4295,FLAC,61015
train,3213,human_real_00075.wav,human_real_#.wav,human,16000,1,4.096,WAV,131116
train,3214,08b14f6c-497e-4a09-bdd6-138f02d78fd9.flac,#b#f#c-#e-#a#-bdd#-#f#d#fd#.flac,answering_machine,16000,1,3.6300625,FLAC,57467
train,3215,029f7538-a881-4a75-a04d-15150059b12c.flac,#f#-a#-#a#-a#d-#b#c.flac,answering_machine,16000,1,16.0,FLAC,320664
train,3216,000c8197-2d2d-4c62-a75e-816960e38c94.flac,#c#-#d#d-#c#-a#e-#e#c#.flac,ivr,16000,1,4.12,FLAC,83475
train,3217,11dca066-fbb0-4ad0-a0fa-130cf8badf7e.flac,#dca#-fbb#-#ad#-a#fa-#cf#badf#e.flac,voicemail,16000,1,10.8679375,FLAC,195467
train,3218,015a5854-ed31-4cd8-82a8-ce23ed31b711.flac,#a#-ed#-#cd#-#a#-ce#ed#b#.flac,ivr,16000,1,5.72,FLAC,103507
train,3219,0e23cd1a-b9a9-47aa-9a0a-ab8e30caacd0.flac,#e#cd#a-b#a#-#aa-#a#a-ab#e#caacd#.flac,voicemail,16000,1,3.0060625,FLAC,42165
train,3220,02de5512-16d0-455b-95c9-e9530ccb1076.flac,#de#-#d#-#b-#c#-e#ccb#.flac,ivr,16000,1,9.96,FLAC,195859
train,3221,0650b32a-c471-435d-9052-f7a73fd36af0.flac,#b#a-c#-#d-#-f#a#fd#af#.flac,answering_machine,16000,1,3.4619375,FLAC,64019
train,3222,0eecae41-c28c-4ca7-8b33-ced6747403b8.flac,#eecae#-c#c-#ca#-#b#-ced#b#.flac,voicemail,16000,1,13.3396875,FLAC,247877
train,3223,complete_7237e564-7806-4c1c-8994-2068afcff5fd_normalized.flac,complete_#e#-#-#c#c-#-#afcff#fd_normalized.flac,human,16000,1,2.396625,FLAC,50725
train,3224,complete_09a5f39e-b818-4837-bfad-2bc16be78c4d_normalized.flac,complete_#a#f#e-b#-#-bfad-#bc#be#c#d_normalized.flac,human,16000,1,3.776,FLAC,71661
train,3225,de_human_real_00423.wav,de_human_real_#.wav,human,16000,1,7.02,WAV,224684
train,3226,00f34d73-21a4-4357-913a-aa6cb1c956aa.flac,#f#d#-#a#-#-#a-aa#cb#c#aa.flac,ivr,16000,1,6.16,FLAC,130007
train,3227,171bd347-11fa-484f-a0a2-8247ce9c0a94.flac,#bd#-#fa-#f-a#a#-#ce#c#a#.flac,voicemail,16000,1,9.644625,FLAC,195543
train,3228,1c0d165d-10d1-420f-8f45-1c4bf3177796.flac,#c#d#d-#d#-#f-#f#-#c#bf#.flac,voicemail,16000,1,5.8049375,FLAC,116149
train,3229,human_tts_00155.wav,human_tts_#.wav,human,16000,1,1.824,WAV,58412
train,3230,0dd82973-4e3f-44de-b6a2-19aba66fc26f.flac,#dd#-#e#f-#de-b#a#-#aba#fc#f.flac,answering_machine,16000,1,2.56,FLAC,42911
train,3231,am_00256.wav,am_#.wav,answering_machine,16000,1,10.0,WAV,320044
train,3232,incomplete_37dc5541830446abb475810dd5477d22.flac,incomplete_#dc#abb#dd#d#.flac,human,16000,1,3.88375,FLAC,63732
train,3233,incomplete_8d6ba076-235b-4ca7-8d9b-bfb786dec0ad_normalized.flac,incomplete_#d#ba#-#b-#ca#-#d#b-bfb#dec#ad_normalized.flac,human,16000,1,3.904,FLAC,69778
train,3234,0e7f3f3b-b675-4884-a838-d95594a75e3c.flac,#e#f#f#b-b#-#-a#-d#a#e#c.flac,voicemail,16000,1,15.534875,FLAC,329125
train,3235,complete_771d6bea1c554a7597ddaab69b16fdb8.flac,complete_#d#bea#c#a#ddaab#b#fdb#.flac,human,16000,1,5.18825,FLAC,91098
train,3236,1d1bffec-a0f7-4064-9fa9-37c6b505fe78.flac,#d#bffec-a#f#-#-#fa#-#c#b#fe#.flac,voicemail,16000,1,16.0,FLAC,299704
train,3237,12c8cfed-0763-4fdc-9574-bff504ee0cb9.flac,#c#cfed-#-#fdc-#-bff#ee#cb#.flac,voicemail,16000,1,11.201875,FLAC,207931
train,3238,0fca799c-1019-4ba3-9bbb-810a0238d095.flac,#fca#c-#-#ba#-#bbb-#a#d#.flac,answering_machine,16000,1,16.0,FLAC,287121
train,3239,incomplete_905d597e-b60b-4794-b004-d150a32b6f49_normalized.flac,incomplete_#d#e-b#b-#-b#-d#a#b#f#_normalized.flac,human,16000,1,6.42875,FLAC,134657
train,3240,human_tts_00143.wav,human_tts_#.wav,human,16000,1,2.376,WAV,76076
train,3241,de_voicemail_00485.wav,de_voicemail_#.wav,voicemail,16000,1,8.497625,WAV,271968
train,3242,03365b37-f5a7-436b-9aa6-e76732b6c851.flac,#b#-f#a#-#b-#aa#-e#b#c#.flac,ivr,16000,1,3.72,FLAC,76759
train,3243,00edcd49-d2f8-43cb-a1cc-d429b08a1a0c.flac,#edcd#-d#f#-#cb-a#cc-d#b#a#a#c.flac,ivr,16000,1,3.8,FLAC,77543
train,3244,voicemail_00266.wav,voicemail_#.wav,voicemail,16000,1,8.7934375,WAV,281434
train,3245,1a024272-ba2c-4b57-b665-fba263221e69.flac,#a#-ba#c-#b#-b#-fba#e#.flac,answering_machine,16000,1,10.8498125,FLAC,223233
train,3246,00523553-cc90-48b4-9b87-70660216dd75.flac,#-cc#-#b#-#b#-#dd#.flac,ivr,16000,1,10.56,FLAC,201278
train,3247,102407aa-7349-434c-aed7-7fc49335e34c.flac,#aa-#-#c-aed#-#fc#e#c.flac,answering_machine,16000,1,3.4265625,FLAC,61684
train,3248,1999639c-c033-4d71-8ec7-ddab604208f2.flac,#c-c#-#d#-#ec#-ddab#f#.flac,answering_machine,16000,1,9.343,FLAC,178280
train,3249,17089c2a-cf87-40f5-b4c6-e5f786d69026.flac,#c#a-cf#-#f#-b#c#-e#f#d#.flac,answering_machine,16000,1,10.92425,FLAC,221723
train,3250,incomplete_137425eb-bc0c-4a4b-8fcd-ef921c49a684_normalized.flac,incomplete_#eb-bc#c-#a#b-#fcd-ef#c#a#_normalized.flac,human,16000,1,3.909375,FLAC,71195
train,3251,carrier_de_answering_machine_00385.wav,carrier_de_answering_machine_#.wav,answering_machine,16000,1,9.116125,WAV,291760
train,3252,1356976d-586d-43eb-bcd6-070b51f8acd4.flac,#d-#d-#eb-bcd#-#b#f#acd#.flac,answering_machine,16000,1,4.1529375,FLAC,70806
train,3253,1546f7a0-bbc2-4592-a88a-c85b64bc7e06.flac,#f#a#-bbc#-#-a#a-c#b#bc#e#.flac,voicemail,16000,1,3.3595625,FLAC,67113
train,3254,08e33908-d96d-4210-ac6f-d05f2d1ad782.flac,#e#-d#d-#-ac#f-d#f#d#ad#.flac,voicemail,16000,1,13.1149375,FLAC,257442
train,3255,12a9fcd8-d506-4c49-8ac8-dd0bfa048e18.flac,#a#fcd#-d#-#c#-#ac#-dd#bfa#e#.flac,answering_machine,16000,1,15.049,FLAC,275073
train,3256,00d00c21-3bbb-4943-9453-abf3b6fd39ca.flac,#d#c#-#bbb-#-#-abf#b#fd#ca.flac,ivr,16000,1,3.16,FLAC,63147
train,3257,0ee69f6d-a463-4912-80a5-634d5ab8abe9.flac,#ee#f#d-a#-#-#a#-#d#ab#abe#.flac,voicemail,16000,1,16.0,FLAC,274033
train,3258,0c6ac459-4e21-4721-83a3-b600d7571266.flac,#c#ac#-#e#-#-#a#-b#d#.flac,voicemail,16000,1,11.1664375,FLAC,210960
train,3259,voicemail_00130.wav,voicemail_#.wav,voicemail,16000,1,9.7773125,WAV,312918
train,3260,es_voicemail_00341.wav,es_voicemail_#.wav,voicemail,16000,1,7.843625,WAV,251040
train,3261,01157d1d-8972-411e-ba00-9ab8620904df.flac,#d#d-#-#e-ba#-#ab#df.flac,ivr,16000,1,10.12,FLAC,211414
train,3262,incomplete_ba9ef205db764d8cbadb8fea88d9eb15.flac,incomplete_ba#ef#db#d#cbadb#fea#d#eb#.flac,human,16000,1,4.0581875,FLAC,44711
train,3263,0d5214cf-a448-4fd2-b856-bbeac1522092.flac,#d#cf-a#-#fd#-b#-bbeac#.flac,voicemail,16000,1,11.5971875,FLAC,246339
train,3264,response_20.wav,response_#.wav,human,8000,1,4.181375,WAV,33510
train,3265,074ba752-5abb-4e62-bd91-f545fe138d28.flac,#ba#-#abb-#e#-bd#-f#fe#d#.flac,voicemail,16000,1,4.2608125,FLAC,63978
train,3266,0314ad1f-20e5-4c77-811b-364c3b5e46b4.flac,#ad#f-#e#-#c#-#b-#c#b#e#b#.flac,ivr,16000,1,8.44,FLAC,174584
train,3267,0038622a-48a1-4217-a3a3-961275c73b0d.flac,#a-#a#-#-a#a#-#c#b#d.flac,ivr,16000,1,7.32,FLAC,137593
train,3268,022bdfe4-cfcb-45f2-9c5d-3b37519f0ceb.flac,#bdfe#-cfcb-#f#-#c#d-#b#f#ceb.flac,ivr,16000,1,15.2,FLAC,305252
train,3269,human_tts_00048.wav,human_tts_#.wav,human,16000,1,2.64,WAV,84524
train,3270,071acab1-44c4-4000-bb6f-383b61711b3b.flac,#acab#-#c#-#-bb#f-#b#b#b.flac,voicemail,16000,1,9.148625,FLAC,172327
train,3271,0f6c4c29-8736-4c77-8986-20268162013c.flac,#f#c#c#-#-#c#-#-#c.flac,answering_machine,16000,1,7.482625,FLAC,146465
train,3272,de_am_00542.wav,de_am_#.wav,answering_machine,16000,1,10.0,WAV,320044
train,3273,00b39d42-813d-4284-80a4-af853afd097f.flac,#b#d#-#d-#-#a#-af#afd#f.flac,ivr,16000,1,5.32,FLAC,98761
train,3274,response_10.wav,response_#.wav,human,8000,1,8.021375,WAV,64230
train,3275,02304cd0-a245-42cb-80e4-54f6f99cd2b0.flac,#cd#-a#-#cb-#e#-#f#f#cd#b#.flac,ivr,16000,1,3.96,FLAC,77973
train,3276,0d930852-a085-4801-a856-13fcbd59eda1.flac,#d#-a#-#-a#-#fcbd#eda#.flac,voicemail,16000,1,4.1064375,FLAC,73737
train,3277,0191ecb8-d63b-4875-878a-740a1b9d3c91.flac,#ecb#-d#b-#-#a-#a#b#d#c#.flac,ivr,16000,1,6.28,FLAC,112352
train,3278,018116e3-78e7-4f00-9fdf-1128f4e1e7dc.flac,#e#-#e#-#f#-#fdf-#f#e#e#dc.flac,answering_machine,16000,1,4.26,FLAC,93268
train,3279,024572ae-5334-4841-8bd5-c627232c6fd7.flac,#ae-#-#-#bd#-c#c#fd#.flac,ivr,16000,1,5.44,FLAC,115425
train,3280,13487030-473d-4c2b-bfd1-3a0bfd9887ad.flac,#-#d-#c#b-bfd#-#a#bfd#ad.flac,voicemail,16000,1,15.3545625,FLAC,319924
train,3281,08a9938e-d3fb-4fdf-b39e-68911a147510.flac,#a#e-d#fb-#fdf-b#e-#a#.flac,voicemail,16000,1,12.8536875,FLAC,241720
train,3282,carrier_en_human_00390.wav,carrier_en_human_#.wav,human,16000,1,1.656,WAV,53036
train,3283,0c984a9a-b534-4725-93b7-d07bcb80eed6.flac,#c#a#a-b#-#-#b#-d#bcb#eed#.flac,voicemail,16000,1,13.4389375,FLAC,263260
train,3284,human_tts_00034.wav,human_tts_#.wav,human,16000,1,2.88,WAV,92204
train,3285,09c033c6-0e6f-409d-859e-c4f41f6e34f6.flac,#c#c#-#e#f-#d-#e-c#f#f#e#f#.flac,voicemail,16000,1,12.63825,FLAC,261864
train,3286,voicemail_00142.wav,voicemail_#.wav,voicemail,16000,1,10.0,WAV,320044
train,3287,carrier_en_human_00394.wav,carrier_en_human_#.wav,human,16000,1,2.64,WAV,84524
train,3288,01916039-317a-42a4-8390-c6ac788c8c69.flac,#-#a-#a#-#-c#ac#c#c#.flac,ivr,16000,1,8.44,FLAC,155064
train,3289,complete_d0ae0f8a-2ea9-4de3-bd96-a18f2bd5184e_normalized.flac,complete_d#ae#f#a-#ea#-#de#-bd#-a#f#bd#e_normalized.flac,human,16000,1,4.951875,FLAC,91612
train,3290,fr_am_00221.wav,fr_am_#.wav,answering_machine,16000,1,10.0,WAV,320044
train,3291,040a95ad-0b64-4dd3-8e57-19fae07511fa.flac,#a#ad-#b#-#dd#-#e#-#fae#fa.flac,answering_machine,16000,1,7.0826875,FLAC,141847
train,3292,0563bcae-70bc-4aaa-b3d6-5a08720b56ae.flac,#bcae-#bc-#aaa-b#d#-#a#b#ae.flac,answering_machine,16000,1,12.4935,FLAC,228909
train,3293,complete_881f73f4-8c6a-4acd-a1c3-b38e036cb916_normalized.flac,complete_#f#f#-#c#a-#acd-a#c#-b#e#cb#_normalized.flac,human,16000,1,2.60625,FLAC,57656
train,3294,16c7c5ba-081d-4017-85a7-8ad45823baf2.flac,#c#c#ba-#d-#-#a#-#ad#baf#.flac,voicemail,16000,1,14.903,FLAC,319219
train,3295,es_human_real_00246.wav,es_human_real_#.wav,human,16000,1,4.096,WAV,131116
train,3296,es_ivr_00346.wav,es_ivr_#.wav,ivr,16000,1,7.488,WAV,239660
train,3297,009de9f9-3ec5-4b32-9469-332de805e4cf.flac,#de#f#-#ec#-#b#-#-#de#e#cf.flac,ivr,16000,1,6.28,FLAC,120549
train,3298,human_real_00035.wav,human_real_#.wav,human,16000,1,6.570625,WAV,210304
train,3299,ivr_00092.wav,ivr_#.wav,ivr,16000,1,9.18575,WAV,293988
train,3300,01ed636c-d281-467a-9f11-481c9ca31038.flac,#ed#c-d#-#a-#f#-#c#ca#.flac,voicemail,16000,1,11.445625,FLAC,231223
train,3301,602665d7c7abb7f8321383e8.wav,#d#c#abb#f#e#.wav,human,8000,1,6.485375,WAV,51942
train,3302,0b011752-5a11-4202-a40d-cf784d82b57f.flac,#b#-#a#-#-a#d-cf#d#b#f.flac,voicemail,16000,1,11.336375,FLAC,220552
train,3303,13e8983f-ed06-4737-ba60-f33b01f40139.flac,#e#f-ed#-#-ba#-f#b#f#.flac,answering_machine,16000,1,13.071875,FLAC,252868
train,3304,02703491-1a92-4e36-b117-87cba8ed2684.flac,#-#a#-#e#-b#-#cba#ed#.flac,ivr,16000,1,10.0,FLAC,218029
train,3305,am_00380.wav,am_#.wav,answering_machine,16000,1,7.5191875,WAV,240658
train,3306,fr_human_real_00064.wav,fr_human_real_#.wav,human,16000,1,3.065,WAV,98124
train,3307,0f1d58f9-3db4-4920-a0f5-8e938cd0131f.flac,#f#d#f#-#db#-#-a#f#-#e#cd#f.flac,voicemail,16000,1,16.0,FLAC,320437
train,3308,10610d47-02dd-465d-9168-795f64e1974b.flac,#d#-#dd-#d-#-#f#e#b.flac,voicemail,16000,1,13.8520625,FLAC,234058
train,3309,am_00071.wav,am_#.wav,answering_machine,16000,1,9.8733125,WAV,315990
train,3310,response_24.wav,response_#.wav,human,8000,1,12.544,WAV,100410
train,3311,60268fa3c7abb7f832138cee.wav,#fa#c#abb#f#cee.wav,human,8000,1,17.18275,WAV,137520
train,3312,1b867d25-bcbc-4576-9172-f500389e5347.flac,#b#d#-bcbc-#-#-f#e#.flac,answering_machine,16000,1,9.3866875,FLAC,194310
train,3313,0216f986-9b7d-4a30-878b-3b246ba1f939.flac,#f#-#b#d-#a#-#b-#b#ba#f#.flac,ivr,16000,1,4.64,FLAC,92149
train,3314,03aec63c-3c19-473f-8fb6-073d2623fdcc.flac,#aec#c-#c#-#f-#fb#-#d#fdcc.flac,answering_machine,16000,1,8.533375,FLAC,172105
train,3315,007b6e26-5ca0-4df3-835d-1d6afe6bfa3f.flac,#b#e#-#ca#-#df#-#d-#d#afe#bfa#f.flac,ivr,16000,1,7.4,FLAC,130868
train,3316,human_real_00015.wav,human_real_#.wav,human,16000,1,4.864,WAV,155692
train,3317,human_tts_00113.wav,human_tts_#.wav,human,16000,1,1.8,WAV,57644
train,3318,15163982-ef19-4d65-ab36-d53ac398457a.flac,#-ef#-#d#-ab#-d#ac#a.flac,voicemail,16000,1,8.3243125,FLAC,152081
train,3319,CAeee7aece688e97d29ae87a59b7bb0fb2_8.wav,CAeee#aece#e#d#ae#a#b#bb#fb#_#.wav,human,8000,1,14.16,WAV,113338
train,3320,complete_987ece39-ee1a-4eee-80ac-18d4da42a3d3_normalized.flac,complete_#ece#-ee#a-#eee-#ac-#d#da#a#d#_normalized.flac,human,16000,1,2.816625,FLAC,56247
train,3321,004ac266-1bf6-4174-a1d5-b136d1feed0a.flac,#ac#-#bf#-#-a#d#-b#d#feed#a.flac,ivr,16000,1,5.44,FLAC,105006
train,3322,fr_voicemail_00156.wav,fr_voicemail_#.wav,voicemail,16000,1,7.2458125,WAV,231910
train,3323,006a0dbc-db0a-4b62-aa9a-4f727df7a5b0.flac,#a#dbc-db#a-#b#-aa#a-#f#df#a#b#.flac,ivr,16000,1,6.16,FLAC,124742
train,3324,0163b369-1513-4f4f-aa20-07d7b102bfc8.flac,#b#-#-#f#f-aa#-#d#b#bfc#.flac,ivr,16000,1,9.56,FLAC,171937
train,3325,03161b9e-419f-4ac1-9373-dc8fbc6fcf44.flac,#b#e-#f-#ac#-#-dc#fbc#fcf#.flac,ivr,16000,1,7.2,FLAC,148167
train,3326,60266680c7abb7f8321384c4.wav,#c#abb#f#c#.wav,human,8000,1,5.632,WAV,45114
train,3327,06028cfb-2ab2-4052-97b9-8ad9da9ea6f6.flac,#cfb-#ab#-#-#b#-#ad#da#ea#f#.flac,answering_machine,16000,1,12.5526875,FLAC,236120
train,3328,1175f428-24b0-4d1f-9494-dacb6e7c7fcf.flac,#f#-#b#-#d#f-#-dacb#e#c#fcf.flac,voicemail,16000,1,4.3520625,FLAC,66164
train,3329,0260148d-ec78-4716-b1e1-5c4f9e879fdd.flac,#d-ec#-#-b#e#-#c#f#e#fdd.flac,answering_machine,16000,1,14.312375,FLAC,296871
train,3330,13b98145-b5b7-496f-b7b9-8103d3a51075.flac,#b#-b#b#-#f-b#b#-#d#a#.flac,answering_machine,16000,1,3.650125,FLAC,47840
train,3331,human_real_00063.wav,human_real_#.wav,human,16000,1,5.717375,WAV,183000
train,3332,01f9e02e-f952-458f-91cb-412fa913065c.flac,#f#e#e-f#-#f-#cb-#fa#c.flac,ivr,16000,1,4.12,FLAC,94049
train,3333,60268eafc7abb7f832138b22.wav,#eafc#abb#f#b#.wav,human,8000,1,8.173375,WAV,65446
train,3334,0fcc76d5-994a-4805-9a7c-0e5cf0768b93.flac,#fcc#d#-#a-#-#a#c-#e#cf#b#.flac,voicemail,16000,1,12.561625,FLAC,266391
train,3335,incomplete_8c0391d5-4bec-4532-ad6b-631606cf8974_normalized.flac,incomplete_#c#d#-#bec-#-ad#b-#cf#_normalized.flac,human,16000,1,6.08,FLAC,119491
train,3336,19bc5f83-580d-449e-b7b2-404324d6098e.flac,#bc#f#-#d-#e-b#b#-#d#e.flac,voicemail,16000,1,6.42,FLAC,136072
train,3337,00fd41c4-8d7d-4962-a0f0-27cd8a4e8369.flac,#fd#c#-#d#d-#-a#f#-#cd#a#e#.flac,ivr,16000,1,13.24,FLAC,280711
train,3338,013beb99-c5ae-4eaa-998a-c79cec3e3379.flac,#beb#-c#ae-#eaa-#a-c#cec#e#.flac,ivr,16000,1,4.96,FLAC,97637
train,3339,09b39146-41e7-4a35-8a98-31a581b08220.flac,#b#-#e#-#a#-#a#-#a#b#.flac,answering_machine,16000,1,13.0115,FLAC,266400
train,3340,0b21f09c-d9c2-4195-b463-21d8beacfffa.flac,#b#f#c-d#c#-#-b#-#d#beacfffa.flac,answering_machine,16000,1,6.997375,FLAC,135559
train,3341,1453ce9c-9854-4996-b366-3ef68887de5d.flac,#ce#c-#-#-b#-#ef#de#d.flac,answering_machine,16000,1,8.854,FLAC,208051
train,3342,078a5885-f107-434d-9855-260c3f5e06dc.flac,#a#-f#-#d-#-#c#f#e#dc.flac,voicemail,16000,1,10.5539375,FLAC,229156
train,3343,01df6793-d518-40e5-9524-567fc8885e46.flac,#df#-d#-#e#-#-#fc#e#.flac,ivr,16000,1,6.88,FLAC,141908
train,3344,0b9926fd-0bf5-4945-90e6-952265528c17.flac,#b#fd-#bf#-#-#e#-#c#.flac,answering_machine,16000,1,13.7240625,FLAC,290497
train,3345,ivr_00216.wav,ivr_#.wav,ivr,16000,1,10.0,WAV,320044
train,3346,complete_c8bb2cdf-7d91-4c34-a17e-d512bf0d2b7b_normalized.flac,complete_c#bb#cdf-#d#-#c#-a#e-d#bf#d#b#b_normalized.flac,human,16000,1,5.16,FLAC,74212
train,3347,15e64a58-ccc9-4112-8589-126558229e54.flac,#e#a#-ccc#-#-#-#e#.flac,answering_machine,16000,1,4.0106875,FLAC,80672
train,3348,complete_cf8a5da6-30b8-4d12-9eb8-83c3ddcc4c53_normalized.flac,complete_cf#a#da#-#b#-#d#-#eb#-#c#ddcc#c#_normalized.flac,human,16000,1,3.388125,FLAC,72508
train,3349,00b8675c-ec50-4490-b3bd-73e3d90acae7.flac,#b#c-ec#-#-b#bd-#e#d#acae#.flac,ivr,16000,1,5.84,FLAC,111618
train,3350,02eeab74-6dee-432c-99ab-839f93a6e3e5.flac,#eeab#-#dee-#c-#ab-#f#a#e#e#.flac,ivr,16000,1,8.16,FLAC,170022
train,3351,incomplete_8584c563-d93a-4a88-ab3a-6ddd7c569b88_normalized.flac,incomplete_#c#-d#a-#a#-ab#a-#ddd#c#b#_normalized.flac,human,16000,1,6.4125,FLAC,127226
train,3352,response_1.wav,response_#.wav,human,8000,1,6.4,WAV,51258
train,3353,0887b4e2-ccc3-4b7c-a8f4-bd6d239464e8.flac,#b#e#-ccc#-#b#c-a#f#-bd#d#e#.flac,answering_machine,16000,1,5.3505,FLAC,86390
train,3354,carrier_fr_answering_machine_00143.wav,carrier_fr_answering_machine_#.wav,answering_machine,16000,1,9.4193125,WAV,301462
train,3355,06328e57-35b3-467c-bd02-2843dfbaa082.flac,#e#-#b#-#c-bd#-#dfbaa#.flac,voicemail,16000,1,9.6985625,FLAC,204625
train,3356,response_1.wav,response_#.wav,human,8000,1,4.608,WAV,36922
train,3357,0274670d-c014-407b-97db-140468f014aa.flac,#d-c#-#b-#db-#f#aa.flac,ivr,16000,1,4.92,FLAC,111678
train,3358,de_am_00526.wav,de_am_#.wav,answering_machine,16000,1,9.0279375,WAV,288938
train,3359,0031f852-870e-4c7b-a9f6-d31d9bfc3eeb.flac,#f#-#e-#c#b-a#f#-d#d#bfc#eeb.flac,ivr,16000,1,8.8,FLAC,190713
train,3360,0281a3c5-de52-4c95-b996-ffd440636210.flac,#a#c#-de#-#c#-b#-ffd#.flac,answering_machine,16000,1,5.7576875,FLAC,117541
train,3361,0044a2d2-abb1-4f2e-b347-052e7c70e763.flac,#a#d#-abb#-#f#e-b#-#e#c#e#.flac,ivr,16000,1,4.96,FLAC,103399
train,3362,1abbb118-4514-435e-b7da-959e9c0f00d3.flac,#abbb#-#-#e-b#da-#e#c#f#d#.flac,answering_machine,16000,1,3.508875,FLAC,55641
train,3363,16b0435e-fdc5-4032-97cd-74b596451901.flac,#b#e-fdc#-#-#cd-#b#.flac,voicemail,16000,1,10.0916875,FLAC,188764
train,3364,response_37.wav,response_#.wav,human,8000,1,19.968,WAV,159802
train,3365,voicemail_00180.wav,voicemail_#.wav,voicemail,16000,1,10.0,WAV,320044
train,3366,02147335-aa98-411d-b8d8-6b9662afd01a.flac,#-aa#-#d-b#d#-#b#afd#a.flac,ivr,16000,1,9.16,FLAC,178836
train,3367,ivr_00203.wav,ivr_#.wav,ivr,16000,1,10.0,WAV,320044
train,3368,incomplete_359e2418-69bc-487e-b81d-8f71ee17c45d_normalized.flac,incomplete_#e#-#bc-#e-b#d-#f#ee#c#d_normalized.flac,human,16000,1,3.36,FLAC,60970
train,3369,60268cf6c7abb7f8321389e6.wav,#cf#c#abb#f#e#.wav,human,8000,1,18.2045,WAV,145694
train,3370,voicemail_00202.wav,voicemail_#.wav,voicemail,16000,1,10.0,WAV,320044
train,3371,am_00211.wav,am_#.wav,answering_machine,16000,1,10.0,WAV,320044
train,3372,0a5bd2e8-9352-4838-82df-10fe2c371b98.flac,#a#bd#e#-#-#-#df-#fe#c#b#.flac,voicemail,16000,1,5.7120625,FLAC,93958
train,3373,006eefc0-921f-494e-a170-c7e102ff169d.flac,#eefc#-#f-#e-a#-c#e#ff#d.flac,ivr,16000,1,4.6,FLAC,95764
train,3374,0348678b-fb88-4315-95b4-dbef909762a4.flac,#b-fb#-#-#b#-dbef#a#.flac,ivr,16000,1,4.6,FLAC,89746
train,3375,0278dd9d-ea5e-4494-a83d-10febb208d09.flac,#dd#d-ea#e-#-a#d-#febb#d#.flac,ivr,16000,1,9.24,FLAC,178529
train,3376,1b7a59e7-e609-457c-8caa-f28063dc6e3b.flac,#b#a#e#-e#-#c-#caa-f#dc#e#b.flac,answering_machine,16000,1,4.5863125,FLAC,85287
train,3377,1af5c892-19e6-476a-8664-fc950c9d9c70.flac,#af#c#-#e#-#a-#-fc#c#d#c#.flac,voicemail,16000,1,5.09675,FLAC,99940
train,3378,60268aefdc3604f481bcb70b.wav,#aefdc#f#bcb#b.wav,human,8000,1,17.834625,WAV,142736
train,3379,03344272-3b9c-42d6-8500-220398c4a84b.flac,#-#b#c-#d#-#-#c#a#b.flac,ivr,16000,1,8.24,FLAC,153628
train,3380,0fcfc805-591b-4428-97a8-7e001c8a098a.flac,#fcfc#-#b-#-#a#-#e#c#a#a.flac,answering_machine,16000,1,11.52,FLAC,227784
train,3381,014f10d3-0b7c-46ec-ab1f-1501bfc238b3.flac,#f#d#-#b#c-#ec-ab#f-#bfc#b#.flac,ivr,16000,1,10.56,FLAC,208814
train,3382,6026613ac7abb7f832138182.wav,#ac#abb#f#.wav,human,8000,1,4.949375,WAV,39654
train,3383,00e47797-38aa-44c7-af6c-2d45bf10791c.flac,#e#-#aa-#c#-af#c-#d#bf#c.flac,ivr,16000,1,7.84,FLAC,147574
train,3384,0286789c-1f96-4a00-a164-f16bbf4ce890.flac,#c-#f#-#a#-a#-f#bbf#ce#.flac,voicemail,16000,1,3.7054375,FLAC,69080
train,3385,07d8c385-108f-4882-8993-33d0e38a2a90.flac,#d#c#-#f-#-#-#d#e#a#a#.flac,voicemail,16000,1,11.4,FLAC,217240
train,3386,08edc834-f923-4be1-a10e-25758d23af7f.flac,#edc#-f#-#be#-a#e-#d#af#f.flac,voicemail,16000,1,12.5316875,FLAC,235692
train,3387,12ab9823-a520-4ab7-ac67-2ee7b83cd06a.flac,#ab#-a#-#ab#-ac#-#ee#b#cd#a.flac,voicemail,16000,1,4.0971875,FLAC,79012
train,3388,1d57f673-c670-4626-b05c-c6747f3951a8.flac,#d#f#-c#-#-b#c-c#f#a#.flac,answering_machine,16000,1,2.77325,FLAC,41626
train,3389,10b2f4c7-d2e4-4026-9601-9e05837001f1.flac,#b#f#c#-d#e#-#-#-#e#f#.flac,answering_machine,16000,1,7.68,FLAC,157243
train,3390,complete_2192cdeaa25a4040a8065b481df33635.flac,complete_#cdeaa#a#a#b#df#.flac,human,16000,1,1.43025,FLAC,18676
train,3391,6026621ac7abb7f8321381d2.wav,#ac#abb#f#d#.wav,human,8000,1,19.712,WAV,157754
train,3392,response_18.wav,response_#.wav,human,8000,1,4.437375,WAV,35558
train,3393,carrier_es_voicemail_00225.wav,carrier_es_voicemail_#.wav,voicemail,16000,1,9.772,WAV,312748
train,3394,fr_human_real_00056.wav,fr_human_real_#.wav,human,16000,1,6.912,WAV,221228
train,3395,018bcd7a-e6a1-46bc-9d86-966bff96fb47.flac,#bcd#a-e#a#-#bc-#d#-#bff#fb#.flac,ivr,16000,1,6.0,FLAC,111581
train,3396,113ab672-a9c2-4021-9108-c0ed1514d02c.flac,#ab#-a#c#-#-#-c#ed#d#c.flac,voicemail,16000,1,13.7610625,FLAC,283707
train,3397,complete_ee86ae5a-578e-4c89-ae67-d841aada40a0_normalized.flac,complete_ee#ae#a-#e-#c#-ae#-d#aada#a#_normalized.flac,human,16000,1,6.9,FLAC,111565
train,3398,am_00150.wav,am_#.wav,answering_machine,16000,1,10.0,WAV,320044
train,3399,complete_48c4287d-c8a2-4f7a-92d7-8c2a4a8c04f3_normalized.flac,complete_#c#d-c#a#-#f#a-#d#-#c#a#a#c#f#_normalized.flac,human,16000,1,4.49625,FLAC,83118
train,3400,1d11f63d-2402-47d9-ada9-546529b947a3.flac,#d#f#d-#-#d#-ada#-#b#a#.flac,answering_machine,16000,1,2.164,FLAC,39741
train,3401,0a6d6f6c-8eb9-4ee7-a219-3600c9712186.flac,#a#d#f#c-#eb#-#ee#-a#-#c#.flac,voicemail,16000,1,4.713625,FLAC,92100
train,3402,0e45ba58-ac51-47e1-81c8-573de3910285.flac,#e#ba#-ac#-#e#-#c#-#de#.flac,answering_machine,16000,1,7.06,FLAC,148462
train,3403,fr_human_tts_00085.wav,fr_human_tts_#.wav,human,16000,1,3.504,WAV,112172
train,3404,1afdcf21-305d-45b7-b952-46e1a5548133.flac,#afdcf#-#d-#b#-b#-#e#a#.flac,voicemail,16000,1,13.8921875,FLAC,291734
train,3405,027e0792-81d6-43db-a2f3-afb7d323eaf4.flac,#e#-#d#-#db-a#f#-afb#d#eaf#.flac,ivr,16000,1,6.88,FLAC,122141
train,3406,am_00364.wav,am_#.wav,answering_machine,16000,1,10.0,WAV,320044
train,3407,incomplete_46a1d366-b002-4aa0-aac6-8d2456cc69df_normalized.flac,incomplete_#a#d#-b#-#aa#-aac#-#d#cc#df_normalized.flac,human,16000,1,5.66,FLAC,83879
train,3408,01736bde-7e73-4707-ae33-2e7b8946e5f7.flac,#bde-#e#-#-ae#-#e#b#e#f#.flac,ivr,16000,1,5.32,FLAC,123110
train,3409,1a3e2dbb-4b35-42d1-a62e-b2e389815934.flac,#a#e#dbb-#b#-#d#-a#e-b#e#.flac,voicemail,16000,1,10.28625,FLAC,201241
train,3410,complete_77d35a05-2deb-48c0-a388-ee6e2d0d1180_normalized.flac,complete_#d#a#-#deb-#c#-a#-ee#e#d#d#_normalized.flac,human,16000,1,2.45525,FLAC,49610
train,3411,0c56de1f-586a-44ad-82a4-cfe5829d1b87.flac,#c#de#f-#a-#ad-#a#-cfe#d#b#.flac,answering_machine,16000,1,3.880375,FLAC,51604
train,3412,ivr_00070.wav,ivr_#.wav,ivr,16000,1,8.112,WAV,259628
train,3413,incomplete_aff48d09-96d2-413f-87de-056125a32013_normalized.flac,incomplete_aff#d#-#d#-#f-#de-#a#_normalized.flac,human,16000,1,6.22,FLAC,102191
train,3414,021d45d2-a6ce-4648-bf69-8d9fb786606d.flac,#d#d#-a#ce-#-bf#-#d#fb#d.flac,ivr,16000,1,9.56,FLAC,204824
train,3415,006a0bd4-b1c3-4eec-ae46-09c8c4722262.flac,#a#bd#-b#c#-#eec-ae#-#c#c#.flac,ivr,16000,1,9.88,FLAC,198269
train,3416,05509ad1-fe1f-4c07-bef0-9e9f50ff77f2.flac,#ad#-fe#f-#c#-bef#-#e#f#ff#f#.flac,voicemail,16000,1,12.85025,FLAC,261956
train,3417,0583b188-a7ed-4cce-ac4f-77c71129265a.flac,#b#-a#ed-#cce-ac#f-#c#a.flac,voicemail,16000,1,11.01225,FLAC,227447
train,3418,carrier_fr_answering_machine_00158.wav,carrier_fr_answering_machine_#.wav,answering_machine,16000,1,10.0,WAV,320044
train,3419,carrier_en_answering_machine_00510.wav,carrier_en_answering_machine_#.wav,answering_machine,16000,1,8.365875,WAV,267752
train,3420,182cadb6-33b6-4fbd-96e9-57a4b5c2d994.flac,#cadb#-#b#-#fbd-#e#-#a#b#c#d#.flac,voicemail,16000,1,11.966375,FLAC,245149
train,3421,complete_2b0990f2-4e33-43fb-9c21-6e15c23b5242_normalized.flac,complete_#b#f#-#e#-#fb-#c#-#e#c#b#_normalized.flac,human,16000,1,2.496,FLAC,51490
train,3422,carrier_fr_voicemail_00032.wav,carrier_fr_voicemail_#.wav,voicemail,16000,1,10.0,WAV,320044
train,3423,am_00213.wav,am_#.wav,answering_machine,16000,1,9.787375,WAV,313240
train,3424,am_00255.wav,am_#.wav,answering_machine,16000,1,10.0,WAV,320044
train,3425,031d67b7-8cbd-4592-83cd-83611ed1739e.flac,#d#b#-#cbd-#-#cd-#ed#e.flac,ivr,16000,1,4.48,FLAC,83227
train,3426,0015b7fa-db6b-48b9-8678-ba4495fff9c5.flac,#b#fa-db#b-#b#-#-ba#fff#c#.flac,ivr,16000,1,9.92,FLAC,213244
train,3427,0fd78861-5df5-46a3-8a74-a1c20d68d203.flac,#fd#-#df#-#a#-#a#-a#c#d#d#.flac,answering_machine,16000,1,4.864,FLAC,96332
train,3428,0c6ab1d5-9e16-4b02-bb17-8499f9052923.flac,#c#ab#d#-#e#-#b#-bb#-#f#.flac,answering_machine,16000,1,2.458625,FLAC,49752
train,3429,human_tts_00111.wav,human_tts_#.wav,human,16000,1,2.832,WAV,90668
train,3430,00e720c6-caea-454b-a909-db1c62518487.flac,#e#c#-caea-#b-a#-db#c#.flac,ivr,16000,1,7.68,FLAC,163167
train,3431,01216ea2-3aae-4132-9dbc-948d0cc939b3.flac,#ea#-#aae-#-#dbc-#d#cc#b#.flac,ivr,16000,1,6.4,FLAC,127022
train,3432,0159caa1-394c-4d6c-a1cb-8157cfecb322.flac,#caa#-#c-#d#c-a#cb-#cfecb#.flac,ivr,16000,1,11.8,FLAC,247683
train,3433,171d71bb-5b11-4c0f-84cb-db36d0a5b65f.flac,#d#bb-#b#-#c#f-#cb-db#d#a#b#f.flac,answering_machine,16000,1,16.0,FLAC,342067
train,3434,1c611442-4f6a-4cd5-bb5e-fa1f4e45cad1.flac,#c#-#f#a-#cd#-bb#e-fa#f#e#cad#.flac,voicemail,16000,1,14.9421875,FLAC,250548
train,3435,complete_7bbd0e551ca24492a5cea7f8de8898a8.flac,complete_#bbd#e#ca#a#cea#f#de#a#.flac,human,16000,1,1.52325,FLAC,24030
train,3436,1b7d51bb-4412-403d-a58e-fc96418e3344.flac,#b#d#bb-#-#d-a#e-fc#e#.flac,answering_machine,16000,1,8.533375,FLAC,179900
train,3437,voicemail_00156.wav,voicemail_#.wav,voicemail,16000,1,9.3536875,WAV,299362
train,3438,03e70e4d-78f6-452b-b093-79276852a9d4.flac,#e#e#d-#f#-#b-b#-#a#d#.flac,voicemail,16000,1,13.324625,FLAC,289468
train,3439,00b8406d-c368-429d-a550-6078d716f08b.flac,#b#d-c#-#d-a#-#d#f#b.flac,ivr,16000,1,10.84,FLAC,229910
train,3440,complete_21c6251b-4f66-4814-97a6-fbccd94a7a09_normalized.flac,complete_#c#b-#f#-#-#a#-fbccd#a#a#_normalized.flac,human,16000,1,2.752,FLAC,61451
train,3441,6026632dc7abb7f832138266.wav,#dc#abb#f#.wav,human,8000,1,4.181375,WAV,33510
train,3442,voicemail_00211.wav,voicemail_#.wav,voicemail,16000,1,9.8036875,WAV,313762
train,3443,voicemail_00398.wav,voicemail_#.wav,voicemail,16000,1,10.0,WAV,320044
train,3444,024905c9-b887-4648-8742-01b5abb628f5.flac,#c#-b#-#-#-#b#abb#f#.flac,ivr,16000,1,4.36,FLAC,80407
train,3445,015ad0e8-6980-4318-b826-acccdbbfb073.flac,#ad#e#-#-#-b#-acccdbbfb#.flac,ivr,16000,1,3.64,FLAC,69970
train,3446,00c7ca0d-18eb-45d0-ac2c-0fa351bd6ecd.flac,#c#ca#d-#eb-#d#-ac#c-#fa#bd#ecd.flac,voicemail,16000,1,5.7353125,FLAC,113293
train,3447,response_42.wav,response_#.wav,human,8000,1,6.741375,WAV,53990
train,3448,602bad46963e11ccd901cdd6.wav,#bad#e#ccd#cdd#.wav,human,8000,1,5.034625,WAV,40336
train,3449,0a4cceca-7f66-4b60-8075-6014a2a8e3de.flac,#a#cceca-#f#-#b#-#-#a#a#e#de.flac,answering_machine,16000,1,5.5303125,FLAC,97594
train,3450,602666e3c7abb7f832138549.wav,#e#c#abb#f#.wav,human,8000,1,14.08,WAV,112698
train,3451,0b7933be-ffe4-48db-b5d1-1d9546bc79a6.flac,#b#be-ffe#-#db-b#d#-#d#bc#a#.flac,voicemail,16000,1,4.9185,FLAC,79757
train,3452,60266427c421a821df7c1724.wav,#c#a#df#c#.wav,human,8000,1,13.932,WAV,111514
train,3453,08661e3a-74bc-4034-970f-2d481d57a884.flac,#e#a-#bc-#-#f-#d#d#a#.flac,voicemail,16000,1,12.706,FLAC,234207
train,3454,0f5a9b2f-ad7b-41d9-aeb4-270f51ce69a8.flac,#f#a#b#f-ad#b-#d#-aeb#-#f#ce#a#.flac,voicemail,16000,1,5.4566875,FLAC,107259
train,3455,es_human_real_00283.wav,es_human_real_#.wav,human,16000,1,10.0,WAV,320044
train,3456,197718ab-d5ea-4b0d-b22b-0a0d5ffed986.flac,#ab-d#ea-#b#d-b#b-#a#d#ffed#.flac,voicemail,16000,1,12.8301875,FLAC,245082
train,3457,response_8.wav,response_#.wav,human,8000,1,12.458625,WAV,99728
train,3458,ivr_00040.wav,ivr_#.wav,ivr,16000,1,10.0,WAV,320044
train,3459,am_00214.wav,am_#.wav,answering_machine,16000,1,10.0,WAV,320044
train,3460,incomplete_5fac4fb2-13a0-483e-958f-4dc3a1305fed_normalized.flac,incomplete_#fac#fb#-#a#-#e-#f-#dc#a#fed_normalized.flac,human,16000,1,5.56,FLAC,87660
train,3461,091c8547-7ced-4cf1-893a-e58dfb6f0f65.flac,#c#-#ced-#cf#-#a-e#dfb#f#f#.flac,answering_machine,16000,1,13.3729375,FLAC,255735
train,3462,01f9246c-2799-46c0-9890-c4d790aadda3.flac,#f#c-#-#c#-#-c#d#aadda#.flac,answering_machine,16000,1,3.513,FLAC,74347
train,3463,0273bb12-b44f-499a-8429-dbb5226fd610.flac,#bb#-b#f-#a-#-dbb#fd#.flac,ivr,16000,1,7.36,FLAC,137881
train,3464,16122446-01f2-4de3-98ad-9e3558116dfb.flac,#-#f#-#de#-#ad-#e#dfb.flac,voicemail,16000,1,16.0,FLAC,309906
train,3465,human_real_00017.wav,human_real_#.wav,human,16000,1,5.632,WAV,180268
train,3466,incomplete_07727341-ff90-4e5d-a0c5-ff8fca637415_normalized.flac,incomplete_#-ff#-#e#d-a#c#-ff#fca#_normalized.flac,human,16000,1,3.436875,FLAC,71027
train,3467,response_39.wav,response_#.wav,human,8000,1,9.301375,WAV,74470
train,3468,60268fbac7abb7f832138d21.wav,#fbac#abb#f#d#.wav,human,8000,1,4.179625,WAV,33496
train,3469,0283e3fb-b2d7-463c-a895-f905ac496e35.flac,#e#fb-b#d#-#c-a#-f#ac#e#.flac,ivr,16000,1,17.68,FLAC,349996
train,3470,035f1883-9a94-4fc1-9f54-4eae0eab5b78.flac,#f#-#a#-#fc#-#f#-#eae#eab#b#.flac,ivr,16000,1,3.2,FLAC,62566
train,3471,carrier_en_ivr_00472.wav,carrier_en_ivr_#.wav,ivr,16000,1,10.0,WAV,320044
train,3472,02b85c78-1270-4080-a5df-eda1740f75af.flac,#b#c#-#-#-a#df-eda#f#af.flac,ivr,16000,1,7.92,FLAC,163451
train,3473,complete_18670bc7-4443-4526-8bce-933c54957e9a_normalized.flac,complete_#bc#-#-#-#bce-#c#e#a_normalized.flac,human,16000,1,4.672,FLAC,97595
train,3474,carrier_es_voicemail_00210.wav,carrier_es_voicemail_#.wav,voicemail,16000,1,9.0761875,WAV,290482
train,3475,1c405559-3f3f-4d5a-9a53-d2d823dd6ff9.flac,#c#-#f#f-#d#a-#a#-d#d#dd#ff#.flac,voicemail,16000,1,3.2611875,FLAC,40260
train,3476,incomplete_623e0066ba4341728b1dd263243fffe1.flac,incomplete_#e#ba#b#dd#fffe#.flac,human,16000,1,1.1860625,FLAC,14184
train,3477,05ef6dc2-1deb-4cdf-8b0e-fbb1fbec3f44.flac,#ef#dc#-#deb-#cdf-#b#e-fbb#fbec#f#.flac,voicemail,16000,1,11.4223125,FLAC,240011
train,3478,incomplete_0aff3803-2d1e-4bdd-a711-12e3e4f899a1_normalized.flac,incomplete_#aff#-#d#e-#bdd-a#-#e#e#f#a#_normalized.flac,human,16000,1,3.66625,FLAC,75927
train,3479,carrier_de_ivr_00355.wav,carrier_de_ivr_#.wav,ivr,16000,1,7.8,WAV,249644
train,3480,voicemail_00105.wav,voicemail_#.wav,voicemail,16000,1,10.0,WAV,320044
train,3481,029d0d1c-1ef8-48c3-90bb-c381758a1b55.flac,#d#d#c-#ef#-#c#-#bb-c#a#b#.flac,ivr,16000,1,8.44,FLAC,172503
train,3482,00c3945e-aa5d-480b-9bd0-52d66bb70048.flac,#c#e-aa#d-#b-#bd#-#d#bb#.flac,ivr,16000,1,13.96,FLAC,287458
train,3483,fr_am_00210.wav,fr_am_#.wav,answering_machine,16000,1,10.0,WAV,320044
train,3484,1c756fd7-023e-44a4-b1ff-fcdf2b62238a.flac,#c#fd#-#e-#a#-b#ff-fcdf#b#a.flac,voicemail,16000,1,3.140875,FLAC,65536
train,3485,1141ccda-db84-433a-80dc-3735f1899ec3.flac,#ccda-db#-#a-#dc-#f#ec#.flac,voicemail,16000,1,3.48425,FLAC,51603
train,3486,voicemail_00277.wav,voicemail_#.wav,voicemail,16000,1,10.0,WAV,320044
train,3487,human_tts_00002.wav,human_tts_#.wav,human,16000,1,4.2,WAV,134444
train,3488,155f2b51-bd96-4507-b673-fc4d9f7ebd06.flac,#f#b#-bd#-#-b#-fc#d#f#ebd#.flac,voicemail,16000,1,12.3875,FLAC,248734
train,3489,de_human_tts_00462.wav,de_human_tts_#.wav,human,16000,1,3.456,WAV,110636
train,3490,001d1b13-119a-4fec-a3bc-09f4e2593748.flac,#d#b#-#a-#fec-a#bc-#f#e#.flac,ivr,16000,1,7.0,FLAC,158454
train,3491,028d82a2-ab7d-4553-95a0-e2f164bb65fe.flac,#d#a#-ab#d-#-#a#-e#f#bb#fe.flac,ivr,16000,1,10.92,FLAC,211960
train,3492,00824ea3-b138-4e5f-8aa7-ed44926172d5.flac,#ea#-b#-#e#f-#aa#-ed#d#.flac,ivr,16000,1,6.84,FLAC,143764
train,3493,response_5.wav,response_#.wav,human,8000,1,3.072,WAV,24634
train,3494,10311901-b99d-4990-b79c-8bb0e18155aa.flac,#-b#d-#-b#c-#bb#e#aa.flac,answering_machine,16000,1,12.2740625,FLAC,246304
train,3495,0036dd03-fe11-4e64-b20b-71d33466c481.flac,#dd#-fe#-#e#-b#b-#d#c#.flac,ivr,16000,1,5.68,FLAC,112591
train,3496,60268f37dc3604f481bcb846.wav,#f#dc#f#bcb#.wav,human,8000,1,8.533375,WAV,68326
train,3497,00cb0051-5a93-410f-a5cb-7e4c54c7d195.flac,#cb#-#a#-#f-a#cb-#e#c#c#d#.flac,ivr,16000,1,6.2,FLAC,120899
train,3498,voicemail_00101.wav,voicemail_#.wav,voicemail,16000,1,7.3043125,WAV,233782
train,3499,027c6767-3993-4d55-9a5e-9f1183509f69.flac,#c#-#-#d#-#a#e-#f#f#.flac,ivr,16000,1,5.8,FLAC,128215
train,3500,009422c5-9823-4f5c-bed7-dc8f559904df.flac,#c#-#-#f#c-bed#-dc#f#df.flac,ivr,16000,1,2.88,FLAC,60890
train,3501,es_voicemail_00343.wav,es_voicemail_#.wav,voicemail,16000,1,8.8725625,WAV,283966
train,3502,004193a1-ef5e-4a66-9b51-b39de26c9dcb.flac,#a#-ef#e-#a#-#b#-b#de#c#dcb.flac,ivr,16000,1,8.32,FLAC,192550
train,3503,response_9.wav,response_#.wav,human,8000,1,4.010625,WAV,32144
train,3504,response_17.wav,response_#.wav,human,8000,1,9.6595,WAV,77334
train,3505,031dd998-1bdc-4b2e-8bd9-50bdaed732a3.flac,#dd#-#bdc-#b#e-#bd#-#bdaed#a#.flac,ivr,16000,1,7.76,FLAC,148457
train,3506,028a399d-2a69-4172-8fb3-8b796dad33b1.flac,#a#d-#a#-#-#fb#-#b#dad#b#.flac,ivr,16000,1,6.76,FLAC,127186
train,3507,053c3f58-12d4-4b12-9b7a-bbb6bb8b2156.flac,#c#f#-#d#-#b#-#b#a-bbb#bb#b#.flac,answering_machine,16000,1,5.1335625,FLAC,85401
train,3508,01714f4f-d9a9-4739-b356-7a7f8f472b26.flac,#f#f-d#a#-#-b#-#a#f#f#b#.flac,ivr,16000,1,6.8,FLAC,144337
train,3509,response_34.wav,response_#.wav,human,8000,1,7.850625,WAV,62864
train,3510,110442ce-0c3e-4267-b60d-2b1ceda18b5d.flac,#ce-#c#e-#-b#d-#b#ceda#b#d.flac,answering_machine,16000,1,3.584,FLAC,73363
train,3511,carrier_fr_human_00020.wav,carrier_fr_human_#.wav,human,16000,1,1.56,WAV,49964
train,3512,de_am_00535.wav,de_am_#.wav,answering_machine,16000,1,9.6610625,WAV,309198
train,3513,112612a9-bb64-402d-9b72-fc81d8a78e48.flac,#a#-bb#-#d-#b#-fc#d#a#e#.flac,answering_machine,16000,1,2.623125,FLAC,44344
train,3514,CAab5b6267d75ae7abf32058c89ef081b7_3.wav,CAab#b#d#ae#abf#c#ef#b#_#.wav,human,8000,1,12.56,WAV,100538
train,3515,0213d7d4-3405-4b65-b92d-ed958535dfbf.flac,#d#d#-#-#b#-b#d-ed#dfbf.flac,ivr,16000,1,14.16,FLAC,309025
train,3516,1d6a1ff7-dffc-43dc-b8ed-3d0e3b722c6a.flac,#d#a#ff#-dffc-#dc-b#ed-#d#e#b#c#a.flac,voicemail,16000,1,15.12225,FLAC,302027
train,3517,03500f59-6ba9-4925-b0dc-a423d2c99aca.flac,#f#-#ba#-#-b#dc-a#d#c#aca.flac,ivr,16000,1,4.24,FLAC,82987
train,3518,complete_d11e72bd-ca58-45d3-b941-376b3e59fdc2_normalized.flac,complete_d#e#bd-ca#-#d#-b#-#b#e#fdc#_normalized.flac,human,16000,1,5.38625,FLAC,106916
train,3519,17e65825-0254-4c55-88c4-018c6712d2c1.flac,#e#-#-#c#-#c#-#c#d#c#.flac,voicemail,16000,1,11.47175,FLAC,221128
train,3520,03219c95-de06-4a62-aa83-06c7d1ec1ed5.flac,#c#-de#-#a#-aa#-#c#d#ec#ed#.flac,ivr,16000,1,9.76,FLAC,195449
train,3521,incomplete_a65c81cdbf3b4faca9331ffbce8725de.flac,incomplete_a#c#cdbf#b#faca#ffbce#de.flac,human,16000,1,0.7441875,FLAC,11813
train,3522,carrier_fr_answering_machine_00147.wav,carrier_fr_answering_machine_#.wav,answering_machine,16000,1,8.493,WAV,271820
train,3523,01033650-9cf4-45d3-9274-8f0934fd808e.flac,#-#cf#-#d#-#-#f#fd#e.flac,answering_machine,16000,1,11.50725,FLAC,231708
train,3524,response_12.wav,response_#.wav,human,8000,1,18.773375,WAV,150246
train,3525,0305f362-ae5b-4ef0-a8ec-f6afcec7d0f2.flac,#f#-ae#b-#ef#-a#ec-f#afcec#d#f#.flac,ivr,16000,1,5.28,FLAC,101077
train,3526,fr_human_real_00007.wav,fr_human_real_#.wav,human,16000,1,4.352,WAV,139308
train,3527,es_human_real_00279.wav,es_human_real_#.wav,human,16000,1,3.498625,WAV,112000
train,3528,voicemail_00023.wav,voicemail_#.wav,voicemail,16000,1,9.84425,WAV,315060
train,3529,06f40bcb-8cb8-4b3d-b40d-75d15cf560b2.flac,#f#bcb-#cb#-#b#d-b#d-#d#cf#b#.flac,voicemail,16000,1,13.91075,FLAC,295327
train,3530,1a5efe8b-0d1a-4fe5-b399-808717c33349.flac,#a#efe#b-#d#a-#fe#-b#-#c#.flac,voicemail,16000,1,9.319125,FLAC,148046
train,3531,complete_8a36dcb7-6368-414b-84ce-3b5f9f081830_normalized.flac,complete_#a#dcb#-#-#b-#ce-#b#f#f#_normalized.flac,human,16000,1,5.824,FLAC,112843
train,3532,complete_c181efd9-43d4-4238-bf8a-1d66c5665d2f_normalized.flac,complete_c#efd#-#d#-#-bf#a-#d#c#d#f_normalized.flac,human,16000,1,2.4,FLAC,45799
train,3533,response_22.wav,response_#.wav,human,8000,1,13.096,WAV,104826
train,3534,016c1cec-0f85-4636-9d0a-32f5465e07c9.flac,#c#cec-#f#-#-#d#a-#f#e#c#.flac,ivr,16000,1,4.36,FLAC,92244
train,3535,1b43b8ea-711f-47ff-ad10-85a8051519d2.flac,#b#b#ea-#f-#ff-ad#-#a#d#.flac,answering_machine,16000,1,15.0179375,FLAC,294159
train,3536,response_5.wav,response_#.wav,human,8000,1,8.0805,WAV,64702
train,3537,05379894-f555-445b-9bda-65bd41d87941.flac,#-f#-#b-#bda-#bd#d#.flac,answering_machine,16000,1,5.461375,FLAC,131848
train,3538,140a476c-c32e-4843-85df-84b11b3b577f.flac,#a#c-c#e-#-#df-#b#b#b#f.flac,voicemail,16000,1,14.5435625,FLAC,282444
train,3539,14bfff14-67ee-4c0a-83a2-35a0272c11fd.flac,#bfff#-#ee-#c#a-#a#-#a#c#fd.flac,answering_machine,16000,1,12.495125,FLAC,242380
train,3540,00b2c198-1e49-4583-a166-0bf1f40c52b9.flac,#b#c#-#e#-#-a#-#bf#f#c#b#.flac,answering_machine,16000,1,15.3795,FLAC,339202
train,3541,02ecb131-72c3-46c9-bddd-7c9396e7ab8b.flac,#ecb#-#c#-#c#-bddd-#c#e#ab#b.flac,voicemail,16000,1,15.02575,FLAC,248650
train,3542,12dda53a-47a9-4ddf-9560-93d489e14839.flac,#dda#a-#a#-#ddf-#-#d#e#.flac,voicemail,16000,1,15.43125,FLAC,295987
train,3543,602664e4dc3604f481bcb498.wav,#e#dc#f#bcb#.wav,human,8000,1,9.728,WAV,77882
train,3544,00d0b905-edf6-4a5e-b66d-c50b4ad44461.flac,#d#b#-edf#-#a#e-b#d-c#b#ad#.flac,ivr,16000,1,7.84,FLAC,165363
train,3545,human_tts_00072.wav,human_tts_#.wav,human,16000,1,1.8,WAV,57644
train,3546,ivr_00006.wav,ivr_#.wav,ivr,16000,1,8.952,WAV,286508
train,3547,10667858-4f5a-4306-bc80-11e4a697fb48.flac,#-#f#a-#-bc#-#e#a#fb#.flac,voicemail,16000,1,14.30525,FLAC,298438
train,3548,1ab373cf-5836-40c9-8996-100adfe8a447.flac,#ab#cf-#-#c#-#-#adfe#a#.flac,voicemail,16000,1,16.0,FLAC,311256
train,3549,fr_ivr_00195.wav,fr_ivr_#.wav,ivr,16000,1,9.026,WAV,288876
train,3550,0ab2f620-4038-4665-b9d4-d75884f9ac0d.flac,#ab#f#-#-#-b#d#-d#f#ac#d.flac,answering_machine,16000,1,7.691,FLAC,146214
train,3551,response_27.wav,response_#.wav,human,8000,1,4.693375,WAV,37606
train,3552,60266605c7abb7f832138421.wav,#c#abb#f#.wav,human,8000,1,25.9135,WAV,207366
train,3553,carrier_de_ivr_00344.wav,carrier_de_ivr_#.wav,ivr,16000,1,10.0,WAV,320044
train,3554,0e33f7fa-e46a-4ee0-b9da-4c124cd7030f.flac,#e#f#fa-e#a-#ee#-b#da-#c#cd#f.flac,voicemail,16000,1,11.135125,FLAC,212708
train,3555,ivr_00273.wav,ivr_#.wav,ivr,16000,1,9.96,WAV,318764
train,3556,voicemail_00220.wav,voicemail_#.wav,voicemail,16000,1,10.0,WAV,320044
train,3557,07e90428-7e80-4a7e-82b3-b5eceab27793.flac,#e#-#e#-#a#e-#b#-b#eceab#.flac,voicemail,16000,1,4.0839375,FLAC,66149
train,3558,012c8337-1672-4afe-9075-d4e9a3145b9d.flac,#c#-#-#afe-#-d#e#a#b#d.flac,ivr,16000,1,4.16,FLAC,78828
train,3559,19acc0bf-443c-4894-a388-80550a9a4c55.flac,#acc#bf-#c-#-a#-#a#a#c#.flac,voicemail,16000,1,6.3854375,FLAC,109095
train,3560,12fc0313-c766-4523-ae56-c95b577d4a8a.flac,#fc#-c#-#-ae#-c#b#d#a#a.flac,voicemail,16000,1,10.0481875,FLAC,204815
train,3561,023837bc-396a-48ef-b684-7af9f463bf80.flac,#bc-#a-#ef-b#-#af#f#bf#.flac,ivr,16000,1,10.12,FLAC,213158
train,3562,095dc3ec-bc0b-4d5b-8e45-7d0f1f7eecd6.flac,#dc#ec-bc#b-#d#b-#e#-#d#f#f#eecd#.flac,answering_machine,16000,1,5.3954375,FLAC,93652
train,3563,03119207-bd49-4d11-9650-aad6631dc902.flac,#-bd#-#d#-#-aad#dc#.flac,ivr,16000,1,8.64,FLAC,170156
train,3564,0b7f71c0-1d3a-4350-824d-59d0da623a79.flac,#b#f#c#-#d#a-#-#d-#d#da#a#.flac,voicemail,16000,1,2.279375,FLAC,51025
train,3565,00fefa42-bd0b-4429-91ce-5e81398b198b.flac,#fefa#-bd#b-#-#ce-#e#b#b.flac,ivr,16000,1,2.92,FLAC,65698
train,3566,01f72652-1b4c-4e34-9f3c-06b5d32ebd40.flac,#f#-#b#c-#e#-#f#c-#b#d#ebd#.flac,ivr,16000,1,5.68,FLAC,113313
train,3567,19233df0-2631-42a2-b96b-2290afc759a5.flac,#df#-#-#a#-b#b-#afc#a#.flac,answering_machine,16000,1,10.956625,FLAC,198167
train,3568,60266628dc3604f481bcb561.wav,#dc#f#bcb#.wav,human,8000,1,10.922625,WAV,87440
train,3569,136cc504-6d8a-4061-840e-167a7a68eb36.flac,#cc#-#d#a-#-#e-#a#a#eb#.flac,voicemail,16000,1,11.9121875,FLAC,229229
train,3570,0aa0b1ce-7fe8-4f28-86ba-fabdf5f9a7ba.flac,#aa#b#ce-#fe#-#f#-#ba-fabdf#f#a#ba.flac,voicemail,16000,1,15.1710625,FLAC,333816
train,3571,02aad541-c0d2-4540-88af-9dad152afbc0.flac,#aad#-c#d#-#-#af-#dad#afbc#.flac,ivr,16000,1,3.96,FLAC,76775
train,3572,es_am_00391.wav,es_am_#.wav,answering_machine,16000,1,10.0,WAV,320044
train,3573,carrier_en_answering_machine_00518.wav,carrier_en_answering_machine_#.wav,answering_machine,16000,1,8.86825,WAV,283828
train,3574,13add52f-f4ff-471f-bbcb-5e3a57e79530.flac,#add#f-f#ff-#f-bbcb-#e#a#e#.flac,voicemail,16000,1,15.611875,FLAC,325027
train,3575,088cb83d-4352-4c2a-88bf-0f7613aa5d26.flac,#cb#d-#-#c#a-#bf-#f#aa#d#.flac,voicemail,16000,1,3.60725,FLAC,64257
train,3576,incomplete_af066c7b19ab413a8de8e74931c13412.flac,incomplete_af#c#b#ab#a#de#e#c#.flac,human,16000,1,1.6163125,FLAC,30890
train,3577,1cdea062-38f7-41f2-b711-f7cf81098a82.flac,#cdea#-#f#-#f#-b#-f#cf#a#.flac,answering_machine,16000,1,5.376,FLAC,109669
train,3578,1798c4eb-94af-433d-a837-f9ee5a730924.flac,#c#eb-#af-#d-a#-f#ee#a#.flac,answering_machine,16000,1,3.925375,FLAC,86645
train,3579,031ae46f-1f1b-42b0-b290-d71f0d0ef5aa.flac,#ae#f-#f#b-#b#-b#-d#f#d#ef#aa.flac,ivr,16000,1,5.08,FLAC,101008
train,3580,response_5.wav,response_#.wav,human,8000,1,3.413375,WAV,27366
train,3581,0046f6d8-4036-4c69-84f4-a05ff8dfc559.flac,#f#d#-#-#c#-#f#-a#ff#dfc#.flac,ivr,16000,1,5.96,FLAC,112979
train,3582,17e0bd1e-09fb-4ea7-b2f4-43cbadd990ad.flac,#e#bd#e-#fb-#ea#-b#f#-#cbadd#ad.flac,voicemail,16000,1,11.874375,FLAC,221371
train,3583,incomplete_04cb95bd-4c8f-4233-b464-1a3b580db591_normalized.flac,incomplete_#cb#bd-#c#f-#-b#-#a#b#db#_normalized.flac,human,16000,1,4.064,FLAC,80331
train,3584,60268a03c7abb7f83213885c.wav,#a#c#abb#f#c.wav,human,8000,1,12.202625,WAV,97680
train,3585,60268b06c7abb7f83213889c.wav,#b#c#abb#f#c.wav,human,8000,1,3.925375,WAV,31462
train,3586,024debcb-785d-4937-ba47-4d8192c2b37c.flac,#debcb-#d-#-ba#-#d#c#b#c.flac,ivr,16000,1,4.36,FLAC,88238
train,3587,human_tts_00098.wav,human_tts_#.wav,human,16000,1,2.904,WAV,92972
train,3588,0ac3e022-22f7-498c-a998-be865fab4526.flac,#ac#e#-#f#-#c-a#-be#fab#.flac,voicemail,16000,1,11.6899375,FLAC,219303
train,3589,complete_359ba087-0c16-47b4-86c1-e1ab1c457cde_normalized.flac,complete_#ba#-#c#-#b#-#c#-e#ab#c#cde_normalized.flac,human,16000,1,5.62125,FLAC,113244
train,3590,05536381-575d-4b8f-891f-204ced3d7273.flac,#-#d-#b#f-#f-#ced#d#.flac,voicemail,16000,1,11.62,FLAC,218979
train,3591,0d5d683a-d20e-4bad-832b-df4c5bd18091.flac,#d#d#a-d#e-#bad-#b-df#c#bd#.flac,answering_machine,16000,1,14.5656875,FLAC,283474
train,3592,voicemail_00303.wav,voicemail_#.wav,voicemail,16000,1,10.0,WAV,320044
train,3593,01d990b8-a631-43cc-8081-8eda6ce8fb50.flac,#d#b#-a#-#cc-#-#eda#ce#fb#.flac,ivr,16000,1,8.24,FLAC,163333
train,3594,02ba993d-82d4-49a4-979f-b7c18f1cd0c8.flac,#ba#d-#d#-#a#-#f-b#c#f#cd#c#.flac,ivr,16000,1,9.52,FLAC,188326
train,3595,fr_am_00223.wav,fr_am_#.wav,answering_machine,16000,1,10.0,WAV,320044
train,3596,0036d875-8e4c-4318-9136-78daf69c0283.flac,#d#-#e#c-#-#-#daf#c#.flac,voicemail,16000,1,6.884,FLAC,146223
train,3597,carrier_fr_voicemail_00077.wav,carrier_fr_voicemail_#.wav,voicemail,16000,1,10.0,WAV,320044
train,3598,voicemail_00389.wav,voicemail_#.wav,voicemail,16000,1,8.5116875,WAV,272418
train,3599,169a559d-5853-481c-87af-625b0b68854b.flac,#a#d-#-#c-#af-#b#b#b.flac,voicemail,16000,1,9.2183125,FLAC,176549
train,3600,voicemail_00019.wav,voicemail_#.wav,voicemail,16000,1,10.0,WAV,320044
train,3601,es_voicemail_00323.wav,es_voicemail_#.wav,voicemail,16000,1,8.99775,WAV,287972
train,3602,07358e4d-941d-4c7f-9937-8b3002bdf7ff.flac,#e#d-#d-#c#f-#-#b#bdf#ff.flac,voicemail,16000,1,3.7218125,FLAC,48471
train,3603,voicemail_00136.wav,voicemail_#.wav,voicemail,16000,1,8.708875,WAV,278728
train,3604,response_10.wav,response_#.wav,human,8000,1,4.437375,WAV,35558
train,3605,008c13df-a8a2-4482-96e0-ff166c35f02e.flac,#c#df-a#a#-#-#e#-ff#c#f#e.flac,ivr,16000,1,15.4,FLAC,302459
train,3606,am_00083.wav,am_#.wav,answering_machine,16000,1,7.6951875,WAV,246290
train,3607,human_real_00057.wav,human_real_#.wav,human,16000,1,4.352,WAV,139308
train,3608,0308eb09-c221-44a4-86d0-f7bfcf07b990.flac,#eb#-c#-#a#-#d#-f#bfcf#b#.flac,ivr,16000,1,11.68,FLAC,226553
train,3609,response_21.wav,response_#.wav,human,8000,1,2.786375,WAV,22350
train,3610,response_12.wav,response_#.wav,human,8000,1,13.467625,WAV,107800
train,3611,carrier_de_answering_machine_00387.wav,carrier_de_answering_machine_#.wav,answering_machine,16000,1,9.388875,WAV,300488
train,3612,0a21c404-dc29-46be-8757-6fbc4426898a.flac,#a#c#-dc#-#be-#-#fbc#a.flac,voicemail,16000,1,12.16525,FLAC,242968
train,3613,human_real_00133.wav,human_real_#.wav,human,16000,1,10.0,WAV,320044
train,3614,10a1cb15-60f3-43e0-bc50-5a4ccf7c4724.flac,#a#cb#-#f#-#e#-bc#-#a#ccf#c#.flac,answering_machine,16000,1,4.1100625,FLAC,74546
train,3615,carrier_fr_answering_machine_00168.wav,carrier_fr_answering_machine_#.wav,answering_machine,16000,1,9.8250625,WAV,314446
train,3616,complete_02243048-d643-4bed-988e-a8968db26ff8_normalized.flac,complete_#-d#-#bed-#e-a#db#ff#_normalized.flac,human,16000,1,1.93125,FLAC,42052
train,3617,18b8100f-8dcf-4290-bfbe-0b5474efc870.flac,#b#f-#dcf-#-bfbe-#b#efc#.flac,answering_machine,16000,1,13.6025625,FLAC,254521
train,3618,fr_am_00232.wav,fr_am_#.wav,answering_machine,16000,1,10.0,WAV,320044
train,3619,carrier_en_ivr_00468.wav,carrier_en_ivr_#.wav,ivr,16000,1,10.0,WAV,320044
train,3620,carrier_en_ivr_00461.wav,carrier_en_ivr_#.wav,ivr,16000,1,8.832,WAV,282668
train,3621,de_human_real_00430.wav,de_human_real_#.wav,human,16000,1,8.82,WAV,282284
train,3622,01fa682e-bf0a-4fdb-b4be-d96cc4939b83.flac,#fa#e-bf#a-#fdb-b#be-d#cc#b#.flac,ivr,16000,1,10.8,FLAC,222896
train,3623,incomplete_3210a426-4e17-4f30-88fc-5c84821aaf87_normalized.flac,incomplete_#a#-#e#-#f#-#fc-#c#aaf#_normalized.flac,human,16000,1,6.741375,FLAC,143861
train,3624,123ef805-2427-4d75-93c7-6f7f2ca040d2.flac,#ef#-#-#d#-#c#-#f#f#ca#d#.flac,answering_machine,16000,1,2.628,FLAC,47975
train,3625,012c7c4c-ee4e-483d-b1d0-d24ab67dfe4a.flac,#c#c#c-ee#e-#d-b#d#-d#ab#dfe#a.flac,ivr,16000,1,11.84,FLAC,232658
train,3626,complete_2dbdacf7-b7d4-4dc6-94b4-d19b0d7e5882_normalized.flac,complete_#dbdacf#-b#d#-#dc#-#b#-d#b#d#e#_normalized.flac,human,16000,1,2.60625,FLAC,57145
train,3627,12488b1d-dcf4-45c4-a1f0-b62094c162e7.flac,#b#d-dcf#-#c#-a#f#-b#c#e#.flac,answering_machine,16000,1,6.0586875,FLAC,121073
train,3628,incomplete_704e3f72-a883-4a98-9dac-d129a280d66c_normalized.flac,incomplete_#e#f#-a#-#a#-#dac-d#a#d#c_normalized.flac,human,16000,1,6.285,FLAC,120040
train,3629,human_real_00080.wav,human_real_#.wav,human,16000,1,8.96,WAV,286764
train,3630,complete_af9b99af-d39a-44ad-a95a-0eec7877aaad_normalized.flac,complete_af#b#af-d#a-#ad-a#a-#eec#aaad_normalized.flac,human,16000,1,4.235,FLAC,86381
train,3631,128a47db-c5d5-4dd7-860f-b7e9cd9cd49b.flac,#a#db-c#d#-#dd#-#f-b#e#cd#cd#b.flac,answering_machine,16000,1,3.691,FLAC,73096
train,3632,de_human_tts_00448.wav,de_human_tts_#.wav,human,16000,1,1.8,WAV,57644
train,3633,incomplete_d7adbb17-1c2c-4305-8fd0-6d06ce93ab66_normalized.flac,incomplete_d#adbb#-#c#c-#-#fd#-#d#ce#ab#_normalized.flac,human,16000,1,4.494875,FLAC,89098
train,3634,am_00204.wav,am_#.wav,answering_machine,16000,1,9.9616875,WAV,318818
train,3635,02361f55-de26-4fca-a30c-eaaad2ffa2bc.flac,#f#-de#-#fca-a#c-eaaad#ffa#bc.flac,ivr,16000,1,5.6,FLAC,99483
train,3636,fr_human_tts_00078.wav,fr_human_tts_#.wav,human,16000,1,1.872,WAV,59948
train,3637,08d771bb-91f2-4b2f-bd40-90395506d275.flac,#d#bb-#f#-#b#f-bd#-#d#.flac,voicemail,16000,1,6.9208125,FLAC,142921
train,3638,am_00021.wav,am_#.wav,answering_machine,16000,1,10.0,WAV,320044
train,3639,02871315-faa0-4fd4-8b2e-c25117dc3a9b.flac,#-faa#-#fd#-#b#e-c#dc#a#b.flac,ivr,16000,1,13.6,FLAC,270303
train,3640,01b8543f-8607-4464-a7b7-44505ac4e9cb.flac,#b#f-#-#-a#b#-#ac#e#cb.flac,ivr,16000,1,9.72,FLAC,203492
train,3641,1b8aa8cb-3346-448f-80f1-224f5bca037e.flac,#b#aa#cb-#-#f-#f#-#f#bca#e.flac,answering_machine,16000,1,2.646,FLAC,46629
train,3642,0151257e-52b2-4cb3-a573-040f0b82a92a.flac,#e-#b#-#cb#-a#-#f#b#a#a.flac,answering_machine,16000,1,9.262875,FLAC,199014
train,3643,00359443-a336-4b20-9800-bbd11007080f.flac,#-a#-#b#-#-bbd#f.flac,voicemail,16000,1,12.307125,FLAC,245767
train,3644,10f30e6f-2003-4721-9692-fba36b3815ba.flac,#f#e#f-#-#-#-fba#b#ba.flac,voicemail,16000,1,5.6769375,FLAC,108307
train,3645,ivr_00305.wav,ivr_#.wav,ivr,16000,1,10.0,WAV,320044
train,3646,0c8a46b7-bd9b-40d6-a566-5e344e024f3e.flac,#c#a#b#-bd#b-#d#-a#-#e#e#f#e.flac,answering_machine,16000,1,3.8351875,FLAC,63405
train,3647,0852cff8-0a4b-45f7-9345-597c40aca55c.flac,#cff#-#a#b-#f#-#-#c#aca#c.flac,answering_machine,16000,1,11.6335,FLAC,244148
train,3648,0102bb99-6435-4266-b846-5a4a067df350.flac,#bb#-#-#-b#-#a#a#df#.flac,ivr,16000,1,9.32,FLAC,182578
train,3649,1acb0487-7d2a-421f-87c8-17c3a5b99178.flac,#acb#-#d#a-#f-#c#-#c#a#b#.flac,answering_machine,16000,1,12.8554375,FLAC,296596
train,3650,020aba38-a9a9-4d74-af34-f40eafcb899f.flac,#aba#-a#a#-#d#-af#-f#eafcb#f.flac,ivr,16000,1,8.68,FLAC,181747
train,3651,0039606c-966e-4ac9-89aa-e08d00efff9c.flac,#c-#e-#ac#-#aa-e#d#efff#c.flac,ivr,16000,1,5.6,FLAC,124923
train,3652,incomplete_0ac81606-1650-4f64-aa47-2476f2c3d888_normalized.flac,incomplete_#ac#-#-#f#-aa#-#f#c#d#_normalized.flac,human,16000,1,3.40875,FLAC,69683
train,3653,am_00323.wav,am_#.wav,answering_machine,16000,1,10.0,WAV,320044
train,3654,17dc57aa-650e-4bc4-af55-edd0708e9f9e.flac,#dc#aa-#e-#bc#-af#-edd#e#f#e.flac,voicemail,16000,1,4.2840625,FLAC,78912
train,3655,0511eec4-575b-4400-98ba-1b5df768c8a5.flac,#eec#-#b-#-#ba-#b#df#c#a#.flac,answering_machine,16000,1,11.283,FLAC,238052
train,3656,incomplete_66bd31e9-c23e-4a30-b530-8561b6de8f16_normalized.flac,incomplete_#bd#e#-c#e-#a#-b#-#b#de#f#_normalized.flac,human,16000,1,6.4,FLAC,96204
train,3657,es_human_real_00262.wav,es_human_real_#.wav,human,16000,1,3.925375,WAV,125656
train,3658,1814ed90-0f96-40e2-99a1-32da1856d0d9.flac,#ed#-#f#-#e#-#a#-#da#d#d#.flac,answering_machine,16000,1,16.0,FLAC,307556
train,3659,complete_70f884b9-3215-48df-a830-6e8976144ceb_normalized.flac,complete_#f#b#-#-#df-a#-#e#ceb_normalized.flac,human,16000,1,2.391375,FLAC,46689
train,3660,188a2752-59c2-44d1-8001-cee8caebfbb8.flac,#a#-#c#-#d#-#-cee#caebfbb#.flac,voicemail,16000,1,3.1451875,FLAC,59467
train,3661,0361f5eb-0cc0-465f-a027-867db536a15a.flac,#f#eb-#cc#-#f-a#-#db#a#a.flac,voicemail,16000,1,16.0,FLAC,348954
train,3662,13af8a5d-86dc-45e1-b8e4-721c4695f8af.flac,#af#a#d-#dc-#e#-b#e#-#c#f#af.flac,answering_machine,16000,1,11.699,FLAC,230825
train,3663,03cc5290-c260-46f2-9b43-e11820df3eeb.flac,#cc#-c#-#f#-#b#-e#df#eeb.flac,voicemail,16000,1,11.330125,FLAC,237607
train,3664,13c413ae-397e-45b9-8828-9bba72475c10.flac,#c#ae-#e-#b#-#-#bba#c#.flac,answering_machine,16000,1,5.5006875,FLAC,90639
train,3665,0ff1bb8d-5aba-4f53-b493-e1de2776ae89.flac,#ff#bb#d-#aba-#f#-b#-e#de#ae#.flac,voicemail,16000,1,4.36,FLAC,88157
train,3666,am_00179.wav,am_#.wav,answering_machine,16000,1,7.1464375,WAV,228730
train,3667,complete_e632f7e5-af9d-4ac6-b868-13add42908c0_normalized.flac,complete_e#f#e#-af#d-#ac#-b#-#add#c#_normalized.flac,human,16000,1,3.392,FLAC,70281
train,3668,complete_88949d5e-d628-41fb-9f98-1fb790698156_normalized.flac,complete_#d#e-d#-#fb-#f#-#fb#_normalized.flac,human,16000,1,3.12,FLAC,66833
train,3669,fr_voicemail_00148.wav,fr_voicemail_#.wav,voicemail,16000,1,9.205125,WAV,294608
train,3670,0e50a6c2-f3ea-4b7b-a15f-418e994feab4.flac,#e#a#c#-f#ea-#b#b-a#f-#e#feab#.flac,voicemail,16000,1,5.3521875,FLAC,88407
train,3671,16953901-6cb8-4cd9-9ae1-203154c3ae57.flac,#-#cb#-#cd#-#ae#-#c#ae#.flac,answering_machine,16000,1,9.813875,FLAC,187772
train,3672,02911a2d-3522-40bd-b49e-ebc41735c456.flac,#a#d-#-#bd-b#e-ebc#c#.flac,ivr,16000,1,9.36,FLAC,168934
train,3673,de_voicemail_00494.wav,de_voicemail_#.wav,voicemail,16000,1,10.0,WAV,320044
train,3674,0cbc0d99-28c1-4a30-89f3-3bc73212512f.flac,#cbc#d#-#c#-#a#-#f#-#bc#f.flac,answering_machine,16000,1,10.824375,FLAC,171710
train,3675,13acde05-c23b-4d62-9897-14526d8c009a.flac,#acde#-c#b-#d#-#-#d#c#a.flac,answering_machine,16000,1,16.0,FLAC,347193
train,3676,0cfcb9e5-7404-421c-a87e-ce2baf538aa8.flac,#cfcb#e#-#-#c-a#e-ce#baf#aa#.flac,answering_machine,16000,1,10.855375,FLAC,202183
train,3677,602664e0cfa37e1cf217af95.wav,#e#cfa#e#cf#af#.wav,human,8000,1,14.762625,WAV,118160
train,3678,08c3b08d-d31d-499a-b165-9bbe1038e811.flac,#c#b#d-d#d-#a-b#-#bbe#e#.flac,voicemail,16000,1,4.8749375,FLAC,79452
train,3679,incomplete_a5f7d7cf-1911-4fc0-b87b-e7fbfb815847_normalized.flac,incomplete_a#f#d#cf-#-#fc#-b#b-e#fbfb#_normalized.flac,human,16000,1,8.1,FLAC,114627
train,3680,1b55e3f8-e90d-4f99-bf31-eb2f3d11a326.flac,#b#e#f#-e#d-#f#-bf#-eb#f#d#a#.flac,voicemail,16000,1,12.875625,FLAC,258621
train,3681,0c7cea47-99e5-47c0-8468-e1151768c6ea.flac,#c#cea#-#e#-#c#-#-e#c#ea.flac,voicemail,16000,1,6.5976875,FLAC,146852
train,3682,incomplete_9dd66d9f-c75f-4d7b-89be-33a445dd2b28_normalized.flac,incomplete_#dd#d#f-c#f-#d#b-#be-#a#dd#b#_normalized.flac,human,16000,1,4.98,FLAC,79348
train,3683,16ef20e5-66db-4c7f-8c11-3e29d3adf29a.flac,#ef#e#-#db-#c#f-#c#-#e#d#adf#a.flac,voicemail,16000,1,9.162875,FLAC,164504
train,3684,0172caa3-0881-4ef8-bcae-e9b455a4fadc.flac,#caa#-#-#ef#-bcae-e#b#a#fadc.flac,ivr,16000,1,11.04,FLAC,221757
train,3685,incomplete_0532227c-3366-4944-bdff-4087f985e290_normalized.flac,incomplete_#c-#-#-bdff-#f#e#_normalized.flac,human,16000,1,3.88075,FLAC,88333
train,3686,1bfe8376-0c1c-4153-8c2d-12c23fb4e48b.flac,#bfe#-#c#c-#-#c#d-#c#fb#e#b.flac,voicemail,16000,1,14.528,FLAC,277363
train,3687,incomplete_127077ab-c9c5-4f9a-9937-7bcb2b64165c_normalized.flac,incomplete_#ab-c#c#-#f#a-#-#bcb#b#c_normalized.flac,human,16000,1,3.88875,FLAC,75353
train,3688,voicemail_00165.wav,voicemail_#.wav,voicemail,16000,1,9.32825,WAV,298548
train,3689,response_38.wav,response_#.wav,human,8000,1,6.741375,WAV,53990
train,3690,es_human_real_00257.wav,es_human_real_#.wav,human,16000,1,6.4,WAV,204844
train,3691,incomplete_04d261ed-af9f-469f-a946-030f0f3b40db_normalized.flac,incomplete_#d#ed-af#f-#f-a#-#f#f#b#db_normalized.flac,human,16000,1,4.865,FLAC,90373
train,3692,voicemail_00012.wav,voicemail_#.wav,voicemail,16000,1,9.4738125,WAV,303206
train,3693,020e82c4-e30c-46f2-9c3c-0ada7756596e.flac,#e#c#-e#c-#f#-#c#c-#ada#e.flac,ivr,16000,1,9.44,FLAC,192684
train,3694,fr_human_tts_00093.wav,fr_human_tts_#.wav,human,16000,1,3.432,WAV,109868
train,3695,032b819b-32b8-48a5-97a1-92497750b9ca.flac,#b#b-#b#-#a#-#a#-#b#ca.flac,ivr,16000,1,3.52,FLAC,77886
train,3696,0bd5bf65-6b57-4f5f-b041-ddf008aecad5.flac,#bd#bf#-#b#-#f#f-b#-ddf#aecad#.flac,voicemail,16000,1,12.7874375,FLAC,288130
train,3697,0d70e940-73eb-48f5-a9f3-d3c3052436ea.flac,#d#e#-#eb-#f#-a#f#-d#c#ea.flac,voicemail,16000,1,4.7033125,FLAC,83337
train,3698,1d1c640e-bfe1-4c79-a577-ece88c55ebee.flac,#d#c#e-bfe#-#c#-a#-ece#c#ebee.flac,answering_machine,16000,1,16.0,FLAC,333542
train,3699,18dd177d-bf96-4f60-baa3-aca67e1e0c52.flac,#dd#d-bf#-#f#-baa#-aca#e#e#c#.flac,voicemail,16000,1,12.969875,FLAC,249130
train,3700,0244f79d-846d-45fd-9f2a-14789b84ebf1.flac,#f#d-#d-#fd-#f#a-#b#ebf#.flac,ivr,16000,1,7.72,FLAC,160267
train,3701,complete_48af894b-0563-4c3f-ad71-56eeb979510e_normalized.flac,complete_#af#b-#-#c#f-ad#-#eeb#e_normalized.flac,human,16000,1,4.213375,FLAC,93439
train,3702,01229320-c75f-4785-a3c8-8577da8fa14e.flac,#-c#f-#-a#c#-#da#fa#e.flac,ivr,16000,1,7.36,FLAC,140528
train,3703,complete_da0de0fc-32b6-401e-9d49-77c94c79ab2f_normalized.flac,complete_da#de#fc-#b#-#e-#d#-#c#c#ab#f_normalized.flac,human,16000,1,3.64,FLAC,65027
train,3704,0325338d-5fca-4fc9-8a82-b14c44f8ca4c.flac,#d-#fca-#fc#-#a#-b#c#f#ca#c.flac,ivr,16000,1,12.16,FLAC,253482
train,3705,de_voicemail_00490.wav,de_voicemail_#.wav,voicemail,16000,1,10.0,WAV,320044
train,3706,12c5f69d-c822-465f-b640-f6299899f4de.flac,#c#f#d-c#-#f-b#-f#f#de.flac,answering_machine,16000,1,13.213875,FLAC,291077
train,3707,132f52e7-a3f4-4658-a3e3-44525162e713.flac,#f#e#-a#f#-#-a#e#-#e#.flac,voicemail,16000,1,10.4486875,FLAC,200892
train,3708,carrier_en_voicemail_00420.wav,carrier_en_voicemail_#.wav,voicemail,16000,1,10.0,WAV,320044
train,3709,ivr_00069.wav,ivr_#.wav,ivr,16000,1,10.0,WAV,320044
train,3710,035d26a7-7a17-4c63-9678-1269913d4cdd.flac,#d#a#-#a#-#c#-#-#d#cdd.flac,ivr,16000,1,10.4,FLAC,226714
train,3711,14cbda59-9e11-4f9b-ac4d-0f1bf0fbec57.flac,#cbda#-#e#-#f#b-ac#d-#f#bf#fbec#.flac,voicemail,16000,1,3.529375,FLAC,72029
train,3712,1bec371f-c909-43e5-a1df-bdea01d0fba9.flac,#bec#f-c#-#e#-a#df-bdea#d#fba#.flac,voicemail,16000,1,11.7428125,FLAC,204648
train,3713,am_00399.wav,am_#.wav,answering_machine,16000,1,9.704875,WAV,310600
train,3714,es_am_00392.wav,es_am_#.wav,answering_machine,16000,1,10.0,WAV,320044
train,3715,am_00037.wav,am_#.wav,answering_machine,16000,1,9.5359375,WAV,305194
train,3716,complete_38f6b39c-69cd-45a1-9d67-63453c2a9571_normalized.flac,complete_#f#b#c-#cd-#a#-#d#-#c#a#_normalized.flac,human,16000,1,4.861875,FLAC,98880
train,3717,602664c8dc3604f481bcb47a.wav,#c#dc#f#bcb#a.wav,human,8000,1,4.266625,WAV,34192
train,3718,01e5ae11-8658-427b-b927-8920a4478957.flac,#e#ae#-#-#b-b#-#a#.flac,ivr,16000,1,6.56,FLAC,126344
train,3719,0180c902-73c2-4ceb-9ab1-d9d4db70fe96.flac,#c#-#c#-#ceb-#ab#-d#d#db#fe#.flac,ivr,16000,1,6.24,FLAC,143421
train,3720,response_30.wav,response_#.wav,human,8000,1,6.485375,WAV,51942
train,3721,00448d10-5427-4b50-9fad-63574d3efd38.flac,#d#-#-#b#-#fad-#d#efd#.flac,ivr,16000,1,4.4,FLAC,84026
train,3722,18ad4431-0fbe-486f-b6a7-c2c3c1810736.flac,#ad#-#fbe-#f-b#a#-c#c#c#.flac,voicemail,16000,1,12.6795,FLAC,245322
train,3723,01796fc6-92bb-40c6-8ec7-3e0726d14878.flac,#fc#-#bb-#c#-#ec#-#e#d#.flac,ivr,16000,1,15.56,FLAC,325776
train,3724,am_00202.wav,am_#.wav,answering_machine,16000,1,10.0,WAV,320044
train,3725,1b21a19b-7a70-4d75-acd2-852eb5270c81.flac,#b#a#b-#a#-#d#-acd#-#eb#c#.flac,voicemail,16000,1,5.6466875,FLAC,117500
train,3726,carrier_de_human_00288.wav,carrier_de_human_#.wav,human,16000,1,3.024,WAV,96812
train,3727,15b906cd-f2b9-4d85-8663-4697823a97dc.flac,#b#cd-f#b#-#d#-#-#a#dc.flac,answering_machine,16000,1,2.304,FLAC,48346
train,3728,am_00289.wav,am_#.wav,answering_machine,16000,1,7.445875,WAV,238312
train,3729,02dec48f-6b96-41a7-af50-9a2081d44049.flac,#dec#f-#b#-#a#-af#-#a#d#.flac,ivr,16000,1,10.44,FLAC,218598
train,3730,am_00225.wav,am_#.wav,answering_machine,16000,1,9.6196875,WAV,307874
train,3731,0414c741-6525-49e2-8fb7-90cf3176d8af.flac,#c#-#-#e#-#fb#-#cf#d#af.flac,voicemail,16000,1,11.642,FLAC,201269
train,3732,075fa38a-8597-4c23-b2ce-93f299b5f022.flac,#fa#a-#-#c#-b#ce-#f#b#f#.flac,answering_machine,16000,1,2.389375,FLAC,45011
train,3733,carrier_de_answering_machine_00373.wav,carrier_de_answering_machine_#.wav,answering_machine,16000,1,9.4749375,WAV,303242
train,3734,ivr_00049.wav,ivr_#.wav,ivr,16000,1,9.792,WAV,313388
train,3735,es_am_00394.wav,es_am_#.wav,answering_machine,16000,1,8.83975,WAV,282916
train,3736,00f3cff3-d87f-4283-97ac-5aab0147dbf9.flac,#f#cff#-d#f-#-#ac-#aab#dbf#.flac,ivr,16000,1,9.2,FLAC,177061
train,3737,00266c1b-fd35-4c7c-ab72-a5705587d439.flac,#c#b-fd#-#c#c-ab#-a#d#.flac,ivr,16000,1,9.32,FLAC,194148
train,3738,002ef19d-375f-465c-9cdd-48c8bb1d50cf.flac,#ef#d-#f-#c-#cdd-#c#bb#d#cf.flac,ivr,16000,1,2.68,FLAC,52068
train,3739,es_am_00393.wav,es_am_#.wav,answering_machine,16000,1,9.703625,WAV,310560
train,3740,00843e0e-8562-40dc-ae65-80969685063e.flac,#e#e-#-#dc-ae#-#e.flac,voicemail,16000,1,9.898125,FLAC,225981
train,3741,01dfa9d1-349c-4120-bb4c-71531ac8f67c.flac,#dfa#d#-#c-#-bb#c-#ac#f#c.flac,voicemail,16000,1,12.9814375,FLAC,214245
train,3742,human_real_00102.wav,human_real_#.wav,human,16000,1,3.328,WAV,106540
train,3743,60268fcdc421a821df7c18d0.wav,#fcdc#a#df#c#d#.wav,human,8000,1,3.157875,WAV,25322
train,3744,es_ivr_00348.wav,es_ivr_#.wav,ivr,16000,1,10.0,WAV,320044
train,3745,incomplete_46bafc11-3bea-464f-b4d7-546f44ea506d_normalized.flac,incomplete_#bafc#-#bea-#f-b#d#-#f#ea#d_normalized.flac,human,16000,1,5.04,FLAC,76067
train,3746,19a8fb9f-4c14-4699-a207-d7b3ede3bf48.flac,#a#fb#f-#c#-#-a#-d#b#ede#bf#.flac,answering_machine,16000,1,11.604125,FLAC,240727
train,3747,19c0aa45-35eb-4b81-827a-1d4170a5430d.flac,#c#aa#-#eb-#b#-#a-#d#a#d.flac,answering_machine,16000,1,4.628,FLAC,105877
train,3748,019974e7-1156-4c3a-87ca-1f61a7ecc985.flac,#e#-#-#c#a-#ca-#f#a#ecc#.flac,voicemail,16000,1,3.343875,FLAC,66350
train,3749,voicemail_00005.wav,voicemail_#.wav,voicemail,16000,1,8.3955,WAV,268700
train,3750,02215cc7-228d-46bd-8be8-3f3033f6a04b.flac,#cc#-#d-#bd-#be#-#f#f#a#b.flac,answering_machine,16000,1,6.485375,FLAC,134027
train,3751,0218dc5f-6ff7-4005-aa2e-a38249f54575.flac,#dc#f-#ff#-#-aa#e-a#f#.flac,ivr,16000,1,6.12,FLAC,127789
train,3752,incomplete_1bf94763-6f58-4618-8d92-47dcc9816c4a_normalized.flac,incomplete_#bf#-#f#-#-#d#-#dcc#c#a_normalized.flac,human,16000,1,7.210625,FLAC,147923
train,3753,human_tts_00178.wav,human_tts_#.wav,human,16000,1,1.584,WAV,50732
train,3754,030aecf8-f4f3-460b-8c3b-3c78803e1f11.flac,#aecf#-f#f#-#b-#c#b-#c#e#f#.flac,answering_machine,16000,1,7.844,FLAC,175881
train,3755,07c64065-2143-4ac3-933f-c9d2eace0e1e.flac,#c#-#-#ac#-#f-c#d#eace#e#e.flac,answering_machine,16000,1,11.2471875,FLAC,212713
train,3756,006ccb32-76ae-46c0-b018-c7afe9de8baa.flac,#ccb#-#ae-#c#-b#-c#afe#de#baa.flac,voicemail,16000,1,4.9234375,FLAC,98843
train,3757,incomplete_ec97edbe65fd4963b50d0c65c6e219f0.flac,incomplete_ec#edbe#fd#b#d#c#c#e#f#.flac,human,16000,1,1.465125,FLAC,18059
train,3758,004bb766-40c7-4731-b04f-94ba40ccf50d.flac,#bb#-#c#-#-b#f-#ba#ccf#d.flac,answering_machine,16000,1,6.912,FLAC,167262
train,3759,complete_e2e0337f-5819-4ec1-9d15-2ff9e4e24c39_normalized.flac,complete_e#e#f-#-#ec#-#d#-#ff#e#e#c#_normalized.flac,human,16000,1,4.3865625,FLAC,87697
train,3760,0a3445c6-b1fc-426f-841b-eed1f7580e6b.flac,#a#c#-b#fc-#f-#b-eed#f#e#b.flac,answering_machine,16000,1,9.352625,FLAC,188541
train,3761,18d7da75-2c14-48d0-bda4-5973abd80f8c.flac,#d#da#-#c#-#d#-bda#-#abd#f#c.flac,answering_machine,16000,1,13.948125,FLAC,254055
train,3762,005accaa-69c6-4df0-8067-ebee0bd96d87.flac,#accaa-#c#-#df#-#-ebee#bd#d#.flac,voicemail,16000,1,11.3113125,FLAC,251911
train,3763,voicemail_00169.wav,voicemail_#.wav,voicemail,16000,1,10.0,WAV,320044
train,3764,am_00085.wav,am_#.wav,answering_machine,16000,1,9.7811875,WAV,313042
train,3765,00792021-bf05-4ef5-8389-8fed86c5de4f.flac,#-bf#-#ef#-#-#fed#c#de#f.flac,ivr,16000,1,8.6,FLAC,180995
train,3766,CA2c8ad193ecdd371f46136fd28e301def_0.wav,CA#c#ad#ecdd#f#fd#e#def_#.wav,human,8000,1,17.02,WAV,136218
train,3767,02690be4-dd9c-4556-b805-0e2dc230b2c2.flac,#be#-dd#c-#-b#-#e#dc#b#c#.flac,ivr,16000,1,7.4,FLAC,151259
train,3768,188995a3-c898-435f-a447-c0135c4194e7.flac,#a#-c#-#f-a#-c#c#e#.flac,answering_machine,16000,1,14.471625,FLAC,321911
train,3769,17812583-8df9-454c-a889-910243b39f24.flac,#-#df#-#c-a#-#b#f#.flac,voicemail,16000,1,4.068,FLAC,86760
train,3770,response_6.wav,response_#.wav,human,8000,1,3.413375,WAV,27366
train,3771,fr_human_real_00059.wav,fr_human_real_#.wav,human,16000,1,10.0,WAV,320044
train,3772,incomplete_6dd66c111f12488b95082e563ec9be0e.flac,incomplete_#dd#c#f#b#e#ec#be#e.flac,human,16000,1,2.2675,FLAC,38497
train,3773,human_tts_00071.wav,human_tts_#.wav,human,16000,1,1.44,WAV,46124
train,3774,103f9da2-07e6-4775-94b1-76e7efd6f599.flac,#f#da#-#e#-#-#b#-#e#efd#f#.flac,answering_machine,16000,1,5.632,FLAC,128011
train,3775,voicemail_00396.wav,voicemail_#.wav,voicemail,16000,1,10.0,WAV,320044
train,3776,0488ec49-20ea-4a50-8a88-8768889b8a79.flac,#ec#-#ea-#a#-#a#-#b#a#.flac,answering_machine,16000,1,3.7790625,FLAC,66997
train,3777,complete_e47ce4f0-ec88-4de9-a2af-0e90f3f1c0d8_normalized.flac,complete_e#ce#f#-ec#-#de#-a#af-#e#f#f#c#d#_normalized.flac,human,16000,1,3.03,FLAC,63996
train,3778,02bce612-e7f8-4787-abec-91bd38c2b84a.flac,#bce#-e#f#-#-abec-#bd#c#b#a.flac,ivr,16000,1,9.8,FLAC,173981
train,3779,CAdedc11ae245a7a7b0609c6db96cbff48_0.wav,CAdedc#ae#a#a#b#c#db#cbff#_#.wav,human,8000,1,11.12,WAV,89018
train,3780,0b0f5122-b3c4-4ee9-ba6e-dcc8e9524ee9.flac,#b#f#-b#c#-#ee#-ba#e-dcc#e#ee#.flac,answering_machine,16000,1,15.09225,FLAC,319765
train,3781,02ea521b-1b5f-4cbb-baa1-8fa36dcd1c34.flac,#ea#b-#b#f-#cbb-baa#-#fa#dcd#c#.flac,answering_machine,16000,1,15.5885,FLAC,288758
train,3782,1a5844c3-a28c-414a-b7ab-39e01a0bda40.flac,#a#c#-a#c-#a-b#ab-#e#a#bda#.flac,voicemail,16000,1,10.4090625,FLAC,178380
train,3783,06203695-c356-4979-89b5-b506d25c13ff.flac,#-c#-#-#b#-b#d#c#ff.flac,voicemail,16000,1,2.292,FLAC,44392
train,3784,am_00165.wav,am_#.wav,answering_machine,16000,1,10.0,WAV,320044
train,3785,ivr_00088.wav,ivr_#.wav,ivr,16000,1,7.656,WAV,245036
train,3786,1884da94-4c4a-4fe3-83c1-f3c6eab81199.flac,#da#-#c#a-#fe#-#c#-f#c#eab#.flac,answering_machine,16000,1,4.526,FLAC,95067
train,3787,carrier_es_ivr_00237.wav,carrier_es_ivr_#.wav,ivr,16000,1,6.84,WAV,218924
train,3788,007eceef-9a7a-4e8f-ae93-b7c1b081e652.flac,#eceef-#a#a-#e#f-ae#-b#c#b#e#.flac,ivr,16000,1,5.6,FLAC,135024
train,3789,incomplete_d22fed58-48b7-4f51-812c-5e0ebd35dfca_normalized.flac,incomplete_d#fed#-#b#-#f#-#c-#e#ebd#dfca_normalized.flac,human,16000,1,7.09975,FLAC,141518
train,3790,0b304717-9111-44c4-8fde-c9ece8f721eb.flac,#b#-#-#c#-#fde-c#ece#f#eb.flac,voicemail,16000,1,4.435,FLAC,91011
train,3791,03611173-69cd-4e74-9137-7620948533bc.flac,#-#cd-#e#-#-#bc.flac,answering_machine,16000,1,14.680875,FLAC,282461
train,3792,05c10a9b-6c9c-4b93-a230-c05e96a18b56.flac,#c#a#b-#c#c-#b#-a#-c#e#a#b#.flac,answering_machine,16000,1,3.0118125,FLAC,52949
train,3793,am_00152.wav,am_#.wav,answering_machine,16000,1,10.0,WAV,320044
train,3794,196fa66b-007b-44e2-9d81-1cb2eccc5059.flac,#fa#b-#b-#e#-#d#-#cb#eccc#.flac,answering_machine,16000,1,6.72,FLAC,133698
train,3795,complete_d38d6c76-f262-454d-8d82-6870b3ebe160_normalized.flac,complete_d#d#c#-f#-#d-#d#-#b#ebe#_normalized.flac,human,16000,1,3.828125,FLAC,77512
train,3796,response_1.wav,response_#.wav,human,8000,1,14.762625,WAV,118160
train,3797,complete_59ba7983-005c-43a9-8e82-13ade9f90e9c_normalized.flac,complete_#ba#-#c-#a#-#e#-#ade#f#e#c_normalized.flac,human,16000,1,6.09,FLAC,109200
train,3798,00c1635a-529b-4611-b1e5-912255db9ea8.flac,#c#a-#b-#-b#e#-#db#ea#.flac,ivr,16000,1,4.44,FLAC,89022
train,3799,0d8e33b9-aa54-4407-ad16-cf5d34dc5a17.flac,#d#e#b#-aa#-#-ad#-cf#d#dc#a#.flac,voicemail,16000,1,4.0866875,FLAC,72484
train,3800,002e8e2f-ab0f-4bab-be02-0cc639ad8158.flac,#e#e#f-ab#f-#bab-be#-#cc#ad#.flac,ivr,16000,1,12.72,FLAC,247042
train,3801,010e8635-10a7-4fdb-8248-6795408b7b21.flac,#e#-#a#-#fdb-#-#b#b#.flac,answering_machine,16000,1,16.0,FLAC,282995
train,3802,01280f79-b4e6-4116-bed1-0dccaa8bac55.flac,#f#-b#e#-#-bed#-#dccaa#bac#.flac,ivr,16000,1,5.2,FLAC,111180
train,3803,am_00017.wav,am_#.wav,answering_machine,16000,1,10.0,WAV,320044
train,3804,0d07fcff-3b6a-46f3-a746-de90dd623a7b.flac,#d#fcff-#b#a-#f#-a#-de#dd#a#b.flac,voicemail,16000,1,4.5038125,FLAC,89727
train,3805,0a3772f0-fcc8-49c2-a692-0d57665681f0.flac,#a#f#-fcc#-#c#-a#-#d#f#.flac,voicemail,16000,1,2.7245625,FLAC,53826
train,3806,01a2f695-0fd3-47f9-a083-646329968a63.flac,#a#f#-#fd#-#f#-a#-#a#.flac,voicemail,16000,1,13.7299375,FLAC,281394
train,3807,1bbe1694-a431-45d3-b10f-19b27d468d57.flac,#bbe#-a#-#d#-b#f-#b#d#d#.flac,answering_machine,16000,1,14.2785,FLAC,294943
train,3808,fr_human_real_00041.wav,fr_human_real_#.wav,human,16000,1,5.034625,WAV,161152
train,3809,incomplete_f8c45f72-dc2f-4a56-8145-e3b94aabcb8e_normalized.flac,incomplete_f#c#f#-dc#f-#a#-#-e#b#aabcb#e_normalized.flac,human,16000,1,4.179875,FLAC,83503
train,3810,0e4b45d3-6d1b-4df6-a47b-2ebd19d72318.flac,#e#b#d#-#d#b-#df#-a#b-#ebd#d#.flac,voicemail,16000,1,16.0,FLAC,332892
train,3811,0a1c6958-ce81-4561-b329-7653c2ab01c9.flac,#a#c#-ce#-#-b#-#c#ab#c#.flac,voicemail,16000,1,9.586875,FLAC,203221
train,3812,00e999bb-8708-4c19-bde3-0994f72b9258.flac,#e#bb-#-#c#-bde#-#f#b#.flac,ivr,16000,1,9.64,FLAC,201415
train,3813,0f062a07-c85b-4683-a40f-c2885f8f2306.flac,#f#a#-c#b-#-a#f-c#f#f#.flac,answering_machine,16000,1,3.86025,FLAC,75315
train,3814,am_00034.wav,am_#.wav,answering_machine,16000,1,8.51575,WAV,272548
train,3815,complete_b3d3013f-f122-4b80-8183-c141ad470159_normalized.flac,complete_b#d#f-f#-#b#-#-c#ad#_normalized.flac,human,16000,1,2.465625,FLAC,51846
train,3816,05da7b0b-4bcc-4015-841a-687e93d6970a.flac,#da#b#b-#bcc-#-#a-#e#d#a.flac,answering_machine,16000,1,2.692375,FLAC,37669
train,3817,human_real_00155.wav,human_real_#.wav,human,16000,1,7.168,WAV,229420
train,3818,complete_3b45b7bf-febb-4895-a881-f93936c3b0b8_normalized.flac,complete_#b#b#bf-febb-#-a#-f#c#b#b#_normalized.flac,human,16000,1,3.38,FLAC,57760
train,3819,voicemail_00147.wav,voicemail_#.wav,voicemail,16000,1,10.0,WAV,320044
train,3820,02a8a4f5-fbcf-4516-8494-a72c1ceee942.flac,#a#a#f#-fbcf-#-#-a#c#ceee#.flac,ivr,16000,1,10.6,FLAC,251770
train,3821,1bf416e0-46de-41fc-9716-3df578f66068.flac,#bf#e#-#de-#fc-#-#df#f#.flac,answering_machine,16000,1,15.1373125,FLAC,300071
train,3822,es_human_real_00251.wav,es_human_real_#.wav,human,16000,1,7.168,WAV,229420
train,3823,033e15b0-dd21-43dc-b06b-3efe080187f4.flac,#e#b#-dd#-#dc-b#b-#efe#f#.flac,ivr,16000,1,14.32,FLAC,285073
train,3824,1d7408a1-5054-47f7-970b-7260da146562.flac,#d#a#-#-#f#-#b-#da#.flac,voicemail,16000,1,11.9135,FLAC,236261
train,3825,response_2.wav,response_#.wav,human,8000,1,21.162625,WAV,169360
train,3826,am_00385.wav,am_#.wav,answering_machine,16000,1,10.0,WAV,320044
train,3827,12ee279a-3113-4f31-8d97-5c4324a312a8.flac,#ee#a-#-#f#-#d#-#c#a#a#.flac,voicemail,16000,1,10.32425,FLAC,172660
train,3828,030c85b3-5884-4697-9589-74dc58495c0a.flac,#c#b#-#-#-#-#dc#c#a.flac,ivr,16000,1,9.64,FLAC,195317
train,3829,es_human_real_00289.wav,es_human_real_#.wav,human,16000,1,8.545,WAV,273484
train,3830,00110ec2-e20d-4af9-9d61-f10b798fbdd3.flac,#ec#-e#d-#af#-#d#-f#b#fbdd#.flac,ivr,16000,1,9.68,FLAC,172531
train,3831,00101864-980c-434d-a956-cac9430fe3ee.flac,#-#c-#d-a#-cac#fe#ee.flac,ivr,16000,1,8.0,FLAC,163503
train,3832,125e1854-3c0a-461e-b83f-ac7fb20c393b.flac,#e#-#c#a-#e-b#f-ac#fb#c#b.flac,answering_machine,16000,1,13.2721875,FLAC,219635
train,3833,es_ivr_00364.wav,es_ivr_#.wav,ivr,16000,1,10.0,WAV,320044
train,3834,02beb901-eb7f-42cb-a424-6a73b3b04952.flac,#beb#-eb#f-#cb-a#-#a#b#b#.flac,ivr,16000,1,4.24,FLAC,88693
train,3835,complete_a9b08826-bc1b-4380-928c-0b4220f1838b_normalized.flac,complete_a#b#-bc#b-#-#c-#b#f#b_normalized.flac,human,16000,1,2.3465,FLAC,54753
train,3836,002d2cb8-c567-4e5a-ac0f-8242f0afd710.flac,#d#cb#-c#-#e#a-ac#f-#f#afd#.flac,ivr,16000,1,12.88,FLAC,233010
train,3837,es_human_real_00288.wav,es_human_real_#.wav,human,16000,1,7.594625,WAV,243072
train,3838,006ea98c-7b7d-4005-bf5d-a85f75f056e9.flac,#ea#c-#b#d-#-bf#d-a#f#f#e#.flac,ivr,16000,1,9.8,FLAC,188901
train,3839,161034fb-c78a-4583-9589-0b41a4d4a640.flac,#fb-c#a-#-#-#b#a#d#a#.flac,voicemail,16000,1,3.442,FLAC,74784
train,3840,voicemail_00301.wav,voicemail_#.wav,voicemail,16000,1,10.0,WAV,320044
train,3841,human_tts_00073.wav,human_tts_#.wav,human,16000,1,3.912,WAV,125228
train,3842,122adc21-c4b6-49dd-a4b4-391b5b226c2a.flac,#adc#-c#b#-#dd-a#b#-#b#b#c#a.flac,answering_machine,16000,1,11.362125,FLAC,227629
train,3843,fr_human_real_00071.wav,fr_human_real_#.wav,human,16000,1,10.0,WAV,320044
train,3844,human_tts_00108.wav,human_tts_#.wav,human,16000,1,3.456,WAV,110636
train,3845,am_00369.wav,am_#.wav,answering_machine,16000,1,9.515,WAV,304524
train,3846,0813cc5f-319c-48ab-be7a-3bace91d357a.flac,#cc#f-#c-#ab-be#a-#bace#d#a.flac,voicemail,16000,1,3.7151875,FLAC,82404
train,3847,00564f28-57c0-479c-b4f0-342fc77c6f21.flac,#f#-#c#-#c-b#f#-#fc#c#f#.flac,answering_machine,16000,1,7.1000625,FLAC,110959
train,3848,084bce3e-78b9-426a-8d38-ebf336cc5c58.flac,#bce#e-#b#-#a-#d#-ebf#cc#c#.flac,answering_machine,16000,1,13.387,FLAC,293720
train,3849,response_23.wav,response_#.wav,human,8000,1,4.778625,WAV,38288
train,3850,166ec7cd-3243-4b30-9011-ec5fd50d8bf9.flac,#ec#cd-#-#b#-#-ec#fd#d#bf#.flac,answering_machine,16000,1,11.792875,FLAC,225355
train,3851,1e2f8d53-e60f-4176-82d6-cc5eeb31f8b4.flac,#e#f#d#-e#f-#-#d#-cc#eeb#f#b#.flac,voicemail,16000,1,14.92025,FLAC,296785
train,3852,1bb916bd-940f-41fb-89e7-c123e9359345.flac,#bb#bd-#f-#fb-#e#-c#e#.flac,voicemail,16000,1,2.490125,FLAC,38067
train,3853,am_00143.wav,am_#.wav,answering_machine,16000,1,9.819875,WAV,314280
train,3854,human_tts_00192.wav,human_tts_#.wav,human,16000,1,3.048,WAV,97580
train,3855,response_33.wav,response_#.wav,human,8000,1,10.581375,WAV,84710
train,3856,0947ec33-be32-4bc9-a0ef-8561c0c6ace6.flac,#ec#-be#-#bc#-a#ef-#c#c#ace#.flac,answering_machine,16000,1,8.704,FLAC,207217
train,3857,030fd3ed-7d30-41d6-9aca-8f030120bfd2.flac,#fd#ed-#d#-#d#-#aca-#f#bfd#.flac,ivr,16000,1,5.08,FLAC,97108
train,3858,ivr_00282.wav,ivr_#.wav,ivr,16000,1,9.96,WAV,318764
train,3859,16a1daf7-f359-4661-8cfe-d9aeba798d5d.flac,#a#daf#-f#-#-#cfe-d#aeba#d#d.flac,answering_machine,16000,1,10.269,FLAC,221604
train,3860,human_real_00061.wav,human_real_#.wav,human,16000,1,4.949375,WAV,158424
train,3861,12b516aa-88de-4d4e-acab-4a031542e949.flac,#b#aa-#de-#d#e-acab-#a#e#.flac,answering_machine,16000,1,3.5861875,FLAC,55806
train,3862,06d527b5-f9e0-4404-b58b-942accd5bf16.flac,#d#b#-f#e#-#-b#b-#accd#bf#.flac,voicemail,16000,1,7.5721875,FLAC,148582
train,3863,incomplete_8eb98dc4-f7da-469c-9d86-43f292a83066_normalized.flac,incomplete_#eb#dc#-f#da-#c-#d#-#f#a#_normalized.flac,human,16000,1,6.42875,FLAC,118827
train,3864,1d691305-c630-4eab-bbe1-f6bfd402d02f.flac,#d#-c#-#eab-bbe#-f#bfd#d#f.flac,answering_machine,16000,1,11.113625,FLAC,213442
train,3865,026cf847-2bec-45d3-a5b3-086017fffedd.flac,#cf#-#bec-#d#-a#b#-#fffedd.flac,ivr,16000,1,9.32,FLAC,167957
train,3866,0136f15f-09ea-45b5-b7cc-f85018849cd3.flac,#f#f-#ea-#b#-b#cc-f#cd#.flac,ivr,16000,1,9.12,FLAC,177434
train,3867,0fb7da34-50a9-44c0-8cda-c3d712c38a1e.flac,#fb#da#-#a#-#c#-#cda-c#d#c#a#e.flac,answering_machine,16000,1,6.8345,FLAC,133780
train,3868,0a885933-0830-4cf1-88b0-2171521ed93c.flac,#a#-#-#cf#-#b#-#ed#c.flac,answering_machine,16000,1,8.533375,FLAC,178603
train,3869,es_human_real_00258.wav,es_human_real_#.wav,human,16000,1,4.266625,WAV,136576
train,3870,050f2911-482c-4e80-ba8a-3a9c04cdd197.flac,#f#-#c-#e#-ba#a-#a#c#cdd#.flac,answering_machine,16000,1,8.9099375,FLAC,167723
train,3871,027a3cc2-0862-48e2-98d8-5015e0c91397.flac,#a#cc#-#-#e#-#d#-#e#c#.flac,ivr,16000,1,8.52,FLAC,193752
train,3872,complete_80037043-f796-430e-a8a8-b27aee0fb4c7_normalized.flac,complete_#-f#-#e-a#a#-b#aee#fb#c#_normalized.flac,human,16000,1,2.176,FLAC,40297
train,3873,0feb8d90-9701-4468-bf27-8b26c913645f.flac,#feb#d#-#-#-bf#-#b#c#f.flac,voicemail,16000,1,11.592875,FLAC,206809
train,3874,complete_f14ce356706641a1b45ec3d98b3155e9.flac,complete_f#ce#a#b#ec#d#b#e#.flac,human,16000,1,2.3605,FLAC,33410
train,3875,0ff2bca5-7fdb-413f-880f-2b1108760586.flac,#ff#bca#-#fdb-#f-#f-#b#.flac,voicemail,16000,1,2.920375,FLAC,44261
train,3876,01746061-f6bb-42c1-b5e4-2191ad59662c.flac,#-f#bb-#c#-b#e#-#ad#c.flac,ivr,16000,1,7.76,FLAC,165622
train,3877,029d7438-2e46-4687-800b-44933fb0deb2.flac,#d#-#e#-#-#b-#fb#deb#.flac,ivr,16000,1,3.48,FLAC,64741
train,3878,0d55a5cd-6f58-4ed9-97a8-07f902594ec3.flac,#d#a#cd-#f#-#ed#-#a#-#f#ec#.flac,answering_machine,16000,1,5.632,FLAC,128317
train,3879,01ee7b0c-516f-4fd5-8e76-111901befad5.flac,#ee#b#c-#f-#fd#-#e#-#befad#.flac,ivr,16000,1,6.52,FLAC,133630
train,3880,1706c37f-7306-46ec-8c95-0b1a2ed35833.flac,#c#f-#-#ec-#c#-#b#a#ed#.flac,voicemail,16000,1,14.026125,FLAC,277677
train,3881,0291e647-7828-47a8-aae2-84ca65bbfec6.flac,#e#-#-#a#-aae#-#ca#bbfec#.flac,answering_machine,16000,1,12.1626875,FLAC,210958
train,3882,voicemail_00286.wav,voicemail_#.wav,voicemail,16000,1,10.0,WAV,320044
train,3883,es_human_real_00294.wav,es_human_real_#.wav,human,16000,1,10.0,WAV,320044
train,3884,es_am_00384.wav,es_am_#.wav,answering_machine,16000,1,8.922125,WAV,285552
train,3885,00d98b5d-33c1-408e-aa6d-f4f83cc0061f.flac,#d#b#d-#c#-#e-aa#d-f#f#cc#f.flac,voicemail,16000,1,13.2,FLAC,240652
train,3886,1d370d68-d286-438d-aa04-d6fe84279845.flac,#d#d#-d#-#d-aa#-d#fe#.flac,voicemail,16000,1,9.002625,FLAC,187004
train,3887,03fe36b8-5aae-4756-ab63-886586d755a7.flac,#fe#b#-#aae-#-ab#-#d#a#.flac,voicemail,16000,1,6.9,FLAC,138511
train,3888,es_human_tts_00295.wav,es_human_tts_#.wav,human,16000,1,2.088,WAV,66860
train,3889,00124647-bfb7-4eda-bcb6-4dfdf404192f.flac,#-bfb#-#eda-bcb#-#dfdf#f.flac,ivr,16000,1,8.76,FLAC,183506
train,3890,0ada7b3e-03fe-4297-8ca3-07e590defadb.flac,#ada#b#e-#fe-#-#ca#-#e#defadb.flac,answering_machine,16000,1,12.565375,FLAC,243300
train,3891,ivr_00121.wav,ivr_#.wav,ivr,16000,1,8.112,WAV,259628
train,3892,03526bde-ad27-417a-9305-0870bf2b2f94.flac,#bde-ad#-#a-#-#bf#b#f#.flac,ivr,16000,1,5.04,FLAC,89603
train,3893,response_43.wav,response_#.wav,human,8000,1,8.789375,WAV,70374
train,3894,070b82f3-6a3f-4902-bee4-27a0a8ee8ff0.flac,#b#f#-#a#f-#-bee#-#a#a#ee#ff#.flac,voicemail,16000,1,14.5511875,FLAC,290036
train,3895,1538b0a0-c7a9-425e-9e9f-2bb37de66626.flac,#b#a#-c#a#-#e-#e#f-#bb#de#.flac,voicemail,16000,1,7.801875,FLAC,106652
train,3896,am_00382.wav,am_#.wav,answering_machine,16000,1,10.0,WAV,320044
train,3897,complete_d3a11d6b-cc32-45aa-b867-f2add07905ca_normalized.flac,complete_d#a#d#b-cc#-#aa-b#-f#add#ca_normalized.flac,human,16000,1,3.424,FLAC,68701
train,3898,fr_human_real_00072.wav,fr_human_real_#.wav,human,16000,1,5.973375,WAV,191192
train,3899,carrier_de_voicemail_00328.wav,carrier_de_voicemail_#.wav,voicemail,16000,1,9.5948125,WAV,307078
train,3900,006dc533-9895-4fc7-a9a9-dbf8ba88afb8.flac,#dc#-#-#fc#-a#a#-dbf#ba#afb#.flac,ivr,16000,1,8.56,FLAC,179228
train,3901,ivr_00071.wav,ivr_#.wav,ivr,16000,1,7.656,WAV,245036
train,3902,incomplete_2c04245e-d8ca-454b-ab03-648c3848bf6a_normalized.flac,incomplete_#c#e-d#ca-#b-ab#-#c#bf#a_normalized.flac,human,16000,1,5.65125,FLAC,118210
train,3903,carrier_de_ivr_00352.wav,carrier_de_ivr_#.wav,ivr,16000,1,10.0,WAV,320044
train,3904,CAc0b9c60997e078a1f1550cc52ea9f6a8_2.wav,CAc#b#c#e#a#f#cc#ea#f#a#_#.wav,human,8000,1,10.42,WAV,83418
train,3905,incomplete_5f65e9be-972f-4696-a39b-89c8c8f106b9_normalized.flac,incomplete_#f#e#be-#f-#-a#b-#c#c#f#b#_normalized.flac,human,16000,1,3.1275,FLAC,60695
train,3906,01d22b1d-48da-4d3d-ac58-5b3a35ec49a7.flac,#d#b#d-#da-#d#d-ac#-#b#a#ec#a#.flac,ivr,16000,1,6.44,FLAC,123518
train,3907,126c260e-901f-4c09-a858-417508ed037e.flac,#c#e-#f-#c#-a#-#ed#e.flac,answering_machine,16000,1,13.6714375,FLAC,285044
train,3908,am_00206.wav,am_#.wav,answering_machine,16000,1,8.64,WAV,276524
train,3909,005289c0-6b35-4829-8fa2-787ebb1a1b67.flac,#c#-#b#-#-#fa#-#ebb#a#b#.flac,voicemail,16000,1,16.0,FLAC,326645
train,3910,602666b7cfa37e1cf217afca.wav,#b#cfa#e#cf#afca.wav,human,8000,1,2.901375,WAV,23270
train,3911,01b51d28-6d2e-458e-a0a4-5a8effee1e7a.flac,#b#d#-#d#e-#e-a#a#-#a#effee#e#a.flac,ivr,16000,1,5.04,FLAC,103462
train,3912,05d06d6b-2d2e-43d6-9b7c-2fb6c17d0f03.flac,#d#d#b-#d#e-#d#-#b#c-#fb#c#d#f#.flac,voicemail,16000,1,10.68675,FLAC,218301
train,3913,0295ed66-d737-44a3-8be7-cd375b79cc62.flac,#ed#-d#-#a#-#be#-cd#b#cc#.flac,ivr,16000,1,5.68,FLAC,109897
train,3914,0194a55e-7a29-4ef0-a26e-398c79311c12.flac,#a#e-#a#-#ef#-a#e-#c#c#.flac,ivr,16000,1,5.0,FLAC,87983
train,3915,026d35d8-edf7-456a-b300-f2d89afe44ee.flac,#d#d#-edf#-#a-b#-f#d#afe#ee.flac,ivr,16000,1,5.44,FLAC,119878
train,3916,09d61626-76d3-4b79-b5e0-8e994fc79423.flac,#d#-#d#-#b#-b#e#-#e#fc#.flac,answering_machine,16000,1,11.7069375,FLAC,201345
train,3917,complete_8f496c28-4070-4a4d-b263-e836fa6dac64_normalized.flac,complete_#f#c#-#-#a#d-b#-e#fa#dac#_normalized.flac,human,16000,1,2.693125,FLAC,52831
train,3918,01a9d9d2-5f1c-4565-acdb-02fe65c25ce4.flac,#a#d#d#-#f#c-#-acdb-#fe#c#ce#.flac,ivr,16000,1,5.68,FLAC,98748
train,3919,carrier_es_voicemail_00204.wav,carrier_es_voicemail_#.wav,voicemail,16000,1,10.0,WAV,320044
train,3920,incomplete_0ef3df66-a8e8-49a1-beab-f2f78219533c_normalized.flac,incomplete_#ef#df#-a#e#-#a#-beab-f#f#c_normalized.flac,human,16000,1,4.822125,FLAC,87399
train,3921,0254ba4d-a8c6-4a5c-beba-0d0b77c4c672.flac,#ba#d-a#c#-#a#c-beba-#d#b#c#c#.flac,ivr,16000,1,5.68,FLAC,127730
train,3922,05a7ff29-d65d-4fba-9777-763dd37931fb.flac,#a#ff#-d#d-#fba-#-#dd#fb.flac,answering_machine,16000,1,5.461375,FLAC,111784
train,3923,003abb95-27a2-4736-977d-eb2f3d8cc636.flac,#abb#-#a#-#-#d-eb#f#d#cc#.flac,ivr,16000,1,7.76,FLAC,149265
train,3924,carrier_en_answering_machine_00495.wav,carrier_en_answering_machine_#.wav,answering_machine,16000,1,9.0605,WAV,289980
train,3925,response_30.wav,response_#.wav,human,8000,1,4.010625,WAV,32144
train,3926,0e6dbd5c-9445-4efc-ab76-13ac586789d1.flac,#e#dbd#c-#-#efc-ab#-#ac#d#.flac,answering_machine,16000,1,7.892,FLAC,171644
train,3927,1603ed6a-f1c6-47b3-aa15-c590590867f7.flac,#ed#a-f#c#-#b#-aa#-c#f#.flac,answering_machine,16000,1,14.8115625,FLAC,272554
train,3928,human_tts_00140.wav,human_tts_#.wav,human,16000,1,3.504,WAV,112172
train,3929,0ca04282-51d6-442b-a772-dfe344e0e75a.flac,#ca#-#d#-#b-a#-dfe#e#e#a.flac,answering_machine,16000,1,10.543625,FLAC,206130
train,3930,am_00159.wav,am_#.wav,answering_machine,16000,1,9.2603125,WAV,296374
train,3931,020b98ba-abd1-4bd7-b1d8-da061fa346d4.flac,#b#ba-abd#-#bd#-b#d#-da#fa#d#.flac,ivr,16000,1,7.0,FLAC,137066
train,3932,human_real_00009.wav,human_real_#.wav,human,16000,1,10.0,WAV,320044
train,3933,01d442c2-aa86-4975-967a-72ef9935c7eb.flac,#d#c#-aa#-#-#a-#ef#c#eb.flac,ivr,16000,1,5.68,FLAC,110087
train,3934,am_00111.wav,am_#.wav,answering_machine,16000,1,10.0,WAV,320044
train,3935,021eb133-b26c-43dd-970d-7915aab9a6cf.flac,#eb#-b#c-#dd-#d-#aab#a#cf.flac,answering_machine,16000,1,11.7336875,FLAC,236389
train,3936,incomplete_16519956-3715-4da1-a772-2bf4facb04fe_normalized.flac,incomplete_#-#-#da#-a#-#bf#facb#fe_normalized.flac,human,16000,1,4.570125,FLAC,98807
train,3937,response_13.wav,response_#.wav,human,8000,1,2.730625,WAV,21904
train,3938,carrier_en_human_00402.wav,carrier_en_human_#.wav,human,16000,1,2.976,WAV,95276
train,3939,incomplete_8591546d-f976-48e2-9bd5-75cacf07f312_normalized.flac,incomplete_#d-f#-#e#-#bd#-#cacf#f#_normalized.flac,human,16000,1,6.1653125,FLAC,123920
train,3940,incomplete_fceca952-7106-43bb-a4a6-b3c34f1c4f64_normalized.flac,incomplete_fceca#-#-#bb-a#a#-b#c#f#c#f#_normalized.flac,human,16000,1,3.909375,FLAC,80487
train,3941,ivr_00240.wav,ivr_#.wav,ivr,16000,1,10.0,WAV,320044
train,3942,1de2e333-d487-41df-9abf-d1ad9b782bf4.flac,#de#e#-d#-#df-#abf-d#ad#b#bf#.flac,answering_machine,16000,1,11.477375,FLAC,217159
train,3943,am_00222.wav,am_#.wav,answering_machine,16000,1,10.0,WAV,320044
train,3944,voicemail_00272.wav,voicemail_#.wav,voicemail,16000,1,6.9329375,WAV,221898
train,3945,02fbebdc-173f-4ee6-bf6c-60846734107e.flac,#fbebdc-#f-#ee#-bf#c-#e.flac,ivr,16000,1,10.92,FLAC,200511
train,3946,1ae7649f-1042-44fe-bbcc-b0f2fa9a9b2c.flac,#ae#f-#-#fe-bbcc-b#f#fa#a#b#c.flac,voicemail,16000,1,3.602,FLAC,60221
train,3947,015a5f5c-d3e6-4451-aa69-ab26fba78f19.flac,#a#f#c-d#e#-#-aa#-ab#fba#f#.flac,answering_machine,16000,1,13.8879375,FLAC,303370
train,3948,am_00056.wav,am_#.wav,answering_machine,16000,1,10.0,WAV,320044
train,3949,185c1581-abe9-4a59-9977-662c54b1d2f5.flac,#c#-abe#-#a#-#-#c#b#d#f#.flac,answering_machine,16000,1,13.3005625,FLAC,260348
train,3950,1c225adf-d227-4585-a446-98197a5da7df.flac,#c#adf-d#-#-a#-#a#da#df.flac,voicemail,16000,1,5.4845625,FLAC,101171
train,3951,voicemail_00261.wav,voicemail_#.wav,voicemail,16000,1,10.0,WAV,320044
train,3952,1d4ab43e-659e-4935-bc76-c9b8b97f59fa.flac,#d#ab#e-#e-#-bc#-c#b#b#f#fa.flac,answering_machine,16000,1,2.287,FLAC,50137
train,3953,054c59cf-5aae-44c2-88d0-33836503840f.flac,#c#cf-#aae-#c#-#d#-#f.flac,answering_machine,16000,1,5.717375,FLAC,117247
train,3954,human_real_00177.wav,human_real_#.wav,human,16000,1,10.0,WAV,320044
train,3955,es_ivr_00367.wav,es_ivr_#.wav,ivr,16000,1,8.474,WAV,271212
train,3956,0d5c20c9-623e-4725-bdba-a4ccd63c82df.flac,#d#c#c#-#e-#-bdba-a#ccd#c#df.flac,answering_machine,16000,1,6.229375,FLAC,132767
train,3957,13a9d4fa-6ccd-4bd1-907f-d71cf0d13383.flac,#a#d#fa-#ccd-#bd#-#f-d#cf#d#.flac,voicemail,16000,1,12.9054375,FLAC,265909
train,3958,18241944-f506-4c95-b279-d34dfc8ac56e.flac,#-f#-#c#-b#-d#dfc#ac#e.flac,voicemail,16000,1,12.04,FLAC,233422
train,3959,0335e3a0-a5bd-40d5-ba33-84aa3e25bcfb.flac,#e#a#-a#bd-#d#-ba#-#aa#e#bcfb.flac,ivr,16000,1,8.08,FLAC,157662
train,3960,02fef02f-4f91-41ec-88a3-18efa9ff5cb0.flac,#fef#f-#f#-#ec-#a#-#efa#ff#cb#.flac,ivr,16000,1,4.2,FLAC,84303
train,3961,carrier_es_answering_machine_00277.wav,carrier_es_answering_machine_#.wav,answering_machine,16000,1,9.8556875,WAV,315426
train,3962,01b7af2d-9242-41f4-a1ba-a4247694e51e.flac,#b#af#d-#-#f#-a#ba-a#e#e.flac,ivr,16000,1,10.76,FLAC,194673
train,3963,0b85c4c9-6692-4d68-86aa-eb9a92933f8d.flac,#b#c#c#-#-#d#-#aa-eb#a#f#d.flac,voicemail,16000,1,13.56275,FLAC,244138
train,3964,01ca4bba-0956-475e-8f29-e20c297699ef.flac,#ca#bba-#-#e-#f#-e#c#ef.flac,ivr,16000,1,9.08,FLAC,175309
train,3965,0295928d-5e33-41c4-972f-a991cc0f3a74.flac,#d-#e#-#c#-#f-a#cc#f#a#.flac,ivr,16000,1,4.2,FLAC,82083
train,3966,human_real_00042.wav,human_real_#.wav,human,16000,1,4.365375,WAV,139736
train,3967,CAf13e2cb38dcad2bc51e0b309cbf36511_2.wav,CAf#e#cb#dcad#bc#e#b#cbf#_#.wav,human,8000,1,20.42,WAV,163418
train,3968,human_tts_00145.wav,human_tts_#.wav,human,16000,1,2.208,WAV,70700
train,3969,complete_d9855cffc8cb46e6b9a03bf1f8fdb41d.flac,complete_d#cffc#cb#e#b#a#bf#f#fdb#d.flac,human,16000,1,3.395375,FLAC,48320
train,3970,es_am_00380.wav,es_am_#.wav,answering_machine,16000,1,9.931875,WAV,317864
train,3971,carrier_fr_voicemail_00042.wav,carrier_fr_voicemail_#.wav,voicemail,16000,1,10.0,WAV,320044
train,3972,00579fab-4341-49dd-a78b-69b8391467fd.flac,#fab-#-#dd-a#b-#b#fd.flac,ivr,16000,1,11.2,FLAC,229827
train,3973,00263b57-fd17-41c1-8337-348b20b7940d.flac,#b#-fd#-#c#-#-#b#b#d.flac,ivr,16000,1,3.96,FLAC,67154
train,3974,complete_21394e11-a592-4b7b-91d2-913852e1d99b_normalized.flac,complete_#e#-a#-#b#b-#d#-#e#d#b_normalized.flac,human,16000,1,3.64875,FLAC,74372
train,3975,602666ddc7abb7f83213853d.wav,#ddc#abb#f#d.wav,human,8000,1,19.13325,WAV,153124
train,3976,01a94dc5-0a8e-4b60-931a-161ca6094d2e.flac,#a#dc#-#a#e-#b#-#a-#ca#d#e.flac,ivr,16000,1,5.52,FLAC,107618
train,3977,035044de-cbbe-40a1-ad7f-994bdd7ef70e.flac,#de-cbbe-#a#-ad#f-#bdd#ef#e.flac,voicemail,16000,1,11.8000625,FLAC,234763
train,3978,response_18.wav,response_#.wav,human,8000,1,2.389375,WAV,19174
train,3979,0f2d8cd8-0899-4b07-b185-9fc436ace72f.flac,#f#d#cd#-#-#b#-b#-#fc#ace#f.flac,voicemail,16000,1,7.844,FLAC,170817
train,3980,02f6561e-bbae-442d-9b10-e6a82c17acfc.flac,#f#e-bbae-#d-#b#-e#a#c#acfc.flac,voicemail,16000,1,15.8865625,FLAC,287564
train,3981,complete_4cb05641-af8e-4ffe-8c35-18117ca4e9c0_normalized.flac,complete_#cb#-af#e-#ffe-#c#-#ca#e#c#_normalized.flac,human,16000,1,2.78,FLAC,61860
train,3982,0c675588-fc8c-4ce7-b6a6-b6abe789dca5.flac,#c#-fc#c-#ce#-b#a#-b#abe#dca#.flac,voicemail,16000,1,16.0,FLAC,322603
train,3983,60268b57cfa37e1cf217b08a.wav,#b#cfa#e#cf#b#a.wav,human,8000,1,13.141375,WAV,105190
train,3984,complete_bccb459e-7315-4435-83b1-a8450eab9096_normalized.flac,complete_bccb#e-#-#-#b#-a#eab#_normalized.flac,human,16000,1,3.2213125,FLAC,73797
train,3985,11e2dbbb-017a-4cba-8714-a6d2fad78680.flac,#e#dbbb-#a-#cba-#-a#d#fad#.flac,answering_machine,16000,1,16.0,FLAC,319647
train,3986,003bbbeb-5942-4b4f-9b4c-19abe8cb8ae5.flac,#bbbeb-#-#b#f-#b#c-#abe#cb#ae#.flac,ivr,16000,1,9.0,FLAC,169187
train,3987,008a4d17-95c2-49a9-b19f-80fedfab0242.flac,#a#d#-#c#-#a#-b#f-#fedfab#.flac,ivr,16000,1,5.2,FLAC,105886
train,3988,12da8f3e-7748-4060-b09d-7ad5dd5ab346.flac,#da#f#e-#-#-b#d-#ad#dd#ab#.flac,answering_machine,16000,1,5.3298125,FLAC,112942
train,3989,025779b0-a44a-4254-81f4-1bffccfc8186.flac,#b#-a#a-#-#f#-#bffccfc#.flac,ivr,16000,1,11.96,FLAC,257195
train,3990,carrier_fr_answering_machine_00156.wav,carrier_fr_answering_machine_#.wav,answering_machine,16000,1,10.0,WAV,320044
train,3991,07cdbcd0-39dc-41ef-a2d9-0d4a7f30c26d.flac,#cdbcd#-#dc-#ef-a#d#-#d#a#f#c#d.flac,answering_machine,16000,1,7.8506875,FLAC,186944
train,3992,incomplete_e20df212-6d01-4eef-a361-d3068ed5243d_normalized.flac,incomplete_e#df#-#d#-#eef-a#-d#ed#d_normalized.flac,human,16000,1,5.03875,FLAC,94326
train,3993,00beefdc-ed84-4089-933a-4752bd0a5ee4.flac,#beefdc-ed#-#-#a-#bd#a#ee#.flac,ivr,16000,1,4.56,FLAC,93704
train,3994,0100b75c-2032-4830-b6f7-1b2ba39e6436.flac,#b#c-#-#-b#f#-#b#ba#e#.flac,ivr,16000,1,5.36,FLAC,89813
train,3995,response_39.wav,response_#.wav,human,8000,1,4.864,WAV,38970
train,3996,602ba6145f67b421554f640f.wav,#ba#f#b#f#f.wav,human,8000,1,6.4,WAV,51258
train,3997,01efbcb6-e699-49c3-bfa6-d6ee1e8e0877.flac,#efbcb#-e#-#c#-bfa#-d#ee#e#e#.flac,ivr,16000,1,6.36,FLAC,122924
train,3998,voicemail_00259.wav,voicemail_#.wav,voicemail,16000,1,9.0739375,WAV,290410
train,3999,1cbd5ae1-8679-42de-a0c2-c1c889cf5e8a.flac,#cbd#ae#-#-#de-a#c#-c#c#cf#e#a.flac,voicemail,16000,1,5.62,FLAC,120988
train,4000,human_real_00041.wav,human_real_#.wav,human,16000,1,4.437375,WAV,142040
train,4001,complete_89914cb9-957a-4c50-8885-b5fe58812df6_normalized.flac,complete_#cb#-#a-#c#-#-b#fe#df#_normalized.flac,human,16000,1,4.7255,FLAC,91488
train,4002,carrier_es_answering_machine_00275.wav,carrier_es_answering_machine_#.wav,answering_machine,16000,1,10.0,WAV,320044
train,4003,0c57bd18-1cc2-4d95-976a-1be10edbbde5.flac,#c#bd#-#cc#-#d#-#a-#be#edbbde#.flac,answering_machine,16000,1,10.3975625,FLAC,224129
train,4004,human_tts_00030.wav,human_tts_#.wav,human,16000,1,3.168,WAV,101420
train,4005,01239922-4cf4-4c21-b8c9-689de0149d43.flac,#-#cf#-#c#-b#c#-#de#d#.flac,ivr,16000,1,7.88,FLAC,137439
train,4006,06d38905-d78d-465c-a169-e40b7bf5b0ef.flac,#d#-d#d-#c-a#-e#b#bf#b#ef.flac,answering_machine,16000,1,5.212625,FLAC,83764
train,4007,016b40eb-b34e-44d0-bf6d-41927bb383e9.flac,#b#eb-b#e-#d#-bf#d-#bb#e#.flac,ivr,16000,1,6.16,FLAC,123223
train,4008,055e4dcd-18ae-4bbe-9920-a73f9796aab2.flac,#e#dcd-#ae-#bbe-#-a#f#aab#.flac,answering_machine,16000,1,5.973375,FLAC,125777
train,4009,60268fa7c7abb7f832138cfb.wav,#fa#c#abb#f#cfb.wav,human,8000,1,6.570625,WAV,52624
train,4010,00aaaf2f-78ab-47be-a452-e37228305e77.flac,#aaaf#f-#ab-#be-a#-e#e#.flac,ivr,16000,1,6.08,FLAC,120137
train,4011,complete_46d5f3cd-ff3c-49e0-a93a-99e0f9320e22_normalized.flac,complete_#d#f#cd-ff#c-#e#-a#a-#e#f#e#_normalized.flac,human,16000,1,3.0,FLAC,60629
train,4012,028cb4eb-2cd1-4dbd-843b-93ade2f8bbbf.flac,#cb#eb-#cd#-#dbd-#b-#ade#f#bbbf.flac,ivr,16000,1,12.24,FLAC,249824
train,4013,human_real_00190.wav,human_real_#.wav,human,16000,1,5.205375,WAV,166616
train,4014,0cf0f920-002c-4d7a-b24a-2c4ae1fd8a2d.flac,#cf#f#-#c-#d#a-b#a-#c#ae#fd#a#d.flac,voicemail,16000,1,12.587625,FLAC,261288
train,4015,carrier_en_answering_machine_00508.wav,carrier_en_answering_machine_#.wav,answering_machine,16000,1,8.494375,WAV,271864
train,4016,06610c3f-5206-403c-8fec-8c6c1f62958b.flac,#c#f-#-#c-#fec-#c#c#f#b.flac,answering_machine,16000,1,12.4735625,FLAC,232847
train,4017,0d5c108e-0109-48c6-ba00-99428a30bfbc.flac,#d#c#e-#-#c#-ba#-#a#bfbc.flac,voicemail,16000,1,6.6560625,FLAC,148810
train,4018,149f19f2-e9cf-46d3-b7d4-f2a0515eea8c.flac,#f#f#-e#cf-#d#-b#d#-f#a#eea#c.flac,answering_machine,16000,1,4.591375,FLAC,66331
train,4019,1c7afd26-f38c-4a0c-b56d-2db6b22bf4ef.flac,#c#afd#-f#c-#a#c-b#d-#db#b#bf#ef.flac,voicemail,16000,1,13.954875,FLAC,273785
train,4020,complete_78920e55-f154-4534-a3fa-350a5e5324e9_normalized.flac,complete_#e#-f#-#-a#fa-#a#e#e#_normalized.flac,human,16000,1,2.24,FLAC,45016
train,4021,1d362a5a-b06a-4bdf-93fb-fac517e48716.flac,#d#a#a-b#a-#bdf-#fb-fac#e#.flac,answering_machine,16000,1,6.485375,FLAC,148311
train,4022,complete_7c2d1ab5-a016-4105-8622-eb350d9ef8b4_normalized.flac,complete_#c#d#ab#-a#-#-#-eb#d#ef#b#_normalized.flac,human,16000,1,1.8655,FLAC,41193
train,4023,carrier_fr_voicemail_00056.wav,carrier_fr_voicemail_#.wav,voicemail,16000,1,10.0,WAV,320044
train,4024,01b7de18-d5e5-42ce-989a-cf22d986c803.flac,#b#de#-d#e#-#ce-#a-cf#d#c#.flac,answering_machine,16000,1,8.021375,FLAC,165970
train,4025,0109f18f-d477-44c8-ac56-1f97457a13e1.flac,#f#f-d#-#c#-ac#-#f#a#e#.flac,voicemail,16000,1,3.732,FLAC,82954
train,4026,176140fd-aadc-413f-a487-e43a49affd46.flac,#fd-aadc-#f-a#-e#a#affd#.flac,answering_machine,16000,1,11.6275625,FLAC,242630
train,4027,ivr_00291.wav,ivr_#.wav,ivr,16000,1,10.0,WAV,320044
train,4028,0352efb7-30d2-418e-94f4-f18785295901.flac,#efb#-#d#-#e-#f#-f#.flac,ivr,16000,1,13.2,FLAC,255496
train,4029,03672f6c-4072-47c8-a5f6-78a36e3502a2.flac,#f#c-#-#c#-a#f#-#a#e#a#.flac,ivr,16000,1,5.04,FLAC,90482
train,4030,1c969a54-cae1-4fe6-b460-caaaf5ac1c76.flac,#c#a#-cae#-#fe#-b#-caaaf#ac#c#.flac,voicemail,16000,1,13.3736875,FLAC,279935
train,4031,es_voicemail_00333.wav,es_voicemail_#.wav,voicemail,16000,1,9.6171875,WAV,307794
train,4032,1d00bcfd-cb33-4650-8e3f-6f780c5c6676.flac,#d#bcfd-cb#-#-#e#f-#f#c#c#.flac,answering_machine,16000,1,11.2775,FLAC,251098
train,4033,carrier_en_voicemail_00434.wav,carrier_en_voicemail_#.wav,voicemail,16000,1,10.0,WAV,320044
train,4034,ivr_00310.wav,ivr_#.wav,ivr,16000,1,9.744,WAV,311852
train,4035,response_18.wav,response_#.wav,human,8000,1,19.456,WAV,155706
train,4036,06886b78-6ce8-422c-a7b7-0bf7350c2a0a.flac,#b#-#ce#-#c-a#b#-#bf#c#a#a.flac,answering_machine,16000,1,11.0611875,FLAC,222592
train,4037,1357a760-8e6f-4e0a-a2e3-c04c8aecc92d.flac,#a#-#e#f-#e#a-a#e#-c#c#aecc#d.flac,voicemail,16000,1,11.903375,FLAC,245096
train,4038,098a3e93-79ed-4c3f-a569-551cdc6129b8.flac,#a#e#-#ed-#c#f-a#-#cdc#b#.flac,voicemail,16000,1,10.5406875,FLAC,209507
train,4039,ivr_00045.wav,ivr_#.wav,ivr,16000,1,8.736,WAV,279596
train,4040,01d94642-85e3-4ed3-aeed-b36f81d1149c.flac,#d#-#e#-#ed#-aeed-b#f#d#c.flac,answering_machine,16000,1,11.8013125,FLAC,237364
train,4041,02a06667-ad24-437d-806f-4d53f9307c7d.flac,#a#-ad#-#d-#f-#d#f#c#d.flac,ivr,16000,1,7.0,FLAC,130792
train,4042,0672cc44-d3ac-42af-b098-b50ee3d857b1.flac,#cc#-d#ac-#af-b#-b#ee#d#b#.flac,voicemail,16000,1,7.31425,FLAC,95843
train,4043,ivr_00253.wav,ivr_#.wav,ivr,16000,1,7.392,WAV,236588
train,4044,ivr_00078.wav,ivr_#.wav,ivr,16000,1,9.72,WAV,311084
train,4045,1af5632d-c2ac-4a83-a301-c707059a2e33.flac,#af#d-c#ac-#a#-a#-c#a#e#.flac,voicemail,16000,1,4.242125,FLAC,51745
train,4046,carrier_de_voicemail_00324.wav,carrier_de_voicemail_#.wav,voicemail,16000,1,9.969,WAV,319052
train,4047,carrier_fr_human_00009.wav,carrier_fr_human_#.wav,human,16000,1,3.624,WAV,116012
train,4048,complete_57b65c1e-bf64-44cb-b925-874df631c9bb_normalized.flac,complete_#b#c#e-bf#-#cb-b#-#df#c#bb_normalized.flac,human,16000,1,1.505875,FLAC,34227
train,4049,ivr_00308.wav,ivr_#.wav,ivr,16000,1,10.0,WAV,320044
train,4050,carrier_es_voicemail_00214.wav,carrier_es_voicemail_#.wav,voicemail,16000,1,8.66375,WAV,277284
train,4051,0222168e-377e-4d50-aa33-a20a28ba360d.flac,#e-#e-#d#-aa#-a#a#ba#d.flac,ivr,16000,1,3.88,FLAC,77927
train,4052,016883c7-47aa-4893-8a9c-f9a6ed3d340b.flac,#c#-#aa-#-#a#c-f#a#ed#d#b.flac,ivr,16000,1,7.96,FLAC,149962
train,4053,0199b4db-5fca-4ded-a621-c5f12f604309.flac,#b#db-#fca-#ded-a#-c#f#f#.flac,ivr,16000,1,8.48,FLAC,151127
train,4054,161c7e66-ff82-4fce-8146-ebb9e2a415a3.flac,#c#e#-ff#-#fce-#-ebb#e#a#a#.flac,answering_machine,16000,1,6.4,FLAC,140013
train,4055,169b5f4a-b44b-40a5-8f8e-98ea709b39ab.flac,#b#f#a-b#b-#a#-#f#e-#ea#b#ab.flac,answering_machine,16000,1,16.0,FLAC,277596
train,4056,17a6fd6a-3aa1-4594-8565-5a9e318304fc.flac,#a#fd#a-#aa#-#-#-#a#e#fc.flac,voicemail,16000,1,15.3009375,FLAC,303476
train,4057,carrier_fr_answering_machine_00152.wav,carrier_fr_answering_machine_#.wav,answering_machine,16000,1,10.0,WAV,320044
train,4058,02cb3fe3-2cfb-4f86-98b4-cf04d24ef353.flac,#cb#fe#-#cfb-#f#-#b#-cf#d#ef#.flac,ivr,16000,1,6.28,FLAC,131806
train,4059,19855c63-b0b9-4720-be69-6b3892fc143e.flac,#c#-b#b#-#-be#-#b#fc#e.flac,answering_machine,16000,1,4.169375,FLAC,84739
train,4060,004b0e97-3544-4931-bc08-87791397684c.flac,#b#e#-#-#-bc#-#c.flac,voicemail,16000,1,7.9411875,FLAC,160581
train,4061,1af28e3c-3cc1-4511-a21b-684e584935d8.flac,#af#e#c-#cc#-#-a#b-#e#d#.flac,answering_machine,16000,1,12.3414375,FLAC,239876
train,4062,066e2855-b55e-4a16-af8e-6d128e8bd82d.flac,#e#-b#e-#a#-af#e-#d#e#bd#d.flac,answering_machine,16000,1,12.7711875,FLAC,236696
train,4063,16517939-292a-4e6e-8aa0-446896b28646.flac,#-#a-#e#e-#aa#-#b#.flac,answering_machine,16000,1,10.3445,FLAC,225019
train,4064,voicemail_00094.wav,voicemail_#.wav,voicemail,16000,1,10.0,WAV,320044
train,4065,1987f8d2-8510-4a96-8514-243a8cde1539.flac,#f#d#-#-#a#-#-#a#cde#.flac,voicemail,16000,1,12.0859375,FLAC,234449
train,4066,voicemail_00225.wav,voicemail_#.wav,voicemail,16000,1,10.0,WAV,320044
train,4067,incomplete_db02f3c7-a8b7-43f8-8e64-5d9a40959341_normalized.flac,incomplete_db#f#c#-a#b#-#f#-#e#-#d#a#_normalized.flac,human,16000,1,4.566625,FLAC,78698
train,4068,00f37abf-00d3-4813-afca-9210eb7d490c.flac,#f#abf-#d#-#-afca-#eb#d#c.flac,ivr,16000,1,3.4,FLAC,72613
train,4069,incomplete_709bc774-d492-4096-90f9-af3ce7ac38d4_normalized.flac,incomplete_#bc#-d#-#-#f#-af#ce#ac#d#_normalized.flac,human,16000,1,3.040625,FLAC,61350
train,4070,1694bcce-72c2-4eea-b143-10dee3b71b82.flac,#bcce-#c#-#eea-b#-#dee#b#b#.flac,voicemail,16000,1,4.342125,FLAC,72701
train,4071,0ae84a3a-cc6d-48c5-8931-940b672b3fc3.flac,#ae#a#a-cc#d-#c#-#-#b#b#fc#.flac,voicemail,16000,1,12.784625,FLAC,238945
train,4072,incomplete_7949b852-e2cc-4c3e-85a4-ca79834b3133_normalized.flac,incomplete_#b#-e#cc-#c#e-#a#-ca#b#_normalized.flac,human,16000,1,4.54,FLAC,72002
train,4073,de_ivr_00514.wav,de_ivr_#.wav,ivr,16000,1,10.0,WAV,320044
train,4074,human_tts_00107.wav,human_tts_#.wav,human,16000,1,0.912,WAV,29228
train,4075,voicemail_00265.wav,voicemail_#.wav,voicemail,16000,1,10.0,WAV,320044
train,4076,es_human_tts_00312.wav,es_human_tts_#.wav,human,16000,1,1.44,WAV,46124
train,4077,1c9b2eff-9870-4265-9e6f-8dbeb47aa02a.flac,#c#b#eff-#-#-#e#f-#dbeb#aa#a.flac,voicemail,16000,1,1.948625,FLAC,36948
train,4078,0b8e3483-fdb6-440a-bb9c-bdf0afc4ad7d.flac,#b#e#-fdb#-#a-bb#c-bdf#afc#ad#d.flac,answering_machine,16000,1,2.548,FLAC,48357
train,4079,0e5e8c8b-b76a-42da-a88e-5aff6f41c298.flac,#e#e#c#b-b#a-#da-a#e-#aff#f#c#.flac,answering_machine,16000,1,13.8879375,FLAC,263855
train,4080,human_real_00045.wav,human_real_#.wav,human,16000,1,5.973375,WAV,191192
train,4081,am_00045.wav,am_#.wav,answering_machine,16000,1,8.718625,WAV,279040
train,4082,response_3.wav,response_#.wav,human,8000,1,7.424,WAV,59450
train,4083,00262a88-5cb4-4aa8-9fdf-69623884549a.flac,#a#-#cb#-#aa#-#fdf-#a.flac,ivr,16000,1,7.0,FLAC,126402
train,4084,am_00059.wav,am_#.wav,answering_machine,16000,1,10.0,WAV,320044
train,4085,response_7.wav,response_#.wav,human,8000,1,4.437375,WAV,35558
train,4086,00c9660a-6271-448f-8c88-dbda6dfddac8.flac,#c#a-#-#f-#c#-dbda#dfddac#.flac,ivr,16000,1,7.28,FLAC,140040
train,4087,ivr_00361.wav,ivr_#.wav,ivr,16000,1,9.912,WAV,317228
train,4088,01bb9fbc-a947-4d9d-a5ef-5d97dbb0ae09.flac,#bb#fbc-a#-#d#d-a#ef-#d#dbb#ae#.flac,ivr,16000,1,8.48,FLAC,162193
train,4089,human_tts_00094.wav,human_tts_#.wav,human,16000,1,3.36,WAV,107564
train,4090,036b2b00-763d-4796-80cd-bbb250af95a7.flac,#b#b#-#d-#-#cd-bbb#af#a#.flac,ivr,16000,1,4.36,FLAC,97982
train,4091,17bc9879-3d20-4917-a217-6ccb1e23cfc5.flac,#bc#-#d#-#-a#-#ccb#e#cfc#.flac,answering_machine,16000,1,7.424,FLAC,170885
train,4092,1e593371-5a32-4c4e-9e6a-28b91111b59f.flac,#e#-#a#-#c#e-#e#a-#b#b#f.flac,answering_machine,16000,1,13.2696875,FLAC,272318
train,4093,19f28449-e529-4d81-9322-f93b7d06b209.flac,#f#-e#-#d#-#-f#b#d#b#.flac,voicemail,16000,1,8.2935,FLAC,151894
train,4094,1a5d3165-2658-4a3a-a34f-3dab6ba7dad0.flac,#a#d#-#-#a#a-a#f-#dab#ba#dad#.flac,voicemail,16000,1,16.0,FLAC,313577
train,4095,complete_883b1a81-18b4-4ed6-bdbb-2469980e3fb6_normalized.flac,complete_#b#a#-#b#-#ed#-bdbb-#e#fb#_normalized.flac,human,16000,1,4.96375,FLAC,105135
train,4096,1095f24f-4858-4f85-b629-f0a968562c9e.flac,#f#f-#-#f#-b#-f#a#c#e.flac,voicemail,16000,1,5.561125,FLAC,108560
train,4097,human_tts_00136.wav,human_tts_#.wav,human,16000,1,1.392,WAV,44588
train,4098,human_tts_00159.wav,human_tts_#.wav,human,16000,1,2.832,WAV,90668
train,4099,voicemail_00343.wav,voicemail_#.wav,voicemail,16000,1,7.9250625,WAV,253646
train,4100,076dd902-4d70-44c9-ada5-3b3471e5758d.flac,#dd#-#d#-#c#-ada#-#b#e#d.flac,voicemail,16000,1,2.921875,FLAC,45722
train,4101,1c9a9c79-ffaa-41bf-a4fd-4462e380fd03.flac,#c#a#c#-ffaa-#bf-a#fd-#e#fd#.flac,answering_machine,16000,1,3.521375,FLAC,68453
train,4102,16606caa-7897-4372-bb13-2accfd76f4d1.flac,#caa-#-#-bb#-#accfd#f#d#.flac,voicemail,16000,1,16.0,FLAC,279145
train,4103,019e5cbe-d3a5-4370-ab67-e96a33d13367.flac,#e#cbe-d#a#-#-ab#-e#a#d#.flac,ivr,16000,1,8.36,FLAC,168082
train,4104,19bdb190-306d-425f-9679-08c192f98c4e.flac,#bdb#-#d-#f-#-#c#f#c#e.flac,voicemail,16000,1,10.8576875,FLAC,208950
train,4105,1c0ddfca-ee01-4f59-ad34-ff0eac647ee2.flac,#c#ddfca-ee#-#f#-ad#-ff#eac#ee#.flac,voicemail,16000,1,6.9659375,FLAC,107571
train,4106,602661addc3604f481bcb375.wav,#addc#f#bcb#.wav,human,8000,1,28.928,WAV,231482
train,4107,02e201e2-26b7-470f-88ca-01bfd0872d07.flac,#e#e#-#b#-#f-#ca-#bfd#d#.flac,ivr,16000,1,8.0,FLAC,145397
train,4108,042f02bf-c28a-4b35-99ff-3e7363ac50c4.flac,#f#bf-c#a-#b#-#ff-#e#ac#c#.flac,answering_machine,16000,1,13.421125,FLAC,252804
train,4109,60268834c421a821df7c1812.wav,#c#a#df#c#.wav,human,8000,1,5.376,WAV,43066
train,4110,response_29.wav,response_#.wav,human,8000,1,5.717375,WAV,45798
train,4111,0c3bd928-718a-4783-9a91-d911b7078612.flac,#c#bd#-#a-#-#a#-d#b#.flac,voicemail,16000,1,7.3723125,FLAC,112236
train,4112,ivr_00355.wav,ivr_#.wav,ivr,16000,1,7.56,WAV,241964
train,4113,incomplete_64cb867d-84dc-457f-868e-66e1b721687a_normalized.flac,incomplete_#cb#d-#dc-#f-#e-#e#b#a_normalized.flac,human,16000,1,3.52275,FLAC,76367
train,4114,035a6762-718e-4103-b087-5e22f8348d39.flac,#a#-#e-#-b#-#e#f#d#.flac,ivr,16000,1,4.36,FLAC,82905
train,4115,carrier_fr_voicemail_00047.wav,carrier_fr_voicemail_#.wav,voicemail,16000,1,9.5569375,WAV,305866
train,4116,0173469f-1a55-4072-8887-2c1db6a3822b.flac,#f-#a#-#-#-#c#db#a#b.flac,ivr,16000,1,6.24,FLAC,123417
train,4117,02ef446f-1aec-40e1-af05-a023efc4c13f.flac,#ef#f-#aec-#e#-af#-a#efc#c#f.flac,ivr,16000,1,4.88,FLAC,105185
train,4118,16d2f8c8-f164-4676-8975-c4b957286496.flac,#d#f#c#-f#-#-#-c#b#.flac,voicemail,16000,1,13.560625,FLAC,277333
train,4119,10a61696-4a12-4eb9-9155-4a5c49540b91.flac,#a#-#a#-#eb#-#-#a#c#b#.flac,voicemail,16000,1,2.127,FLAC,46609
train,4120,complete_42d2bf26-77ad-449e-b2ce-411fd90e09a5_normalized.flac,complete_#d#bf#-#ad-#e-b#ce-#fd#e#a#_normalized.flac,human,16000,1,4.7175,FLAC,90295
train,4121,01969117-db7b-4675-9a61-d1cf484472f8.flac,#-db#b-#-#a#-d#cf#f#.flac,ivr,16000,1,9.24,FLAC,205358
train,4122,fr_am_00228.wav,fr_am_#.wav,answering_machine,16000,1,10.0,WAV,320044
train,4123,015c9922-d677-40ab-9746-e321366847ae.flac,#c#-d#-#ab-#-e#ae.flac,ivr,16000,1,3.4,FLAC,64324
train,4124,014859ad-fa09-4772-855c-c86135f42044.flac,#ad-fa#-#-#c-c#f#.flac,ivr,16000,1,9.04,FLAC,196693
train,4125,carrier_de_voicemail_00317.wav,carrier_de_voicemail_#.wav,voicemail,16000,1,10.0,WAV,320044
train,4126,024afde9-925a-43a4-8f80-39bd9399c753.flac,#afde#-#a-#a#-#f#-#bd#c#.flac,ivr,16000,1,3.32,FLAC,67074
train,4127,fr_human_real_00038.wav,fr_human_real_#.wav,human,16000,1,6.570625,WAV,210304
train,4128,response_2.wav,response_#.wav,human,8000,1,9.557375,WAV,76518
train,4129,carrier_de_ivr_00358.wav,carrier_de_ivr_#.wav,ivr,16000,1,10.0,WAV,320044
train,4130,01757017-7a2a-46c9-81fb-d4709d2fe766.flac,#-#a#a-#c#-#fb-d#d#fe#.flac,ivr,16000,1,3.96,FLAC,84150
train,4131,12466cd5-2c04-47a0-b764-53ea6b90dbf7.flac,#cd#-#c#-#a#-b#-#ea#b#dbf#.flac,voicemail,16000,1,6.1033125,FLAC,141608
train,4132,complete_2a350140-4385-437e-b532-f7287f5d6c50_normalized.flac,complete_#a#-#-#e-b#-f#f#d#c#_normalized.flac,human,16000,1,4.096,FLAC,85184
train,4133,12d40453-8bd1-4300-83dd-fa9803590824.flac,#d#-#bd#-#-#dd-fa#.flac,answering_machine,16000,1,10.7989375,FLAC,227087
train,4134,carrier_fr_voicemail_00050.wav,carrier_fr_voicemail_#.wav,voicemail,16000,1,9.977,WAV,319308
train,4135,human_real_00049.wav,human_real_#.wav,human,16000,1,4.096,WAV,131116
train,4136,am_00342.wav,am_#.wav,answering_machine,16000,1,10.0,WAV,320044
train,4137,complete_6d9b48cc0dfa497981b8a49152c8177f.flac,complete_#d#b#cc#dfa#b#a#c#f.flac,human,16000,1,5.33725,FLAC,82987
train,4138,response_18.wav,response_#.wav,human,8000,1,5.205375,WAV,41702
train,4139,191fd149-81c7-4bb1-b25b-3f1ecd23a7c6.flac,#fd#-#c#-#bb#-b#b-#f#ecd#a#c#.flac,voicemail,16000,1,5.03575,FLAC,117338
train,4140,0f22f966-6f5b-4730-b8fb-44b2f5b4d1ad.flac,#f#f#-#f#b-#-b#fb-#b#f#b#d#ad.flac,answering_machine,16000,1,10.3179375,FLAC,217765
train,4141,carrier_en_answering_machine_00515.wav,carrier_en_answering_machine_#.wav,answering_machine,16000,1,10.0,WAV,320044
train,4142,07a9e3e7-df15-4545-a9f9-d0cad332cccf.flac,#a#e#e#-df#-#-a#f#-d#cad#cccf.flac,voicemail,16000,1,5.9675,FLAC,127936
train,4143,1178484c-0070-4cd5-8352-2d66d5bddbde.flac,#c-#-#cd#-#-#d#d#bddbde.flac,answering_machine,16000,1,11.8828125,FLAC,242704
train,4144,0c2ad23f-6bc4-4ae9-8a30-03b1f936b34f.flac,#c#ad#f-#bc#-#ae#-#a#-#b#f#b#f.flac,voicemail,16000,1,12.6113125,FLAC,255007
train,4145,carrier_es_ivr_00239.wav,carrier_es_ivr_#.wav,ivr,16000,1,10.0,WAV,320044
train,4146,complete_cc649288-b088-40b8-9052-0a2894b7d912_normalized.flac,complete_cc#-b#-#b#-#-#a#b#d#_normalized.flac,human,16000,1,2.866875,FLAC,58529
train,4147,0712529a-10fb-4326-afa5-e4bc78ffc2c7.flac,#a-#fb-#-afa#-e#bc#ffc#c#.flac,voicemail,16000,1,7.382125,FLAC,134273
train,4148,135b6f5c-be8f-4cab-af56-947d0f404444.flac,#b#f#c-be#f-#cab-af#-#d#f#.flac,voicemail,16000,1,13.1373125,FLAC,267848
train,4149,01830f05-909d-40ae-a564-0b405fbc9935.flac,#f#-#d-#ae-a#-#b#fbc#.flac,answering_machine,16000,1,14.4319375,FLAC,256488
train,4150,03534603-cf3b-4489-8984-15b98551828f.flac,#-cf#b-#-#-#b#f.flac,ivr,16000,1,9.0,FLAC,196374
train,4151,1167fe9e-8ddb-496c-b270-2cef5cae9271.flac,#fe#e-#ddb-#c-b#-#cef#cae#.flac,answering_machine,16000,1,11.3735,FLAC,236932
train,4152,1b770b63-dddf-417e-879a-6d7bd6024c7f.flac,#b#b#-dddf-#e-#a-#d#bd#c#f.flac,voicemail,16000,1,11.3023125,FLAC,254912
train,4153,ivr_00217.wav,ivr_#.wav,ivr,16000,1,10.0,WAV,320044
train,4154,de_human_tts_00461.wav,de_human_tts_#.wav,human,16000,1,3.168,WAV,101420
train,4155,carrier_de_voicemail_00333.wav,carrier_de_voicemail_#.wav,voicemail,16000,1,10.0,WAV,320044
train,4156,de_voicemail_00471.wav,de_voicemail_#.wav,voicemail,16000,1,8.3646875,WAV,267714
train,4157,0490cf9c-4fc3-40b8-861e-6d3cc6ecf8e5.flac,#cf#c-#fc#-#b#-#e-#d#cc#ecf#e#.flac,answering_machine,16000,1,7.253375,FLAC,161339
train,4158,008b1797-42fa-4d49-b919-223eed517ee3.flac,#b#-#fa-#d#-b#-#eed#ee#.flac,ivr,16000,1,4.6,FLAC,100030
train,4159,00ee44fd-dfd1-4214-ac7c-e3f311511b6c.flac,#ee#fd-dfd#-#-ac#c-e#f#b#c.flac,answering_machine,16000,1,14.1525,FLAC,277250
train,4160,incomplete_04330ace3bd345ea93b876fc3619a6e2.flac,incomplete_#ace#bd#ea#b#fc#a#e#.flac,human,16000,1,3.965125,FLAC,65515
train,4161,0af1b352-a558-427f-93be-37dfec19e621.flac,#af#b#-a#-#f-#be-#dfec#e#.flac,answering_machine,16000,1,5.205375,FLAC,102772
train,4162,005a8dce-5b28-4475-9cb6-b50bec1f1771.flac,#a#dce-#b#-#-#cb#-b#bec#f#.flac,ivr,16000,1,8.52,FLAC,162941
train,4163,006035fb-c921-48be-8dc5-1629cfd44d0a.flac,#fb-c#-#be-#dc#-#cfd#d#a.flac,ivr,16000,1,8.52,FLAC,185969
train,4164,complete_c2b74790-3011-4e99-8df6-2d6fe5b10073_normalized.flac,complete_c#b#-#-#e#-#df#-#d#fe#b#_normalized.flac,human,16000,1,5.1825,FLAC,102468
train,4165,0c748ace-c43b-4b9b-aa34-25373972e91c.flac,#c#ace-c#b-#b#b-aa#-#e#c.flac,voicemail,16000,1,12.1949375,FLAC,229174
train,4166,019cc7b0-499e-4d54-b041-ee82e7f88560.flac,#cc#b#-#e-#d#-b#-ee#e#f#.flac,ivr,16000,1,4.36,FLAC,82699
train,4167,0200f6f6-e3c4-415d-a300-1b9d3d239005.flac,#f#f#-e#c#-#d-a#-#b#d#d#.flac,ivr,16000,1,4.84,FLAC,98241
train,4168,1a91095d-295c-4b5d-909b-1036e4220ace.flac,#a#d-#c-#b#d-#b-#e#ace.flac,voicemail,16000,1,10.0401875,FLAC,212153
train,4169,02901397-cae0-43ae-b21c-1bb22c60c2c9.flac,#-cae#-#ae-b#c-#bb#c#c#c#.flac,ivr,16000,1,6.52,FLAC,138750
train,4170,0c31abb9-0d2d-4fc0-b009-f71867b74461.flac,#c#abb#-#d#d-#fc#-b#-f#b#.flac,voicemail,16000,1,14.2626875,FLAC,286651
train,4171,voicemail_00054.wav,voicemail_#.wav,voicemail,16000,1,10.0,WAV,320044
train,4172,am_00028.wav,am_#.wav,answering_machine,16000,1,10.0,WAV,320044
train,4173,0097574e-3cec-402d-bd40-c96dde55def8.flac,#e-#cec-#d-bd#-c#dde#def#.flac,ivr,16000,1,8.52,FLAC,160139
train,4174,ivr_00034.wav,ivr_#.wav,ivr,16000,1,10.0,WAV,320044
train,4175,voicemail_00210.wav,voicemail_#.wav,voicemail,16000,1,6.8746875,WAV,220034
train,4176,00b51f86-d422-4fe4-9b5d-a48a8ec6b357.flac,#b#f#-d#-#fe#-#b#d-a#a#ec#b#.flac,ivr,16000,1,5.08,FLAC,92432
train,4177,incomplete_6e4d737c-e8bf-4e43-a24b-92d72cad3ff6_normalized.flac,incomplete_#e#d#c-e#bf-#e#-a#b-#d#cad#ff#_normalized.flac,human,16000,1,6.54,FLAC,100724
train,4178,006faf6e-ec1a-4bdb-8b53-e39e6c320900.flac,#faf#e-ec#a-#bdb-#b#-e#e#c#.flac,voicemail,16000,1,12.0465625,FLAC,245368
train,4179,134dd7b2-cd89-459a-8275-0576f2cf1dd9.flac,#dd#b#-cd#-#a-#-#f#cf#dd#.flac,voicemail,16000,1,4.5899375,FLAC,95758
train,4180,response_28.wav,response_#.wav,human,8000,1,5.12,WAV,41018
train,4181,incomplete_18ba0cab-0a89-4514-81d3-4019cad92dc3_normalized.flac,incomplete_#ba#cab-#a#-#-#d#-#cad#dc#_normalized.flac,human,16000,1,5.125625,FLAC,105687
train,4182,am_00109.wav,am_#.wav,answering_machine,16000,1,9.7086875,WAV,310722
train,4183,1d9d6bfc-26b3-4a75-a87a-37650775a706.flac,#d#d#bfc-#b#-#a#-a#a-#a#.flac,voicemail,16000,1,11.96575,FLAC,228801
train,4184,02f8fb7b-c717-4047-b39d-5d12b48bb7a3.flac,#f#fb#b-c#-#-b#d-#d#b#bb#a#.flac,ivr,16000,1,5.8,FLAC,112721
train,4185,0303bf0d-fa9d-45b9-b52a-f39771cbac41.flac,#bf#d-fa#d-#b#-b#a-f#cbac#.flac,ivr,16000,1,6.8,FLAC,136274
train,4186,09817b63-b6dc-4fea-857f-fd02622a2077.flac,#b#-b#dc-#fea-#f-fd#a#.flac,voicemail,16000,1,8.3941875,FLAC,165389
train,4187,00054cf4-e4a9-498a-8816-41dd0c69ca3b.flac,#cf#-e#a#-#a-#-#dd#c#ca#b.flac,voicemail,16000,1,4.908375,FLAC,86379
train,4188,am_00252.wav,am_#.wav,answering_machine,16000,1,9.5293125,WAV,304982
train,4189,voicemail_00163.wav,voicemail_#.wav,voicemail,16000,1,10.0,WAV,320044
train,4190,fr_ivr_00170.wav,fr_ivr_#.wav,ivr,16000,1,9.24,WAV,295724
train,4191,02cb69c1-f0e5-4eec-8baa-be34ea6585d7.flac,#cb#c#-f#e#-#eec-#baa-be#ea#d#.flac,ivr,16000,1,7.2,FLAC,144950
train,4192,incomplete_942bd346-a74e-454c-8ebf-36f80ff86a97_normalized.flac,incomplete_#bd#-a#e-#c-#ebf-#f#ff#a#_normalized.flac,human,16000,1,4.17,FLAC,79144
train,4193,172ebfe3-ce49-4427-93c9-8d10accc76cd.flac,#ebfe#-ce#-#-#c#-#d#accc#cd.flac,answering_machine,16000,1,9.670375,FLAC,180679
train,4194,07b002dd-6c52-46ff-903e-7295c4e57453.flac,#b#dd-#c#-#ff-#e-#c#e#.flac,answering_machine,16000,1,4.852,FLAC,105705
train,4195,complete_bc5b7646-501b-485d-956a-1204b0413b35_normalized.flac,complete_bc#b#-#b-#d-#a-#b#b#_normalized.flac,human,16000,1,4.998125,FLAC,95518
train,4196,es_am_00373.wav,es_am_#.wav,answering_machine,16000,1,9.02175,WAV,288740
train,4197,ivr_00195.wav,ivr_#.wav,ivr,16000,1,8.256,WAV,264236
train,4198,complete_66eb95ff-b135-4f49-b5f2-5c82b20f58bf_normalized.flac,complete_#eb#ff-b#-#f#-b#f#-#c#b#f#bf_normalized.flac,human,16000,1,2.304,FLAC,45210
train,4199,026385d5-64b7-40b1-afbf-2c3361e5ae94.flac,#d#-#b#-#b#-afbf-#c#e#ae#.flac,ivr,16000,1,7.12,FLAC,141656
train,4200,incomplete_b9debdf2-2f72-408e-af4a-18ca6f153538_normalized.flac,incomplete_b#debdf#-#f#-#e-af#a-#ca#f#_normalized.flac,human,16000,1,4.84125,FLAC,99990
train,4201,02b6d396-d593-442a-9dc1-616bcb5d65ed.flac,#b#d#-d#-#a-#dc#-#bcb#d#ed.flac,ivr,16000,1,14.72,FLAC,288919
train,4202,0161858b-85ee-46cb-8c3a-8e2ba60c6708.flac,#b-#ee-#cb-#c#a-#e#ba#c#.flac,voicemail,16000,1,15.137625,FLAC,298385
train,4203,voicemail_00089.wav,voicemail_#.wav,voicemail,16000,1,10.0,WAV,320044
train,4204,carrier_fr_human_00029.wav,carrier_fr_human_#.wav,human,16000,1,3.048,WAV,97580
train,4205,incomplete_e5574477-d90b-4de1-873e-cccbd2b26827_normalized.flac,incomplete_e#-d#b-#de#-#e-cccbd#b#_normalized.flac,human,16000,1,6.404125,FLAC,123177
train,4206,602ba5e2963e11ccd901ccbf.wav,#ba#e#e#ccd#ccbf.wav,human,8000,1,42.666625,WAV,341392
train,4207,incomplete_6b135534-0da3-4b8c-829e-2ca1eb09f0ae_normalized.flac,incomplete_#b#-#da#-#b#c-#e-#ca#eb#f#ae_normalized.flac,human,16000,1,4.256875,FLAC,89344
train,4208,ivr_00223.wav,ivr_#.wav,ivr,16000,1,9.744,WAV,311852
train,4209,00e9f97e-1953-4c08-a1a8-f5f54f8ef113.flac,#e#f#e-#-#c#-a#a#-f#f#f#ef#.flac,voicemail,16000,1,4.419625,FLAC,90263
train,4210,complete_27c3251b-d849-406b-99a4-476cfc6f00f5_normalized.flac,complete_#c#b-d#-#b-#a#-#cfc#f#f#_normalized.flac,human,16000,1,3.70025,FLAC,82826
train,4211,02b94190-d01c-4724-ad19-41d347f8dca9.flac,#b#-d#c-#-ad#-#d#f#dca#.flac,ivr,16000,1,10.56,FLAC,207874
train,4212,1363f156-05d1-4206-91f2-9fdfe0a36465.flac,#f#-#d#-#-#f#-#fdfe#a#.flac,answering_machine,16000,1,14.0510625,FLAC,269207
train,4213,1ad4a9f4-f3b0-4336-ab4e-de2667a055b8.flac,#ad#a#f#-f#b#-#-ab#e-de#a#b#.flac,voicemail,16000,1,13.68125,FLAC,266456
train,4214,complete_43cb1702-4bed-44f9-9c05-2f0133e48dc1_normalized.flac,complete_#cb#-#bed-#f#-#c#-#f#e#dc#_normalized.flac,human,16000,1,4.4925,FLAC,82656
train,4215,complete_01314e9620794572a40edf2716add1e0.flac,complete_#e#a#edf#add#e#.flac,human,16000,1,5.0465,FLAC,79400
train,4216,0a3d3967-97c8-4477-bc1d-ff8dcd1c0fa9.flac,#a#d#-#c#-#-bc#d-ff#dcd#c#fa#.flac,voicemail,16000,1,12.8486875,FLAC,247303
train,4217,068b11b1-402a-4609-8076-be35cbd0f525.flac,#b#b#-#a-#-#-be#cbd#f#.flac,answering_machine,16000,1,10.5580625,FLAC,237598
train,4218,00b2fdd4-b587-4cab-98dd-5955d04718c2.flac,#b#fdd#-b#-#cab-#dd-#d#c#.flac,answering_machine,16000,1,3.7546875,FLAC,79377
train,4219,fr_am_00215.wav,fr_am_#.wav,answering_machine,16000,1,10.0,WAV,320044
train,4220,voicemail_00116.wav,voicemail_#.wav,voicemail,16000,1,10.0,WAV,320044
train,4221,14ee58e9-4ccb-4801-9838-10e838627bd4.flac,#ee#e#-#ccb-#-#-#e#bd#.flac,answering_machine,16000,1,4.864,FLAC,98887
train,4222,0c7e9132-9f9b-4f39-a260-fa3e4747e0bf.flac,#c#e#-#f#b-#f#-a#-fa#e#e#bf.flac,answering_machine,16000,1,3.4201875,FLAC,50809
train,4223,19d9b72c-33b1-49b8-83fe-1a186c97e7e3.flac,#d#b#c-#b#-#b#-#fe-#a#c#e#e#.flac,answering_machine,16000,1,5.5466875,FLAC,130374
train,4224,14c2d8e5-ae2c-4856-a566-7507018dfba6.flac,#c#d#e#-ae#c-#-a#-#dfba#.flac,voicemail,16000,1,4.3219375,FLAC,53254
train,4225,response_40.wav,response_#.wav,human,8000,1,21.45525,WAV,171700
train,4226,ivr_00064.wav,ivr_#.wav,ivr,16000,1,8.376,WAV,268076
train,4227,am_00092.wav,am_#.wav,answering_machine,16000,1,10.0,WAV,320044
train,4228,complete_54107b81-b76b-4b49-b6bb-cb5d466815bb_normalized.flac,complete_#b#-b#b-#b#-b#bb-cb#d#bb_normalized.flac,human,16000,1,5.551875,FLAC,89538
train,4229,001d2e6e-1f08-42c1-abbb-fa50ae7e0cf4.flac,#d#e#e-#f#-#c#-abbb-fa#ae#e#cf#.flac,ivr,16000,1,9.56,FLAC,214734
train,4230,es_human_real_00248.wav,es_human_real_#.wav,human,16000,1,10.0,WAV,320044
train,4231,ivr_00221.wav,ivr_#.wav,ivr,16000,1,9.6,WAV,307244
train,4232,01d45959-64a7-462a-81be-b24646c995f7.flac,#d#-#a#-#a-#be-b#c#f#.flac,voicemail,16000,1,5.770125,FLAC,118967
train,4233,06c5ea53-f582-4b76-b1fd-5b84aa0d9280.flac,#c#ea#-f#-#b#-b#fd-#b#aa#d#.flac,answering_machine,16000,1,13.0510625,FLAC,258866
train,4234,15e82737-cf98-446f-bde2-a48760e0893e.flac,#e#-cf#-#f-bde#-a#e#e.flac,voicemail,16000,1,15.292,FLAC,287519
train,4235,1804de1d-475c-4d44-a7cb-650c7b5b40ab.flac,#de#d-#c-#d#-a#cb-#c#b#b#ab.flac,voicemail,16000,1,14.33525,FLAC,237274
train,4236,09d7b79d-7570-446c-a90e-e01952338d22.flac,#d#b#d-#-#c-a#e-e#d#.flac,voicemail,16000,1,9.4825625,FLAC,187895
train,4237,16d67a71-c377-45eb-b22b-c61beed3cbd3.flac,#d#a#-c#-#eb-b#b-c#beed#cbd#.flac,answering_machine,16000,1,6.485375,FLAC,141027
train,4238,01b91d12-32c7-4916-a703-d3e8707d8d72.flac,#b#d#-#c#-#-a#-d#e#d#d#.flac,voicemail,16000,1,11.7611875,FLAC,232874
train,4239,09be7565-5569-4923-b7a3-504c6dc1412e.flac,#be#-#-#-b#a#-#c#dc#e.flac,answering_machine,16000,1,2.9,FLAC,57148
train,4240,0fe689c3-5a8c-409f-83d6-998c63ddfdff.flac,#fe#c#-#a#c-#f-#d#-#c#ddfdff.flac,voicemail,16000,1,12.549625,FLAC,230458
train,4241,0b0ebe90-3566-41eb-948f-8a61f8300faf.flac,#b#ebe#-#-#eb-#f-#a#f#faf.flac,answering_machine,16000,1,13.147875,FLAC,240286
train,4242,00fd736d-3f2f-4e76-b474-44d0149e1100.flac,#fd#d-#f#f-#e#-b#-#d#e#.flac,ivr,16000,1,6.92,FLAC,144791
train,4243,carrier_fr_voicemail_00088.wav,carrier_fr_voicemail_#.wav,voicemail,16000,1,10.0,WAV,320044
train,4244,013acfc5-eddf-4f7a-b12e-dd5cc2ed72f9.flac,#acfc#-eddf-#f#a-b#e-dd#cc#ed#f#.flac,ivr,16000,1,2.4,FLAC,43340
train,4245,de_human_tts_00459.wav,de_human_tts_#.wav,human,16000,1,2.208,WAV,70700
train,4246,00da3120-f82a-4324-8ff1-14aec3fddbe4.flac,#da#-f#a-#-#ff#-#aec#fddbe#.flac,ivr,16000,1,7.08,FLAC,153026
train,4247,06344427-5565-4156-b9f9-9e80f2488b2d.flac,#-#-#-b#f#-#e#f#b#d.flac,answering_machine,16000,1,11.1400625,FLAC,221746
train,4248,fr_am_00206.wav,fr_am_#.wav,answering_machine,16000,1,9.6005,WAV,307260
train,4249,0dbbe603-87be-41ea-984b-978aef9b1642.flac,#dbbe#-#be-#ea-#b-#aef#b#.flac,answering_machine,16000,1,15.5968125,FLAC,271404
train,4250,ivr_00009.wav,ivr_#.wav,ivr,16000,1,9.456,WAV,302636
train,4251,human_tts_00115.wav,human_tts_#.wav,human,16000,1,4.176,WAV,133676
train,4252,fr_am_00243.wav,fr_am_#.wav,answering_machine,16000,1,9.0158125,WAV,288550
train,4253,0058737c-4c5c-40f3-9076-b2fb5fc9e4ea.flac,#c-#c#c-#f#-#-b#fb#fc#e#ea.flac,ivr,16000,1,7.48,FLAC,146613
train,4254,complete_7f1fc516-c8bb-47a9-961a-e1f32ddb6236_normalized.flac,complete_#f#fc#-c#bb-#a#-#a-e#f#ddb#_normalized.flac,human,16000,1,2.9866875,FLAC,63328
train,4255,0d061aed-4c1e-434b-98a4-e2dca1cb0479.flac,#d#aed-#c#e-#b-#a#-e#dca#cb#.flac,voicemail,16000,1,8.3159375,FLAC,140593
train,4256,60269036c7abb7f832138e0d.wav,#c#abb#f#e#d.wav,human,8000,1,8.192,WAV,65594
train,4257,00dfc893-42c8-48ea-b98a-0f782e031fae.flac,#dfc#-#c#-#ea-b#a-#f#e#fae.flac,ivr,16000,1,3.4,FLAC,70499
train,4258,60268d67c7abb7f832138a41.wav,#d#c#abb#f#a#.wav,human,8000,1,12.373375,WAV,99046
train,4259,07a2cde5-fb14-465f-bcd5-eb1e9ca5e672.flac,#a#cde#-fb#-#f-bcd#-eb#e#ca#e#.flac,voicemail,16000,1,11.921,FLAC,247095
train,4260,CA6bfa531ceba6258ca23b0b1097baedec_2.wav,CA#bfa#ceba#ca#b#b#baedec_#.wav,human,8000,1,5.92,WAV,47418
train,4261,CA25bf5637335534b6f17c82c5580eb856_0.wav,CA#bf#b#f#c#c#eb#_#.wav,human,8000,1,8.6,WAV,68858
train,4262,086c5b9b-9415-4c3c-bac9-34f76ddf8680.flac,#c#b#b-#-#c#c-bac#-#f#ddf#.flac,answering_machine,16000,1,4.56475,FLAC,101046
train,4263,02c49f98-c3e8-4df9-a25a-c8a3c4af5c38.flac,#c#f#-c#e#-#df#-a#a-c#a#c#af#c#.flac,ivr,16000,1,6.0,FLAC,125863
train,4264,human_tts_00105.wav,human_tts_#.wav,human,16000,1,2.568,WAV,82220
train,4265,complete_27757f5b-3ca1-4612-b097-628cfbcb7b24_normalized.flac,complete_#f#b-#ca#-#-b#-#cfbcb#b#_normalized.flac,human,16000,1,3.3493125,FLAC,72014
train,4266,032aa196-d9ce-46a2-9753-afd02871c3ea.flac,#aa#-d#ce-#a#-#-afd#c#ea.flac,ivr,16000,1,10.76,FLAC,228683
train,4267,134ae899-3d8e-4d7d-8ac5-d329c24c5ce2.flac,#ae#-#d#e-#d#d-#ac#-d#c#c#ce#.flac,answering_machine,16000,1,5.5295625,FLAC,95346
train,4268,response_24.wav,response_#.wav,human,8000,1,9.045375,WAV,72422
train,4269,incomplete_3646671d-cce7-4270-b6e3-233d662e0ff1_normalized.flac,incomplete_#d-cce#-#-b#e#-#d#e#ff#_normalized.flac,human,16000,1,6.365625,FLAC,122983
train,4270,14eac395-bf6d-409a-82ed-864c019faec8.flac,#eac#-bf#d-#a-#ed-#c#faec#.flac,answering_machine,16000,1,6.997375,FLAC,157700
train,4271,incomplete_e82458ee-576c-47a8-8ac3-22179a833c11_normalized.flac,incomplete_e#ee-#c-#a#-#ac#-#a#c#_normalized.flac,human,16000,1,4.618625,FLAC,98886
train,4272,incomplete_460926c5-5f62-4a5c-a036-045d5192e61e_normalized.flac,incomplete_#c#-#f#-#a#c-a#-#d#e#e_normalized.flac,human,16000,1,7.326375,FLAC,146980
train,4273,19ec0091-bca7-4086-b519-f6b4a97ae663.flac,#ec#-bca#-#-b#-f#b#a#ae#.flac,answering_machine,16000,1,10.774375,FLAC,218501
train,4274,01f60a34-21af-4024-9f24-445adf1da0f1.flac,#f#a#-#af-#-#f#-#adf#da#f#.flac,ivr,16000,1,11.84,FLAC,242622
train,4275,17321ad2-d753-4123-aaae-388b64a4fa7a.flac,#ad#-d#-#-aaae-#b#a#fa#a.flac,answering_machine,16000,1,3.7546875,FLAC,80674
train,4276,09a9ee7c-64b3-4ebb-9137-fe0dea1cf686.flac,#a#ee#c-#b#-#ebb-#-fe#dea#cf#.flac,voicemail,16000,1,13.1784375,FLAC,259901
train,4277,am_00348.wav,am_#.wav,answering_machine,16000,1,9.3096875,WAV,297954
train,4278,05213d29-744b-4201-91a5-2e58609a5552.flac,#d#-#b-#-#a#-#e#a#.flac,answering_machine,16000,1,15.312,FLAC,331670
train,4279,019779aa-12da-488c-976a-8330e92a594b.flac,#aa-#da-#c-#a-#e#a#b.flac,ivr,16000,1,12.36,FLAC,258619
train,4280,fr_human_tts_00109.wav,fr_human_tts_#.wav,human,16000,1,3.576,WAV,114476
train,4281,187bdc88-8924-4a4a-99c0-af4a48aeb122.flac,#bdc#-#-#a#a-#c#-af#a#aeb#.flac,voicemail,16000,1,6.147,FLAC,138489
train,4282,01e3d322-f927-45ee-83fa-2544a68fb1f4.flac,#e#d#-f#-#ee-#fa-#a#fb#f#.flac,ivr,16000,1,4.16,FLAC,76775
train,4283,voicemail_00018.wav,voicemail_#.wav,voicemail,16000,1,10.0,WAV,320044
train,4284,173b9b5a-82e1-4786-a101-14779e0038a0.flac,#b#b#a-#e#-#-a#-#e#a#.flac,voicemail,16000,1,12.1945,FLAC,241521
train,4285,1493425c-f5df-4cc2-b3ee-d655cdb6131b.flac,#c-f#df-#cc#-b#ee-d#cdb#b.flac,voicemail,16000,1,6.2229375,FLAC,121569
train,4286,carrier_en_human_00407.wav,carrier_en_human_#.wav,human,16000,1,2.256,WAV,72236
train,4287,ivr_00383.wav,ivr_#.wav,ivr,16000,1,8.7166875,WAV,278978
train,4288,05176d4f-83b1-4ee0-942e-d4544dbb5f91.flac,#d#f-#b#-#ee#-#e-d#dbb#f#.flac,answering_machine,16000,1,4.352,FLAC,87697
train,4289,incomplete_7135ee6f-d455-4432-b45e-665f9827edf3_normalized.flac,incomplete_#ee#f-d#-#-b#e-#f#edf#_normalized.flac,human,16000,1,3.909375,FLAC,78075
train,4290,incomplete_2b5504ba-b475-4be8-b4c9-e2c0eb54480d_normalized.flac,incomplete_#b#ba-b#-#be#-b#c#-e#c#eb#d_normalized.flac,human,16000,1,5.15625,FLAC,103686
train,4291,023caf91-4e96-403e-b548-63215d537b30.flac,#caf#-#e#-#e-b#-#d#b#.flac,answering_machine,16000,1,14.8708125,FLAC,280984
train,4292,001ac15b-e84e-419b-9c0d-92ef3a3e481c.flac,#ac#b-e#e-#b-#c#d-#ef#a#e#c.flac,ivr,16000,1,10.12,FLAC,205651
train,4293,response_48.wav,response_#.wav,human,8000,1,10.325375,WAV,82662
train,4294,carrier_de_voicemail_00327.wav,carrier_de_voicemail_#.wav,voicemail,16000,1,10.0,WAV,320044
train,4295,ivr_00120.wav,ivr_#.wav,ivr,16000,1,7.944,WAV,254252
train,4296,0238e59d-0f03-4029-a438-cdea3d20bb21.flac,#e#d-#f#-#-a#-cdea#d#bb#.flac,ivr,16000,1,6.16,FLAC,130040
train,4297,complete_c5d439f635c5478bbc2f8bc44955a8b0.flac,complete_c#d#f#c#bbc#f#bc#a#b#.flac,human,16000,1,5.1046875,FLAC,70604
train,4298,am_00088.wav,am_#.wav,answering_machine,16000,1,10.0,WAV,320044
train,4299,60268cc2c7abb7f8321389c6.wav,#cc#c#abb#f#c#.wav,human,8000,1,3.584,WAV,28730
train,4300,033bac8d-0538-481f-b69c-2772bc1c9075.flac,#bac#d-#-#f-b#c-#bc#c#.flac,ivr,16000,1,9.24,FLAC,185105
train,4301,002db1ce-a85a-4db3-8ac0-67936ebda218.flac,#db#ce-a#a-#db#-#ac#-#ebda#.flac,ivr,16000,1,8.36,FLAC,155466
train,4302,130eed84-cb2d-49f3-b037-064f01f8e665.flac,#eed#-cb#d-#f#-b#-#f#f#e#.flac,answering_machine,16000,1,10.69975,FLAC,196796
train,4303,01a53edc-00c6-461e-8f55-756ba822e7e2.flac,#a#edc-#c#-#e-#f#-#ba#e#e#.flac,ivr,16000,1,9.48,FLAC,198088
train,4304,00f9ef99-f669-4c31-92e2-f6b14aa04b85.flac,#f#ef#-f#-#c#-#e#-f#b#aa#b#.flac,ivr,16000,1,6.4,FLAC,129970
train,4305,human_tts_00168.wav,human_tts_#.wav,human,16000,1,2.016,WAV,64556
train,4306,00fc2ecc-4db8-40c1-93c9-7d28adbdd261.flac,#fc#ecc-#db#-#c#-#c#-#d#adbdd#.flac,ivr,16000,1,6.76,FLAC,132272
train,4307,035c07ec-8b13-419c-88e8-d84755f250ad.flac,#c#ec-#b#-#c-#e#-d#f#ad.flac,ivr,16000,1,10.8,FLAC,260279
train,4308,14934fd4-94b8-4aed-a899-0ff9490504bd.flac,#fd#-#b#-#aed-a#-#ff#bd.flac,answering_machine,16000,1,12.4623125,FLAC,237895
train,4309,01d0cf3d-bb23-4642-8d58-d3820e1dfadc.flac,#d#cf#d-bb#-#-#d#-d#e#dfadc.flac,ivr,16000,1,14.52,FLAC,289313
train,4310,17a0900f-cf2a-49a7-86c9-58d9ddab94f4.flac,#a#f-cf#a-#a#-#c#-#d#ddab#f#.flac,answering_machine,16000,1,5.66525,FLAC,121776
train,4311,carrier_fr_voicemail_00066.wav,carrier_fr_voicemail_#.wav,voicemail,16000,1,10.0,WAV,320044
train,4312,0ffb3302-c9fd-4be7-a2e1-f8ec9ed45f32.flac,#ffb#-c#fd-#be#-a#e#-f#ec#ed#f#.flac,voicemail,16000,1,6.350625,FLAC,100936
train,4313,01f91e52-9b05-4016-a1f7-9a3769b86902.flac,#f#e#-#b#-#-a#f#-#a#b#.flac,ivr,16000,1,6.32,FLAC,112859
train,4314,1d68b1be-c465-432e-868d-f7c47c646b44.flac,#d#b#be-c#-#e-#d-f#c#c#b#.flac,answering_machine,16000,1,4.046,FLAC,59017
train,4315,026c6493-13ba-47a7-b822-0a6c6efd54d2.flac,#c#-#ba-#a#-b#-#a#c#efd#d#.flac,ivr,16000,1,12.96,FLAC,270131
train,4316,am_00174.wav,am_#.wav,answering_machine,16000,1,10.0,WAV,320044
train,4317,incomplete_81fb45eb-b48c-46aa-9c83-7ceab836f061_normalized.flac,incomplete_#fb#eb-b#c-#aa-#c#-#ceab#f#_normalized.flac,human,16000,1,4.3,FLAC,61023
train,4318,incomplete_ddbb2f48-6f42-4ad1-9a57-5dcc7a6b5609_normalized.flac,incomplete_ddbb#f#-#f#-#ad#-#a#-#dcc#a#b#_normalized.flac,human,16000,1,3.909375,FLAC,79137
train,4319,06b92cd2-f013-42f7-85e8-1485de708679.flac,#b#cd#-f#-#f#-#e#-#de#.flac,answering_machine,16000,1,3.157375,FLAC,63622
train,4320,ivr_00020.wav,ivr_#.wav,ivr,16000,1,10.0,WAV,320044
train,4321,0d308ac7-7250-46bf-906a-f7b73b403b79.flac,#d#ac#-#-#bf-#a-f#b#b#b#.flac,answering_machine,16000,1,32.596375,FLAC,681199
train,4322,human_real_00018.wav,human_real_#.wav,human,16000,1,8.106625,WAV,259456
train,4323,complete_4e9c1387-0b1b-4f9a-ad26-048e37f278a7_normalized.flac,complete_#e#c#-#b#b-#f#a-ad#-#e#f#a#_normalized.flac,human,16000,1,5.9565,FLAC,128661
train,4324,0c19eaaf-d2d5-4aa6-9c33-a4d61650abb6.flac,#c#eaaf-d#d#-#aa#-#c#-a#d#abb#.flac,answering_machine,16000,1,3.6071875,FLAC,62905
train,4325,0832fb78-f372-4232-b85d-ed69ce123e20.flac,#fb#-f#-#-b#d-ed#ce#e#.flac,voicemail,16000,1,11.655,FLAC,240984
train,4326,incomplete_32b3eeb5-cebe-4519-a82d-64bdce2c6b81_normalized.flac,incomplete_#b#eeb#-cebe-#-a#d-#bdce#c#b#_normalized.flac,human,16000,1,4.951875,FLAC,98687
train,4327,000dae34-596a-4958-9eda-c69f90369ca1.flac,#dae#-#a-#-#eda-c#f#ca#.flac,ivr,16000,1,12.24,FLAC,224448
train,4328,ivr_00158.wav,ivr_#.wav,ivr,16000,1,10.0,WAV,320044
train,4329,voicemail_00307.wav,voicemail_#.wav,voicemail,16000,1,7.8763125,WAV,252086
train,4330,am_00147.wav,am_#.wav,answering_machine,16000,1,8.5129375,WAV,272458
train,4331,0e27da94-ccea-4404-bb5d-88e26badb2b1.flac,#e#da#-ccea-#-bb#d-#e#badb#b#.flac,answering_machine,16000,1,13.581875,FLAC,274683
train,4332,ivr_00287.wav,ivr_#.wav,ivr,16000,1,9.216,WAV,294956
train,4333,1c2499ce-78d7-4386-a959-5a3ef49bb209.flac,#c#ce-#d#-#-a#-#a#ef#bb#.flac,voicemail,16000,1,5.294125,FLAC,102712
train,4334,1a26a682-f2d2-4cd4-8edf-58b0b9c591ab.flac,#a#a#-f#d#-#cd#-#edf-#b#b#c#ab.flac,voicemail,16000,1,12.1489375,FLAC,246503
train,4335,human_tts_00186.wav,human_tts_#.wav,human,16000,1,2.112,WAV,67628
train,4336,0a7389a7-7680-413b-8826-68f4d6975bed.flac,#a#a#-#-#b-#-#f#d#bed.flac,voicemail,16000,1,16.0,FLAC,290372
train,4337,am_00371.wav,am_#.wav,answering_machine,16000,1,10.0,WAV,320044
train,4338,am_00278.wav,am_#.wav,answering_machine,16000,1,10.0,WAV,320044
train,4339,0359dc4b-b7d3-447b-858b-1c204e597745.flac,#dc#b-b#d#-#b-#b-#c#e#.flac,ivr,16000,1,6.96,FLAC,143166
train,4340,02d2e609-6bc1-4294-8e9f-d5c89b97908e.flac,#d#e#-#bc#-#-#e#f-d#c#b#e.flac,ivr,16000,1,6.28,FLAC,136555
train,4341,complete_cb6f3990-cee6-4665-9f05-9324187c7686_normalized.flac,complete_cb#f#-cee#-#-#f#-#c#_normalized.flac,human,16000,1,1.91125,FLAC,39292
train,4342,carrier_fr_human_00011.wav,carrier_fr_human_#.wav,human,16000,1,3.048,WAV,97580
train,4343,am_00024.wav,am_#.wav,answering_machine,16000,1,9.3721875,WAV,299954
train,4344,response_41.wav,response_#.wav,human,8000,1,13.056,WAV,104506
train,4345,033b30a3-83d5-4e78-a12d-beecb248816d.flac,#b#a#-#d#-#e#-a#d-beecb#d.flac,voicemail,16000,1,14.3295625,FLAC,270749
train,4346,am_00162.wav,am_#.wav,answering_machine,16000,1,8.7221875,WAV,279154
train,4347,028475e4-7467-4703-9867-4482507729a2.flac,#e#-#-#-#-#a#.flac,voicemail,16000,1,12.1299375,FLAC,260343
train,4348,0079e9be-f175-4a13-be30-7eddea6bf755.flac,#e#be-f#-#a#-be#-#eddea#bf#.flac,ivr,16000,1,6.72,FLAC,131635
train,4349,17843b74-fd55-4fa4-819b-fa1783847ec2.flac,#b#-fd#-#fa#-#b-fa#ec#.flac,voicemail,16000,1,6.3041875,FLAC,148785
train,4350,human_real_00194.wav,human_real_#.wav,human,16000,1,5.290625,WAV,169344
train,4351,human_real_00023.wav,human_real_#.wav,human,16000,1,5.205375,WAV,166616
train,4352,incomplete_0d32f57f-c512-4d14-ae03-6a63e7d1dea5_normalized.flac,incomplete_#d#f#f-c#-#d#-ae#-#a#e#d#dea#_normalized.flac,human,16000,1,6.9,FLAC,140164
train,4353,CAd5f876bcac3c16f18e96e751351bcc32_0.wav,CAd#f#bcac#c#f#e#e#bcc#_#.wav,human,8000,1,8.48,WAV,67898
train,4354,incomplete_5881e762-75ff-460e-b3e8-0a3963db5859_normalized.flac,incomplete_#e#-#ff-#e-b#e#-#a#db#_normalized.flac,human,16000,1,5.6853125,FLAC,123544
train,4355,1a5b5f5f-5d50-4723-b560-8c322b2d8ffe.flac,#a#b#f#f-#d#-#-b#-#c#b#d#ffe.flac,answering_machine,16000,1,11.4840625,FLAC,233063
train,4356,00d45651-4d85-4154-bef5-1734fd37559d.flac,#d#-#d#-#-bef#-#fd#d.flac,ivr,16000,1,7.68,FLAC,151922
train,4357,1cfda764-0319-4e1e-becc-b22288e8ec15.flac,#cfda#-#-#e#e-becc-b#e#ec#.flac,answering_machine,16000,1,11.55075,FLAC,251688
train,4358,1be26364-672b-4e3b-84d6-a57c55a8fe38.flac,#be#-#b-#e#b-#d#-a#c#a#fe#.flac,voicemail,16000,1,9.1731875,FLAC,185171
train,4359,0cf3c09a-a516-4d81-9810-652657e3010b.flac,#cf#c#a-a#-#d#-#-#e#b.flac,answering_machine,16000,1,12.561625,FLAC,257955
train,4360,incomplete_457f9e08-bd65-4838-a8f7-7b0afa45f4f9_normalized.flac,incomplete_#f#e#-bd#-#-a#f#-#b#afa#f#f#_normalized.flac,human,16000,1,3.214375,FLAC,64026
train,4361,02a326f0-1eed-479d-8b0c-dda2dabaee67.flac,#a#f#-#eed-#d-#b#c-dda#dabaee#.flac,ivr,16000,1,10.56,FLAC,219607
train,4362,carrier_en_voicemail_00433.wav,carrier_en_voicemail_#.wav,voicemail,16000,1,10.0,WAV,320044
train,4363,response_30.wav,response_#.wav,human,8000,1,4.266625,WAV,34192
train,4364,complete_d65284d9-ff06-46a3-bc7f-26a3e777150d_normalized.flac,complete_d#d#-ff#-#a#-bc#f-#a#e#d_normalized.flac,human,16000,1,3.64,FLAC,55101
train,4365,1e388ad5-1644-4809-a423-d2238ea95b32.flac,#e#ad#-#-#-a#-d#ea#b#.flac,answering_machine,16000,1,7.0826875,FLAC,158129
train,4366,complete_50f66f55-2887-4379-80d4-786c9b752b67_normalized.flac,complete_#f#f#-#-#-#d#-#c#b#b#_normalized.flac,human,16000,1,2.25625,FLAC,54154
train,4367,07c8b27c-ef92-4beb-b530-27b1b0209ba5.flac,#c#b#c-ef#-#beb-b#-#b#b#ba#.flac,answering_machine,16000,1,7.94,FLAC,170326
train,4368,069dcd67-663c-4591-9806-b9d59951e4fa.flac,#dcd#-#c-#-#-b#d#e#fa.flac,answering_machine,16000,1,13.6410625,FLAC,281232
train,4369,01bc9b2d-d393-4c50-b44c-3e25ce2d7885.flac,#bc#b#d-d#-#c#-b#c-#e#ce#d#.flac,ivr,16000,1,11.12,FLAC,222915
train,4370,voicemail_00377.wav,voicemail_#.wav,voicemail,16000,1,8.0959375,WAV,259114
train,4371,164cb2b9-77ea-410b-96eb-29bab1621b73.flac,#cb#b#-#ea-#b-#eb-#bab#b#.flac,voicemail,16000,1,3.3033125,FLAC,68508
train,4372,03386a79-10b1-4e8e-89af-58abb1e0a8e5.flac,#a#-#b#-#e#e-#af-#abb#e#a#e#.flac,ivr,16000,1,12.64,FLAC,254514
train,4373,011e4f3d-434c-4a39-b736-47f96189449a.flac,#e#f#d-#c-#a#-b#-#f#a.flac,ivr,16000,1,6.04,FLAC,123837
train,4374,116312d7-285a-4e12-9a1d-012b223a3b97.flac,#d#-#a-#e#-#a#d-#b#a#b#.flac,answering_machine,16000,1,11.39425,FLAC,215933
train,4375,03682a77-13c9-4071-9faa-0d898e7617a0.flac,#a#-#c#-#-#faa-#d#e#a#.flac,answering_machine,16000,1,9.4498125,FLAC,169475
train,4376,15ea8c4e-7d4e-48b0-93b4-5f4d1a06cfe9.flac,#ea#c#e-#d#e-#b#-#b#-#f#d#a#cfe#.flac,voicemail,16000,1,10.56775,FLAC,211067
train,4377,143f0ca7-df85-4df4-98dd-137346e08edb.flac,#f#ca#-df#-#df#-#dd-#e#edb.flac,voicemail,16000,1,15.169625,FLAC,270077
train,4378,161e4044-a5e2-4fbe-82fc-e13e9e5c6235.flac,#e#-a#e#-#fbe-#fc-e#e#e#c#.flac,voicemail,16000,1,3.14,FLAC,65487
train,4379,14af10bf-8a47-4347-9b32-d173dfb0b5ad.flac,#af#bf-#a#-#-#b#-d#dfb#b#ad.flac,voicemail,16000,1,12.105375,FLAC,257068
train,4380,60268fd7c7abb7f832138d5d.wav,#fd#c#abb#f#d#d.wav,human,8000,1,5.034625,WAV,40336
train,4381,0084bd2f-c06e-4a59-9124-d247d242e467.flac,#bd#f-c#e-#a#-#-d#d#e#.flac,ivr,16000,1,6.88,FLAC,143902
train,4382,0a035f10-fe11-4996-9adf-ea8f198a081a.flac,#a#f#-fe#-#-#adf-ea#f#a#a.flac,answering_machine,16000,1,10.205,FLAC,187782
train,4383,human_real_00144.wav,human_real_#.wav,human,16000,1,8.545,WAV,273484
train,4384,02573e8b-c15c-4d6c-a208-f3d48a2d8b30.flac,#e#b-c#c-#d#c-a#-f#d#a#d#b#.flac,ivr,16000,1,11.56,FLAC,217781
train,4385,incomplete_c40eb256-5b22-43d9-8ca0-51911cc4f6a2_normalized.flac,incomplete_c#eb#-#b#-#d#-#ca#-#cc#f#a#_normalized.flac,human,16000,1,5.3025,FLAC,101770
train,4386,0fbd137b-ec71-4f19-9795-831354245369.flac,#fbd#b-ec#-#f#-#-#.flac,answering_machine,16000,1,11.34525,FLAC,220678
train,4387,1464f6b9-8300-410a-9974-b4d3f1b91fe7.flac,#f#b#-#-#a-#-b#d#f#b#fe#.flac,voicemail,16000,1,14.875125,FLAC,308311
train,4388,1da0130d-d820-41dd-9a00-4768b3e243b4.flac,#da#d-d#-#dd-#a#-#b#e#b#.flac,answering_machine,16000,1,11.368375,FLAC,267475
train,4389,carrier_de_ivr_00359.wav,carrier_de_ivr_#.wav,ivr,16000,1,10.0,WAV,320044
train,4390,fr_human_tts_00103.wav,fr_human_tts_#.wav,human,16000,1,3.0,WAV,96044
train,4391,complete_b6b559b8-d7e8-4a71-8888-2be49aab7972_normalized.flac,complete_b#b#b#-d#e#-#a#-#-#be#aab#_normalized.flac,human,16000,1,2.908,FLAC,55381
train,4392,0e71fc55-b8b3-47bd-8188-ad26e05cd7e3.flac,#e#fc#-b#b#-#bd-#-ad#e#cd#e#.flac,answering_machine,16000,1,10.76975,FLAC,215868
train,4393,incomplete_53b7aaa9-4b08-4ee2-9606-44f88b1b0e6e_normalized.flac,incomplete_#b#aaa#-#b#-#ee#-#-#f#b#b#e#e_normalized.flac,human,16000,1,6.796875,FLAC,132845
train,4394,am_00039.wav,am_#.wav,answering_machine,16000,1,9.983625,WAV,319520
train,4395,024ba77c-195d-4764-86be-4a59bdff62f6.flac,#ba#c-#d-#-#be-#a#bdff#f#.flac,ivr,16000,1,4.48,FLAC,103587
train,4396,01c86088-6848-43b1-8baf-e02d062c1f7c.flac,#c#-#-#b#-#baf-e#d#c#f#c.flac,ivr,16000,1,12.72,FLAC,275314
train,4397,0cf794e5-7ca2-4f95-a39e-6927bcf5132b.flac,#cf#e#-#ca#-#f#-a#e-#bcf#b.flac,answering_machine,16000,1,16.0,FLAC,332694
train,4398,ivr_00211.wav,ivr_#.wav,ivr,16000,1,9.576,WAV,306476
train,4399,01fef2f0-dcef-484e-8ca6-019d7a460c4d.flac,#fef#f#-dcef-#e-#ca#-#d#a#c#d.flac,answering_machine,16000,1,10.93525,FLAC,220440
train,4400,031e83d7-b1eb-4487-b0b3-eac25ad32fa3.flac,#e#d#-b#eb-#-b#b#-eac#ad#fa#.flac,ivr,16000,1,3.76,FLAC,73960
train,4401,026fbb46-1c07-42c3-bb0a-f187a7e23d83.flac,#fbb#-#c#-#c#-bb#a-f#a#e#d#.flac,ivr,16000,1,5.12,FLAC,99988
train,4402,fr_am_00222.wav,fr_am_#.wav,answering_machine,16000,1,10.0,WAV,320044
train,4403,carrier_fr_ivr_00120.wav,carrier_fr_ivr_#.wav,ivr,16000,1,7.584,WAV,242732
train,4404,093c61c8-9efe-40e7-9a88-8204e7224608.flac,#c#c#-#efe-#e#-#a#-#e#.flac,voicemail,16000,1,5.6424375,FLAC,96118
train,4405,080255dd-9ace-48e6-9fae-460bc1e10e64.flac,#dd-#ace-#e#-#fae-#bc#e#e#.flac,voicemail,16000,1,11.7155,FLAC,193398
train,4406,1a998c38-9b84-4e4c-97f9-7e53be167e25.flac,#a#c#-#b#-#e#c-#f#-#e#be#e#.flac,answering_machine,16000,1,13.3368125,FLAC,263141
train,4407,0e9a098a-fe13-4948-8d96-7bfd82bc523a.flac,#e#a#a-fe#-#-#d#-#bfd#bc#a.flac,voicemail,16000,1,13.0673125,FLAC,272325
train,4408,029655ee-efed-44ef-a2e3-9f65fd55aef2.flac,#ee-efed-#ef-a#e#-#f#fd#aef#.flac,ivr,16000,1,10.2,FLAC,210322
train,4409,incomplete_02cef34a-a6de-4189-8262-ebb58268fbdb_normalized.flac,incomplete_#cef#a-a#de-#-#-ebb#fbdb_normalized.flac,human,16000,1,4.416,FLAC,83750
train,4410,human_tts_00079.wav,human_tts_#.wav,human,16000,1,2.976,WAV,95276
train,4411,1b35364b-db69-4f5b-9aef-cba44e83f899.flac,#b#b-db#-#f#b-#aef-cba#e#f#.flac,answering_machine,16000,1,4.4063125,FLAC,87874
train,4412,0d28517e-8f59-4116-87eb-92569e73c435.flac,#d#e-#f#-#-#eb-#e#c#.flac,voicemail,16000,1,13.56,FLAC,253643
train,4413,0981eee2-dfbb-42e9-9f92-4d485068bb97.flac,#eee#-dfbb-#e#-#f#-#d#bb#.flac,answering_machine,16000,1,3.764,FLAC,83271
train,4414,07c3850a-758b-4a46-98ae-bd026760b02b.flac,#c#a-#b-#a#-#ae-bd#b#b.flac,answering_machine,16000,1,10.7636875,FLAC,202652
train,4415,incomplete_451af61e-8f20-451e-bbed-40bbfa223e9f_normalized.flac,incomplete_#af#e-#f#-#e-bbed-#bbfa#e#f_normalized.flac,human,16000,1,3.350625,FLAC,65442
train,4416,1d70158d-d85f-4d32-95d8-be7b7066db45.flac,#d#d-d#f-#d#-#d#-be#b#db#.flac,voicemail,16000,1,16.0,FLAC,335191
train,4417,05ba0549-890b-4cd7-8891-c3ba45c30358.flac,#ba#-#b-#cd#-#-c#ba#c#.flac,voicemail,16000,1,3.3571875,FLAC,58451
train,4418,ivr_00150.wav,ivr_#.wav,ivr,16000,1,10.0,WAV,320044
train,4419,004233de-1ece-4d92-a95f-231a394d993b.flac,#de-#ece-#d#-a#f-#a#d#b.flac,ivr,16000,1,9.08,FLAC,193216
train,4420,0b4ad913-755a-43d9-a361-3623486c679c.flac,#b#ad#-#a-#d#-a#-#c#c.flac,answering_machine,16000,1,13.3811875,FLAC,269117
train,4421,022390b1-fef7-4e8e-862b-26f1bbbc0641.flac,#b#-fef#-#e#e-#b-#f#bbbc#.flac,ivr,16000,1,7.84,FLAC,165834
train,4422,002be122-75f1-4847-95f8-6af637cb9f1f.flac,#be#-#f#-#-#f#-#af#cb#f#f.flac,ivr,16000,1,10.76,FLAC,214914
train,4423,06261256-a776-4520-8054-e40550f25911.flac,#-a#-#-#-e#f#.flac,voicemail,16000,1,16.0,FLAC,315756
train,4424,10842e6c-15f7-4929-b3d2-f00c793444ed.flac,#e#c-#f#-#-b#d#-f#c#ed.flac,voicemail,16000,1,2.8519375,FLAC,44696
train,4425,incomplete_77cb63164e864242bf71b1a6d61dfa44.flac,incomplete_#cb#e#bf#b#a#d#dfa#.flac,human,16000,1,3.187375,FLAC,49707
train,4426,10d8e294-3baf-4899-9412-639858900b75.flac,#d#e#-#baf-#-#-#b#.flac,answering_machine,16000,1,2.8756875,FLAC,51674
train,4427,05919e3c-1d5b-4fcc-90c9-84df7c5e8a8b.flac,#e#c-#d#b-#fcc-#c#-#df#c#e#a#b.flac,answering_machine,16000,1,3.6501875,FLAC,59012
train,4428,00342155-983a-48f9-9e6d-72897b0add85.flac,#-#a-#f#-#e#d-#b#add#.flac,ivr,16000,1,8.88,FLAC,166545
train,4429,ivr_00179.wav,ivr_#.wav,ivr,16000,1,9.864,WAV,315692
train,4430,de_human_tts_00464.wav,de_human_tts_#.wav,human,16000,1,2.616,WAV,83756
train,4431,carrier_es_ivr_00254.wav,carrier_es_ivr_#.wav,ivr,16000,1,10.0,WAV,320044
train,4432,0243e103-ae80-4bd2-b4eb-6dfa80a31342.flac,#e#-ae#-#bd#-b#eb-#dfa#a#.flac,ivr,16000,1,8.0,FLAC,160728
train,4433,human_real_00130.wav,human_real_#.wav,human,16000,1,3.242625,WAV,103808
train,4434,1646bacd-3a1a-4c86-a1b6-bda96f086b38.flac,#bacd-#a#a-#c#-a#b#-bda#f#b#.flac,answering_machine,16000,1,9.172125,FLAC,160616
train,4435,1968f9b3-1b1e-4754-998c-1d7f22ef472e.flac,#f#b#-#b#e-#-#c-#d#f#ef#e.flac,voicemail,16000,1,14.678125,FLAC,272904
train,4436,022760e9-bbda-4610-b1a9-7905b70d2b17.flac,#e#-bbda-#-b#a#-#b#d#b#.flac,voicemail,16000,1,3.6670625,FLAC,53632
train,4437,carrier_es_voicemail_00192.wav,carrier_es_voicemail_#.wav,voicemail,16000,1,10.0,WAV,320044
train,4438,12d655d3-f3e7-420f-9bbf-a5512ceaefd3.flac,#d#d#-f#e#-#f-#bbf-a#ceaefd#.flac,answering_machine,16000,1,8.158375,FLAC,161839
train,4439,09abd87e-9fd5-4d2a-8fdd-5cb461af4cb3.flac,#abd#e-#fd#-#d#a-#fdd-#cb#af#cb#.flac,answering_machine,16000,1,2.6059375,FLAC,53141
train,4440,1cf83c21-da36-4887-808d-9430125647c5.flac,#cf#c#-da#-#-#d-#c#.flac,voicemail,16000,1,15.892875,FLAC,290200
train,4441,051b24bb-4dd8-47cd-b74e-0b43a8cfa5b9.flac,#b#bb-#dd#-#cd-b#e-#b#a#cfa#b#.flac,answering_machine,16000,1,9.77075,FLAC,194908
train,4442,0ec38b7b-78e6-4dc3-896c-503bbd6e1659.flac,#ec#b#b-#e#-#dc#-#c-#bbd#e#.flac,answering_machine,16000,1,2.562625,FLAC,48714
train,4443,1e634f29-7014-491e-9c1a-a6c8a73378af.flac,#e#f#-#-#e-#c#a-a#c#a#af.flac,voicemail,16000,1,6.582375,FLAC,99672
train,4444,incomplete_baff919d-7495-4ae8-8027-ca39bc2559d7_normalized.flac,incomplete_baff#d-#-#ae#-#-ca#bc#d#_normalized.flac,human,16000,1,9.888,FLAC,206507
train,4445,de_voicemail_00491.wav,de_voicemail_#.wav,voicemail,16000,1,10.0,WAV,320044
train,4446,053d3e0d-54b5-4a87-a174-d7ca93ecf3ef.flac,#d#e#d-#b#-#a#-a#-d#ca#ecf#ef.flac,voicemail,16000,1,13.884375,FLAC,306437
train,4447,1381d61b-7a61-425d-8443-0d351b42a5af.flac,#d#b-#a#-#d-#-#d#b#a#af.flac,answering_machine,16000,1,11.89575,FLAC,274975
train,4448,1697a005-8a7d-4817-959f-e2277b198dee.flac,#a#-#a#d-#-#f-e#b#dee.flac,answering_machine,16000,1,4.5918125,FLAC,72594
train,4449,00220894-3cd1-4a35-b611-1908b89c0f91.flac,#-#cd#-#a#-b#-#b#c#f#.flac,ivr,16000,1,12.64,FLAC,265559
train,4450,08c31e4d-c6e0-4eea-9d4d-bde1d2427bcb.flac,#c#e#d-c#e#-#eea-#d#d-bde#d#bcb.flac,answering_machine,16000,1,11.536125,FLAC,212631
train,4451,195c925d-9330-4897-843b-8341e236f744.flac,#c#d-#-#-#b-#e#f#.flac,voicemail,16000,1,10.6583125,FLAC,235851
train,4452,response_9.wav,response_#.wav,human,8000,1,17.237375,WAV,137958
train,4453,1dad577c-2555-41ec-abff-be17e9658b54.flac,#dad#c-#-#ec-abff-be#e#b#.flac,answering_machine,16000,1,14.85,FLAC,293439
train,4454,00434f52-632c-4e96-91fe-72d30adbbd02.flac,#f#-#c-#e#-#fe-#d#adbbd#.flac,answering_machine,16000,1,16.0,FLAC,333650
train,4455,18e40119-3b29-447b-8aed-53302dc97609.flac,#e#-#b#-#b-#aed-#dc#.flac,answering_machine,16000,1,4.47175,FLAC,93830
train,4456,035c5495-918f-4b6c-958a-641d4ab78be4.flac,#c#-#f-#b#c-#a-#d#ab#be#.flac,ivr,16000,1,4.6,FLAC,99495
train,4457,1645cd9d-d39c-438c-a625-4c8bab8febcc.flac,#cd#d-d#c-#c-a#-#c#bab#febcc.flac,voicemail,16000,1,3.547375,FLAC,65587
train,4458,voicemail_00192.wav,voicemail_#.wav,voicemail,16000,1,7.4909375,WAV,239754
train,4459,167c2854-dd47-4b18-8746-f5f05147bd95.flac,#c#-dd#-#b#-#-f#f#bd#.flac,voicemail,16000,1,13.6330625,FLAC,243077
train,4460,01c2f7bb-c32a-4718-959a-f68cdfbccfdf.flac,#c#f#bb-c#a-#-#a-f#cdfbccfdf.flac,ivr,16000,1,10.24,FLAC,197063
train,4461,181338a8-e8e6-43de-8e06-ee0e47b96255.flac,#a#-e#e#-#de-#e#-ee#e#b#.flac,voicemail,16000,1,11.71325,FLAC,198328
train,4462,01b6c424-3252-4d33-9564-6f64625968c4.flac,#b#c#-#-#d#-#-#f#c#.flac,voicemail,16000,1,16.0,FLAC,330806
train,4463,1b69d257-8991-4c7f-ab33-1f9cb9a92762.flac,#b#d#-#-#c#f-ab#-#f#cb#a#.flac,voicemail,16000,1,15.77,FLAC,274397
train,4464,fr_human_real_00058.wav,fr_human_real_#.wav,human,16000,1,10.0,WAV,320044
train,4465,033faaa1-81fd-4dee-9997-ffc7ba2205e4.flac,#faaa#-#fd-#dee-#-ffc#ba#e#.flac,ivr,16000,1,5.72,FLAC,117193
train,4466,human_real_00073.wav,human_real_#.wav,human,16000,1,3.584,WAV,114732
train,4467,01447203-51b9-4c54-ad0a-ba4574818a26.flac,#-#b#-#c#-ad#a-ba#a#.flac,ivr,16000,1,6.04,FLAC,123318
train,4468,ivr_00202.wav,ivr_#.wav,ivr,16000,1,10.0,WAV,320044
train,4469,00e8c3c0-93f4-400d-957d-8fd2ee7d0abe.flac,#e#c#c#-#f#-#d-#d-#fd#ee#d#abe.flac,ivr,16000,1,15.2,FLAC,278863
train,4470,17053fc5-e738-41ac-8fba-ef39860adb69.flac,#fc#-e#-#ac-#fba-ef#adb#.flac,voicemail,16000,1,14.309875,FLAC,276301
train,4471,carrier_fr_ivr_00128.wav,carrier_fr_ivr_#.wav,ivr,16000,1,10.0,WAV,320044
train,4472,es_am_00386.wav,es_am_#.wav,answering_machine,16000,1,7.852,WAV,251308
train,4473,1c5a0ba7-9090-4917-a28a-55ee323ec119.flac,#c#a#ba#-#-#-a#a-#ee#ec#.flac,answering_machine,16000,1,12.317,FLAC,268030
train,4474,incomplete_7dab0399-3a70-49ca-a064-d9da1e01c843_normalized.flac,incomplete_#dab#-#a#-#ca-a#-d#da#e#c#_normalized.flac,human,16000,1,3.253125,FLAC,64463
train,4475,CA369f0b013fd6e6b4d2745ef2c77dd880_0.wav,CA#f#b#fd#e#b#d#ef#c#dd#_#.wav,human,8000,1,7.28,WAV,58298
train,4476,complete_2855ce96-5863-4183-baa2-c54008f4e81e_normalized.flac,complete_#ce#-#-#-baa#-c#f#e#e_normalized.flac,human,16000,1,5.52,FLAC,89161
train,4477,60268f2dc7abb7f832138bd3.wav,#f#dc#abb#f#bd#.wav,human,8000,1,4.266625,WAV,34192
train,4478,03c3a1eb-55b6-497d-9254-7d6e5559a109.flac,#c#a#eb-#b#-#d-#-#d#e#a#.flac,answering_machine,16000,1,11.3508125,FLAC,244406
train,4479,human_real_00030.wav,human_real_#.wav,human,16000,1,4.437375,WAV,142040
train,4480,023f497d-a292-4d25-a2e9-d94229090d64.flac,#f#d-a#-#d#-a#e#-d#d#.flac,ivr,16000,1,4.88,FLAC,107264
train,4481,033a8c67-5bb6-4462-9d15-b1e8b805940b.flac,#a#c#-#bb#-#-#d#-b#e#b#b.flac,ivr,16000,1,11.36,FLAC,237850
train,4482,031a8ea5-3272-42cc-a56b-f534a406ac84.flac,#a#ea#-#-#cc-a#b-f#a#ac#.flac,ivr,16000,1,8.72,FLAC,186363
train,4483,carrier_fr_human_00023.wav,carrier_fr_human_#.wav,human,16000,1,3.576,WAV,114476
train,4484,00204637-16a5-419c-b6c6-f07336b7044b.flac,#-#a#-#c-b#c#-f#b#b.flac,ivr,16000,1,10.4,FLAC,218334
train,4485,0dfcab6f-f363-475a-9c2e-e1459eebba8a.flac,#dfcab#f-f#-#a-#c#e-e#eebba#a.flac,answering_machine,16000,1,6.997375,FLAC,137900
train,4486,602b9bffbb1e6d0fbce91f75.wav,#b#bffbb#e#d#fbce#f#.wav,human,8000,1,5.461375,WAV,43750
train,4487,carrier_es_human_00180.wav,carrier_es_human_#.wav,human,16000,1,2.304,WAV,73772
train,4488,0f90ed1e-e4d7-4ae0-bed6-37940f9d2aa2.flac,#f#ed#e-e#d#-#ae#-bed#-#f#d#aa#.flac,voicemail,16000,1,4.329625,FLAC,85126
train,4489,602badf5bb1e6d0fbce92224.wav,#badf#bb#e#d#fbce#.wav,human,8000,1,4.437375,WAV,35558
train,4490,human_tts_00130.wav,human_tts_#.wav,human,16000,1,1.896,WAV,60716
train,4491,0d503bda-25fb-4cda-ad17-f341cbbb8ff9.flac,#d#bda-#fb-#cda-ad#-f#cbbb#ff#.flac,answering_machine,16000,1,15.94625,FLAC,289580
train,4492,15d2e1b6-33fa-482f-b636-4ace7b5c00cc.flac,#d#e#b#-#fa-#f-b#-#ace#b#c#cc.flac,answering_machine,16000,1,7.68,FLAC,174342
train,4493,carrier_en_ivr_00471.wav,carrier_en_ivr_#.wav,ivr,16000,1,10.0,WAV,320044
train,4494,014482c7-3853-4bca-9a3a-05ca1c8ac389.flac,#c#-#-#bca-#a#a-#ca#c#ac#.flac,ivr,16000,1,4.28,FLAC,82274
train,4495,carrier_de_answering_machine_00384.wav,carrier_de_answering_machine_#.wav,answering_machine,16000,1,9.5886875,WAV,306882
train,4496,incomplete_051fc5c2-40e1-441f-8a3e-405174878245_normalized.flac,incomplete_#fc#c#-#e#-#f-#a#e-#_normalized.flac,human,16000,1,4.89,FLAC,96099
train,4497,voicemail_00081.wav,voicemail_#.wav,voicemail,16000,1,8.582125,WAV,274672
train,4498,am_00173.wav,am_#.wav,answering_machine,16000,1,10.0,WAV,320044
train,4499,006411b8-b95a-404f-a2d5-cbe4308f869f.flac,#b#-b#a-#f-a#d#-cbe#f#f.flac,ivr,16000,1,6.72,FLAC,132582
train,4500,170523d7-8d9b-47ab-9ea7-22baed6deb5f.flac,#d#-#d#b-#ab-#ea#-#baed#deb#f.flac,answering_machine,16000,1,10.0726875,FLAC,148159
train,4501,10cd65e7-a0b7-4375-8d0a-6a6e0d166be9.flac,#cd#e#-a#b#-#-#d#a-#a#e#d#be#.flac,voicemail,16000,1,9.6630625,FLAC,176867
train,4502,02bc396b-a040-42e4-991c-e8f414fb47f5.flac,#bc#b-a#-#e#-#c-e#f#fb#f#.flac,answering_machine,16000,1,16.0,FLAC,314471
train,4503,1bb5e78f-000d-46a7-9f50-ac8dd541508c.flac,#bb#e#f-#d-#a#-#f#-ac#dd#c.flac,voicemail,16000,1,16.0,FLAC,317589
train,4504,13cb0373-259a-42c4-bf2c-377c4138ff4c.flac,#cb#-#a-#c#-bf#c-#c#ff#c.flac,voicemail,16000,1,3.95875,FLAC,61506
train,4505,01f2a491-d33c-4493-8cf7-bc1bfcc3c42c.flac,#f#a#-d#c-#-#cf#-bc#bfcc#c#c.flac,ivr,16000,1,4.32,FLAC,94689
train,4506,020edbf4-a13f-4497-956b-36228db0d65f.flac,#edbf#-a#f-#-#b-#db#d#f.flac,answering_machine,16000,1,16.0,FLAC,322050
train,4507,01f80989-c6df-4c73-a745-8a52cc128221.flac,#f#-c#df-#c#-a#-#a#cc#.flac,ivr,16000,1,8.72,FLAC,197322
train,4508,0177cbd9-d11b-4a26-9d32-41f6c311f92f.flac,#cbd#-d#b-#a#-#d#-#f#c#f#f.flac,ivr,16000,1,7.52,FLAC,155503
train,4509,10e7725a-2e28-4d8f-91ec-142eec75b981.flac,#e#a-#e#-#d#f-#ec-#eec#b#.flac,voicemail,16000,1,11.8716875,FLAC,252971
train,4510,6026604ac7abb7f832138152.wav,#ac#abb#f#.wav,human,8000,1,6.4,WAV,51258
train,4511,voicemail_00166.wav,voicemail_#.wav,voicemail,16000,1,8.948,WAV,286380
train,4512,fr_voicemail_00152.wav,fr_voicemail_#.wav,voicemail,16000,1,10.0,WAV,320044
train,4513,carrier_en_ivr_00479.wav,carrier_en_ivr_#.wav,ivr,16000,1,10.0,WAV,320044
train,4514,ivr_00026.wav,ivr_#.wav,ivr,16000,1,10.0,WAV,320044
train,4515,0116a7b7-5996-4ca2-a739-0808d355b180.flac,#a#b#-#-#ca#-a#-#d#b#.flac,answering_machine,16000,1,3.0484375,FLAC,46357
train,4516,0329852b-a1e5-44a4-b62a-5d1831b4e0cd.flac,#b-a#e#-#a#-b#a-#d#b#e#cd.flac,ivr,16000,1,6.44,FLAC,126159
train,4517,164cda60-0f8b-4778-a7eb-2df563ec6e7c.flac,#cda#-#f#b-#-a#eb-#df#ec#e#c.flac,answering_machine,16000,1,3.6859375,FLAC,51310
train,4518,015a737d-bcc9-4ca3-810b-df2722bfe288.flac,#a#d-bcc#-#ca#-#b-df#bfe#.flac,ivr,16000,1,4.28,FLAC,89224
train,4519,01c372d8-6dd7-4fd0-bd55-07c7782f2480.flac,#c#d#-#dd#-#fd#-bd#-#c#f#.flac,voicemail,16000,1,5.7,FLAC,113691
train,4520,0ba043f0-f630-4294-bdeb-45cfa2ecd830.flac,#ba#f#-f#-#-bdeb-#cfa#ecd#.flac,answering_machine,16000,1,3.297,FLAC,53831
train,4521,1a6a15b0-5080-45d8-8811-726ae9bb2397.flac,#a#a#b#-#-#d#-#-#ae#bb#.flac,answering_machine,16000,1,2.8735,FLAC,69050
train,4522,036201d5-e67b-4672-abfd-a383c6604e04.flac,#d#-e#b-#-abfd-a#c#e#.flac,ivr,16000,1,6.72,FLAC,144400
train,4523,am_00355.wav,am_#.wav,answering_machine,16000,1,8.89675,WAV,284740
train,4524,incomplete_f1e7b056-127a-48a3-bbe0-f193c0799a5a_normalized.flac,incomplete_f#e#b#-#a-#a#-bbe#-f#c#a#a_normalized.flac,human,16000,1,4.32,FLAC,64106
train,4525,14a3ec44-7d1d-4b2f-8490-18aec8a533b8.flac,#a#ec#-#d#d-#b#f-#-#aec#a#b#.flac,voicemail,16000,1,13.045625,FLAC,299731
train,4526,16e7689b-2b15-4061-b4cc-b0d51c4b5403.flac,#e#b-#b#-#-b#cc-b#d#c#b#.flac,voicemail,16000,1,16.0,FLAC,304074
train,4527,1a069b63-f438-4080-964d-98cde4dbfb70.flac,#a#b#-f#-#-#d-#cde#dbfb#.flac,answering_machine,16000,1,10.5606875,FLAC,200360
train,4528,complete_db8860d6b15c4956a6094e71ca8a487f.flac,complete_db#d#b#c#a#e#ca#a#f.flac,human,16000,1,2.255875,FLAC,21985
train,4529,am_00189.wav,am_#.wav,answering_machine,16000,1,9.8065625,WAV,313854
train,4530,062f86c6-f3fd-4205-9760-06c56ccfb90e.flac,#f#c#-f#fd-#-#-#c#ccfb#e.flac,answering_machine,16000,1,16.0,FLAC,323617
train,4531,025f3b9a-2f0e-4880-b618-bffd93733185.flac,#f#b#a-#f#e-#-b#-bffd#.flac,ivr,16000,1,5.24,FLAC,108460
train,4532,ivr_00198.wav,ivr_#.wav,ivr,16000,1,9.264,WAV,296492
train,4533,00406c65-e435-4403-bcad-2669c54637be.flac,#c#-e#-#-bcad-#c#be.flac,ivr,16000,1,5.04,FLAC,111862
train,4534,032db7aa-55fc-4d06-a1f3-96ac094a76e4.flac,#db#aa-#fc-#d#-a#f#-#ac#a#e#.flac,answering_machine,16000,1,14.97,FLAC,260697
train,4535,1915fd57-080b-492f-a292-30a880d7b82e.flac,#fd#-#b-#f-a#-#a#d#b#e.flac,answering_machine,16000,1,11.074,FLAC,239773
train,4536,1018858c-a57c-4b12-bd87-2ba328ef5786.flac,#c-a#c-#b#-bd#-#ba#ef#.flac,voicemail,16000,1,13.2356875,FLAC,235130
train,4537,response_43.wav,response_#.wav,human,8000,1,4.352,WAV,34874
train,4538,voicemail_00282.wav,voicemail_#.wav,voicemail,16000,1,10.0,WAV,320044
train,4539,01a6dfcb-d39f-43c7-9345-3a9dcae3d928.flac,#a#dfcb-d#f-#c#-#-#a#dcae#d#.flac,ivr,16000,1,19.68,FLAC,393839
train,4540,0970356e-a91d-4ce8-9d2b-e786500033c1.flac,#e-a#d-#ce#-#d#b-e#c#.flac,answering_machine,16000,1,10.129875,FLAC,202921
train,4541,0196f837-d36a-4d73-836c-1e36c19fad45.flac,#f#-d#a-#d#-#c-#e#c#fad#.flac,ivr,16000,1,5.0,FLAC,112481
train,4542,carrier_de_voicemail_00331.wav,carrier_de_voicemail_#.wav,voicemail,16000,1,10.0,WAV,320044
train,4543,am_00068.wav,am_#.wav,answering_machine,16000,1,10.0,WAV,320044
train,4544,0201f5ed-0838-4faf-b02d-017f802644ff.flac,#f#ed-#-#faf-b#d-#f#ff.flac,ivr,16000,1,10.32,FLAC,209971
train,4545,am_00082.wav,am_#.wav,answering_machine,16000,1,10.0,WAV,320044
train,4546,complete_eb76b6a7-900b-4889-992d-21bf2df81b53_normalized.flac,complete_eb#b#a#-#b-#-#d-#bf#df#b#_normalized.flac,human,16000,1,3.493875,FLAC,74048
train,4547,human_real_00171.wav,human_real_#.wav,human,16000,1,5.20125,WAV,166484
train,4548,0716b207-d0f5-4d92-8a56-cc0743f1f85f.flac,#b#-d#f#-#d#-#a#-cc#f#f#f.flac,answering_machine,16000,1,3.4256875,FLAC,60736
train,4549,0ca415b0-f983-4552-990d-fb7e9735e155.flac,#ca#b#-f#-#-#d-fb#e#e#.flac,voicemail,16000,1,2.2201875,FLAC,41680
train,4550,fr_am_00208.wav,fr_am_#.wav,answering_machine,16000,1,8.4259375,WAV,269674
train,4551,01fb07ae-c00e-46d1-be91-1ddf8036bd1e.flac,#fb#ae-c#e-#d#-be#-#ddf#bd#e.flac,ivr,16000,1,13.0,FLAC,231743
train,4552,complete_031ff67c-0a8e-45a9-b39a-d7cf52a54f13_normalized.flac,complete_#ff#c-#a#e-#a#-b#a-d#cf#a#f#_normalized.flac,human,16000,1,4.5175,FLAC,91131
train,4553,602baf075f67b421554f64ca.wav,#baf#f#b#f#ca.wav,human,8000,1,7.082625,WAV,56720
train,4554,1675f2fd-6f48-4086-a06a-db3e59c7c510.flac,#f#fd-#f#-#-a#a-db#e#c#c#.flac,answering_machine,16000,1,11.7833125,FLAC,198939
train,4555,1bc3824f-e8c5-40b3-a64d-4fafe103e8e1.flac,#bc#f-e#c#-#b#-a#d-#fafe#e#e#.flac,voicemail,16000,1,10.2959375,FLAC,236522
train,4556,voicemail_00335.wav,voicemail_#.wav,voicemail,16000,1,9.0091875,WAV,288338
train,4557,ivr_00025.wav,ivr_#.wav,ivr,16000,1,9.312,WAV,298028
train,4558,01ee25b0-a97c-4b1b-8391-42d3ffe3391c.flac,#ee#b#-a#c-#b#b-#-#d#ffe#c.flac,ivr,16000,1,6.64,FLAC,130085
train,4559,complete_95bb76c4-f464-4b17-9f65-4efae00ff399_normalized.flac,complete_#bb#c#-f#-#b#-#f#-#efae#ff#_normalized.flac,human,16000,1,5.2284375,FLAC,103436
train,4560,122b5940-6533-4498-bf76-a4d94cfa99a9.flac,#b#-#-#-bf#-a#d#cfa#a#.flac,answering_machine,16000,1,5.5466875,FLAC,106178
train,4561,1ddfd16b-3021-4467-b4b0-b212874e7f99.flac,#ddfd#b-#-#-b#b#-b#e#f#.flac,voicemail,16000,1,12.2035625,FLAC,250361
train,4562,0250e41f-d8e6-477a-a9c1-96894ace4ecf.flac,#e#f-d#e#-#a-a#c#-#ace#ecf.flac,ivr,16000,1,9.48,FLAC,196103
train,4563,0653c938-8162-452e-9f29-61c0829db9d3.flac,#c#-#-#e-#f#-#c#db#d#.flac,voicemail,16000,1,9.6445625,FLAC,209618
train,4564,013ee617-cd88-4d3d-abc8-d70c41d351e6.flac,#ee#-cd#-#d#d-abc#-d#c#d#e#.flac,ivr,16000,1,4.44,FLAC,78551
train,4565,01443c4b-48a5-41fb-a9d3-e1ca1053a059.flac,#c#b-#a#-#fb-a#d#-e#ca#a#.flac,ivr,16000,1,4.36,FLAC,87514
train,4566,00720c1c-99fc-4b6d-87d9-11da0d9ce948.flac,#c#c-#fc-#b#d-#d#-#da#d#ce#.flac,voicemail,16000,1,11.933875,FLAC,255372
train,4567,1ba53964-ecda-4cd7-bd38-e9e94270696d.flac,#ba#-ecda-#cd#-bd#-e#e#d.flac,voicemail,16000,1,11.789,FLAC,238171
train,4568,voicemail_00344.wav,voicemail_#.wav,voicemail,16000,1,10.0,WAV,320044
train,4569,00991957-e915-4dcb-b509-78066a080542.flac,#-e#-#dcb-b#-#a#.flac,ivr,16000,1,13.24,FLAC,273045
train,4570,11936910-fa91-455f-934c-2cad444272d7.flac,#-fa#-#f-#c-#cad#d#.flac,answering_machine,16000,1,10.1814375,FLAC,206182
train,4571,17d16ac2-6618-45a1-a989-025e6ae71c5b.flac,#d#ac#-#-#a#-a#-#e#ae#c#b.flac,answering_machine,16000,1,4.4035625,FLAC,89002
train,4572,0243ba56-7bb9-4c0a-87c7-e7844d88cb5e.flac,#ba#-#bb#-#c#a-#c#-e#d#cb#e.flac,ivr,16000,1,6.6,FLAC,120214
train,4573,ivr_00131.wav,ivr_#.wav,ivr,16000,1,7.632,WAV,244268
train,4574,0cdab7ea-49aa-4e83-bb4d-ea1e5a37da02.flac,#cdab#ea-#aa-#e#-bb#d-ea#e#a#da#.flac,voicemail,16000,1,4.53425,FLAC,80043
train,4575,response_43.wav,response_#.wav,human,8000,1,37.059,WAV,296530
train,4576,1621ef59-ac31-448a-aee9-d3cf3ed4c1b3.flac,#ef#-ac#-#a-aee#-d#cf#ed#c#b#.flac,voicemail,16000,1,13.5411875,FLAC,245640
train,4577,0e6979cd-71b1-4546-88b5-ab851f0c865f.flac,#e#cd-#b#-#-#b#-ab#f#c#f.flac,voicemail,16000,1,12.5845,FLAC,271056
train,4578,0bf0e6b0-47cd-48ec-bf12-73a7f734e8cb.flac,#bf#e#b#-#cd-#ec-bf#-#a#f#e#cb.flac,voicemail,16000,1,10.897,FLAC,227380
train,4579,60266580c7abb7f83213838f.wav,#c#abb#f#f.wav,human,8000,1,26.624,WAV,213050
train,4580,0ea29a04-fe51-4803-a87f-94cc742c71b7.flac,#ea#a#-fe#-#-a#f-#cc#c#b#.flac,voicemail,16000,1,1.9378125,FLAC,44704
train,4581,de_ivr_00498.wav,de_ivr_#.wav,ivr,16000,1,8.906,WAV,285036
train,4582,0edb07a8-3146-4ff4-a3b3-fd3c208afefb.flac,#edb#a#-#-#ff#-a#b#-fd#c#afefb.flac,voicemail,16000,1,10.7369375,FLAC,241615
train,4583,human_real_00199.wav,human_real_#.wav,human,16000,1,8.704,WAV,278572
train,4584,19910f94-e358-41c6-b789-69cfbdef1277.flac,#f#-e#-#c#-b#-#cfbdef#.flac,voicemail,16000,1,13.6906875,FLAC,279055
train,4585,02126796-6c82-4d27-9349-79cfc79c0d8f.flac,#-#c#-#d#-#-#cfc#c#d#f.flac,voicemail,16000,1,4.2414375,FLAC,78859
train,4586,incomplete_1e5b7947-cbb9-4962-a690-1eae7aed7918_normalized.flac,incomplete_#e#b#-cbb#-#-a#-#eae#aed#_normalized.flac,human,16000,1,6.70125,FLAC,129553
train,4587,incomplete_ca1d9a78-32d5-46df-a917-4addf3faf7fc_normalized.flac,incomplete_ca#d#a#-#d#-#df-a#-#addf#faf#fc_normalized.flac,human,16000,1,4.66,FLAC,82875
train,4588,60266395c7abb7f8321382b3.wav,#c#abb#f#b#.wav,human,8000,1,4.181375,WAV,33510
train,4589,01a060ac-7d55-4cbf-bce2-2b8172b5665e.flac,#a#ac-#d#-#cbf-bce#-#b#b#e.flac,ivr,16000,1,15.68,FLAC,342166
train,4590,0023ad86-5a2f-40cb-adfd-23ff1b5e3f4f.flac,#ad#-#a#f-#cb-adfd-#ff#b#e#f#f.flac,ivr,16000,1,9.2,FLAC,190643
train,4591,00f816d3-69a7-48f6-8943-6b4a240318ca.flac,#f#d#-#a#-#f#-#-#b#a#ca.flac,ivr,16000,1,2.96,FLAC,56208
train,4592,0568944e-7647-43d5-958d-953cef47b764.flac,#e-#-#d#-#d-#cef#b#.flac,answering_machine,16000,1,13.7605625,FLAC,300455
train,4593,00006fe3-5331-4db2-b30e-65affe00cfbe.flac,#fe#-#-#db#-b#e-#affe#cfbe.flac,ivr,16000,1,6.16,FLAC,117014
train,4594,00cd00b4-8f0d-46b3-8a66-f9793467943f.flac,#cd#b#-#f#d-#b#-#a#-f#f.flac,ivr,16000,1,5.48,FLAC,103322
train,4595,am_00061.wav,am_#.wav,answering_machine,16000,1,10.0,WAV,320044
train,4596,00a0b00a-0b43-415e-8dd2-209c4808790a.flac,#a#b#a-#b#-#e-#dd#-#c#a.flac,ivr,16000,1,3.36,FLAC,60733
train,4597,025fa907-0561-4c1f-961d-3406260c38f8.flac,#fa#-#-#c#f-#d-#c#f#.flac,ivr,16000,1,9.16,FLAC,181653
train,4598,complete_44f534c8-146f-4348-8996-42d4f8134d39_normalized.flac,complete_#f#c#-#f-#-#-#d#f#d#_normalized.flac,human,16000,1,7.12,FLAC,107545
train,4599,1cebfe47-e91e-4b11-885e-af5295011f02.flac,#cebfe#-e#e-#b#-#e-af#f#.flac,voicemail,16000,1,2.519375,FLAC,42153
train,4600,1a83ca36-dbe4-40a7-8a44-ae8971318a40.flac,#a#ca#-dbe#-#a#-#a#-ae#a#.flac,voicemail,16000,1,14.4124375,FLAC,265199
train,4601,04b67d03-ab44-4cb4-bc17-abb9d1bf25a8.flac,#b#d#-ab#-#cb#-bc#-abb#d#bf#a#.flac,voicemail,16000,1,3.947375,FLAC,70827
train,4602,ivr_00323.wav,ivr_#.wav,ivr,16000,1,9.024,WAV,288812
train,4603,am_00277.wav,am_#.wav,answering_machine,16000,1,10.0,WAV,320044
train,4604,complete_1759ea7a-130a-4ca3-abb1-6ed94dbccf28_normalized.flac,complete_#ea#a-#a-#ca#-abb#-#ed#dbccf#_normalized.flac,human,16000,1,4.533375,FLAC,95965
train,4605,00473abb-187e-42d5-bbeb-e9620dfe79f5.flac,#abb-#e-#d#-bbeb-e#dfe#f#.flac,ivr,16000,1,5.8,FLAC,106679
train,4606,voicemail_00372.wav,voicemail_#.wav,voicemail,16000,1,10.0,WAV,320044
train,4607,18468451-1883-4e93-a0ac-87740d037e2f.flac,#-#-#e#-a#ac-#d#e#f.flac,answering_machine,16000,1,11.106875,FLAC,211233
train,4608,carrier_fr_voicemail_00068.wav,carrier_fr_voicemail_#.wav,voicemail,16000,1,10.0,WAV,320044
train,4609,17b83e0a-ced7-4468-97fb-640230ee77ad.flac,#b#e#a-ced#-#-#fb-#ee#ad.flac,voicemail,16000,1,14.704875,FLAC,257520
train,4610,am_00233.wav,am_#.wav,answering_machine,16000,1,9.32825,WAV,298548
train,4611,carrier_en_voicemail_00415.wav,carrier_en_voicemail_#.wav,voicemail,16000,1,10.0,WAV,320044
train,4612,02694944-a317-447c-ab0b-fea2de0e60bf.flac,#-a#-#c-ab#b-fea#de#e#bf.flac,ivr,16000,1,6.68,FLAC,123169
train,4613,602bad435f67b421554f6491.wav,#bad#f#b#f#.wav,human,8000,1,12.032,WAV,96314
train,4614,human_real_00188.wav,human_real_#.wav,human,16000,1,6.4,WAV,204844
train,4615,13c5845d-d4d5-4ee4-9e09-c592ce2a8939.flac,#c#d-d#d#-#ee#-#e#-c#ce#a#.flac,voicemail,16000,1,11.1590625,FLAC,210859
train,4616,am_00315.wav,am_#.wav,answering_machine,16000,1,9.8433125,WAV,315030
train,4617,105a4855-794b-493d-928e-f4266ec3b64e.flac,#a#-#b-#d-#e-f#ec#b#e.flac,voicemail,16000,1,6.1,FLAC,148714
train,4618,ivr_00112.wav,ivr_#.wav,ivr,16000,1,10.0,WAV,320044
train,4619,02b903fb-856e-419c-8682-f94e3d136f19.flac,#b#fb-#e-#c-#-f#e#d#f#.flac,ivr,16000,1,9.28,FLAC,203737
train,4620,1152d18c-91a7-4e1e-a5b5-c6b4c74aa225.flac,#d#c-#a#-#e#e-a#b#-c#b#c#aa#.flac,voicemail,16000,1,4.40475,FLAC,87455
train,4621,am_00146.wav,am_#.wav,answering_machine,16000,1,10.0,WAV,320044
train,4622,response_16.wav,response_#.wav,human,8000,1,8.704,WAV,69690
train,4623,ivr_00208.wav,ivr_#.wav,ivr,16000,1,10.0,WAV,320044
train,4624,1707dc57-0dcb-4f43-9cae-24afbd2d4bd2.flac,#dc#-#dcb-#f#-#cae-#afbd#d#bd#.flac,voicemail,16000,1,12.85275,FLAC,236946
train,4625,complete_dae3aae5f0b44a278ffa0c6b54899d10.flac,complete_dae#aae#f#b#a#ffa#c#b#d#.flac,human,16000,1,2.872125,FLAC,38407
train,4626,0846fd34-60e9-4083-a061-d08dd9ac01c2.flac,#fd#-#e#-#-a#-d#dd#ac#c#.flac,voicemail,16000,1,6.0255625,FLAC,104278
train,4627,1cbee32f-e0ed-4b9f-aed2-5c85b16be3ed.flac,#cbee#f-e#ed-#b#f-aed#-#c#b#be#ed.flac,answering_machine,16000,1,8.680625,FLAC,181257
train,4628,fr_human_real_00014.wav,fr_human_real_#.wav,human,16000,1,10.0,WAV,320044
train,4629,017e4d40-1664-46f3-bbf3-e5f0e30761df.flac,#e#d#-#-#f#-bbf#-e#f#e#df.flac,ivr,16000,1,8.16,FLAC,173794
train,4630,complete_137ed0b4-f112-4a2f-b772-2e0eb59d5976_normalized.flac,complete_#ed#b#-f#-#a#f-b#-#e#eb#d#_normalized.flac,human,16000,1,2.63725,FLAC,53113
train,4631,0180481b-3f62-4cbe-87cc-7229ec1e3598.flac,#b-#f#-#cbe-#cc-#ec#e#.flac,ivr,16000,1,5.84,FLAC,119858
train,4632,01a4727f-cc0e-4bc3-9640-8ba5661bbf78.flac,#a#f-cc#e-#bc#-#-#ba#bbf#.flac,ivr,16000,1,7.36,FLAC,134395
train,4633,034bfba7-a2b3-47fe-a121-a808a3b84f43.flac,#bfba#-a#b#-#fe-a#-a#a#b#f#.flac,ivr,16000,1,9.32,FLAC,184345
train,4634,602665fec7abb7f832138417.wav,#fec#abb#f#.wav,human,8000,1,7.253375,WAV,58086
train,4635,01fe9748-32b8-4597-aec4-7ed66a318d24.flac,#fe#-#b#-#-aec#-#ed#a#d#.flac,ivr,16000,1,5.44,FLAC,115145
train,4636,0916d1c7-91aa-48f0-b8bd-dcab97169113.flac,#d#c#-#aa-#f#-b#bd-dcab#.flac,voicemail,16000,1,10.998,FLAC,202559
train,4637,complete_38025441-a4ee-449f-9079-6d9a666f2557_normalized.flac,complete_#-a#ee-#f-#-#d#a#f#_normalized.flac,human,16000,1,3.261125,FLAC,58853
train,4638,08ba0976-e9f5-46a3-8137-5cbcbade3ef3.flac,#ba#-e#f#-#a#-#-#cbcbade#ef#.flac,voicemail,16000,1,7.5178125,FLAC,157241
train,4639,1b758fa3-9033-4331-af41-90316ed61f4b.flac,#b#fa#-#-#-af#-#ed#f#b.flac,voicemail,16000,1,12.7211875,FLAC,281919
train,4640,es_voicemail_00332.wav,es_voicemail_#.wav,voicemail,16000,1,8.7174375,WAV,279002
train,4641,ivr_00072.wav,ivr_#.wav,ivr,16000,1,9.36,WAV,299564
train,4642,human_tts_00065.wav,human_tts_#.wav,human,16000,1,1.68,WAV,53804
train,4643,ivr_00106.wav,ivr_#.wav,ivr,16000,1,10.0,WAV,320044
train,4644,0ef4f38c-7ec2-4f7b-9da6-12bfc70a878f.flac,#ef#f#c-#ec#-#f#b-#da#-#bfc#a#f.flac,voicemail,16000,1,13.4596875,FLAC,261319
train,4645,05fbcbdd-be5c-4caf-913b-4bac429cfae6.flac,#fbcbdd-be#c-#caf-#b-#bac#cfae#.flac,voicemail,16000,1,15.371625,FLAC,323148
train,4646,0b6e5354-19c8-4c80-bcf1-4c4851e03493.flac,#b#e#-#c#-#c#-bcf#-#c#e#.flac,voicemail,16000,1,13.2370625,FLAC,257312
train,4647,01a2d3ce-b818-4b58-888e-0f398b58cfb2.flac,#a#d#ce-b#-#b#-#e-#f#b#cfb#.flac,answering_machine,16000,1,7.5635625,FLAC,153415
train,4648,10240f84-09d3-45ec-bd1d-10648c17d98d.flac,#f#-#d#-#ec-bd#d-#c#d#d.flac,voicemail,16000,1,3.6931875,FLAC,64786
train,4649,03609907-4ac1-458a-b8f6-d58dbeec04c5.flac,#-#ac#-#a-b#f#-d#dbeec#c#.flac,voicemail,16000,1,15.3264375,FLAC,282878
train,4650,0ff30f8b-2faa-4d5b-87b1-784b6f4f4db8.flac,#ff#f#b-#faa-#d#b-#b#-#b#f#f#db#.flac,voicemail,16000,1,3.2159375,FLAC,57592
train,4651,0c56b007-3be4-4510-9218-2e943f02b32f.flac,#c#b#-#be#-#-#-#e#f#b#f.flac,voicemail,16000,1,6.5185,FLAC,137125
train,4652,17813ce6-46b1-48b5-bfff-f69d285bde54.flac,#ce#-#b#-#b#-bfff-f#d#bde#.flac,answering_machine,16000,1,11.95875,FLAC,214908
train,4653,0eb4cfe3-b186-4cbc-9538-0a9954abc6d0.flac,#eb#cfe#-b#-#cbc-#-#a#abc#d#.flac,voicemail,16000,1,12.026625,FLAC,253323
train,4654,011e077f-e93f-4e1a-b350-459ccc3cd960.flac,#e#f-e#f-#e#a-b#-#ccc#cd#.flac,ivr,16000,1,6.08,FLAC,120429
train,4655,voicemail_00275.wav,voicemail_#.wav,voicemail,16000,1,9.3345625,WAV,298750
train,4656,602badbd963e11ccd901cde8.wav,#badbd#e#ccd#cde#.wav,human,8000,1,8.704,WAV,69690
train,4657,am_00299.wav,am_#.wav,answering_machine,16000,1,10.0,WAV,320044
train,4658,0d3d2125-2835-4174-8345-4c83f1f8c058.flac,#d#d#-#-#-#-#c#f#f#c#.flac,answering_machine,16000,1,4.062375,FLAC,67500
train,4659,response_14.wav,response_#.wav,human,8000,1,5.7585,WAV,46126
train,4660,01799831-60a9-4f69-a8c6-3c797210d207.flac,#-#a#-#f#-a#c#-#c#d#.flac,ivr,16000,1,4.08,FLAC,80150
train,4661,01c1f8f6-b1b1-4254-be75-7b1fbf6c0a97.flac,#c#f#f#-b#b#-#-be#-#b#fbf#c#a#.flac,ivr,16000,1,13.96,FLAC,296342
train,4662,115f383d-2ee3-40b2-a0a7-e813cd66a615.flac,#f#d-#ee#-#b#-a#a#-e#cd#a#.flac,voicemail,16000,1,3.3719375,FLAC,54270
train,4663,complete_e24f0812-cd08-49f9-98bc-4698fd51d3cd_normalized.flac,complete_e#f#-cd#-#f#-#bc-#fd#d#cd_normalized.flac,human,16000,1,7.27,FLAC,137431
train,4664,voicemail_00158.wav,voicemail_#.wav,voicemail,16000,1,9.02,WAV,288684
train,4665,002ef98c-0ec2-4e34-bb07-5fdfdd5f18e5.flac,#ef#c-#ec#-#e#-bb#-#fdfdd#f#e#.flac,ivr,16000,1,2.44,FLAC,48250
train,4666,complete_1c532494-e68f-46a6-98fb-47c2c713953a_normalized.flac,complete_#c#-e#f-#a#-#fb-#c#c#a_normalized.flac,human,16000,1,2.085,FLAC,44238
train,4667,0f1366fa-0106-4296-91d7-72fa9757fba5.flac,#f#fa-#-#-#d#-#fa#fba#.flac,answering_machine,16000,1,12.49375,FLAC,242642
train,4668,es_human_real_00267.wav,es_human_real_#.wav,human,16000,1,9.728,WAV,311340
train,4669,carrier_en_voicemail_00422.wav,carrier_en_voicemail_#.wav,voicemail,16000,1,10.0,WAV,320044
train,4670,am_00192.wav,am_#.wav,answering_machine,16000,1,10.0,WAV,320044
train,4671,es_human_tts_00316.wav,es_human_tts_#.wav,human,16000,1,1.368,WAV,43820
train,4672,17ebbbaa-1bb3-4336-8dbd-c7c1d22def0b.flac,#ebbbaa-#bb#-#-#dbd-c#c#d#def#b.flac,answering_machine,16000,1,13.019375,FLAC,255930
train,4673,fr_am_00205.wav,fr_am_#.wav,answering_machine,16000,1,7.999875,WAV,256040
train,4674,incomplete_efa36947-8e13-4951-9f0d-a0758cb66ce9_normalized.flac,incomplete_efa#-#e#-#-#f#d-a#cb#ce#_normalized.flac,human,16000,1,5.14425,FLAC,107294
train,4675,1b87083c-1b69-4eaf-84d9-0bd1dcc7c8ad.flac,#b#c-#b#-#eaf-#d#-#bd#dcc#c#ad.flac,voicemail,16000,1,4.4179375,FLAC,57211
train,4676,voicemail_00124.wav,voicemail_#.wav,voicemail,16000,1,8.333625,WAV,266720
train,4677,am_00025.wav,am_#.wav,answering_machine,16000,1,10.0,WAV,320044
train,4678,00e54da7-be22-48dc-ac62-7d9df6644946.flac,#e#da#-be#-#dc-ac#-#d#df#.flac,voicemail,16000,1,3.405,FLAC,46815
train,4679,082e46db-08b4-420d-9e4f-31a6a1415d42.flac,#e#db-#b#-#d-#e#f-#a#a#d#.flac,voicemail,16000,1,11.892625,FLAC,220059
train,4680,143c956f-6625-447d-b0eb-8e1d06b62901.flac,#c#f-#-#d-b#eb-#e#d#b#.flac,answering_machine,16000,1,10.5516875,FLAC,202739
train,4681,001e46c2-2203-4c28-b21f-dadd02217f59.flac,#e#c#-#-#c#-b#f-dadd#f#.flac,ivr,16000,1,15.36,FLAC,323826
train,4682,0119a346-2a85-4d29-905d-8708e2ced7ab.flac,#a#-#a#-#d#-#d-#e#ced#ab.flac,voicemail,16000,1,13.3295,FLAC,250465
train,4683,120684d3-61d7-4766-8940-86795484abe2.flac,#d#-#d#-#-#-#abe#.flac,voicemail,16000,1,12.8293125,FLAC,242604
train,4684,complete_4b947ba4fe0a4d86a7e74f2b6a375d7d.flac,complete_#b#ba#fe#a#d#a#e#f#b#a#d#d.flac,human,16000,1,2.83725,FLAC,42854
train,4685,human_tts_00153.wav,human_tts_#.wav,human,16000,1,2.544,WAV,81452
train,4686,am_00160.wav,am_#.wav,answering_machine,16000,1,10.0,WAV,320044
train,4687,07b2c95c-3dcd-4607-8bcb-da8339928e60.flac,#b#c#c-#dcd-#-#bcb-da#e#.flac,answering_machine,16000,1,4.7565625,FLAC,94459
train,4688,18cf1baf-6578-409d-a0d3-0dc595a81e04.flac,#cf#baf-#-#d-a#d#-#dc#a#e#.flac,voicemail,16000,1,11.9856875,FLAC,244606
train,4689,human_tts_00037.wav,human_tts_#.wav,human,16000,1,2.568,WAV,82220
train,4690,voicemail_00245.wav,voicemail_#.wav,voicemail,16000,1,10.0,WAV,320044
train,4691,0657bf6b-c2c5-4cba-8e79-9535f77ad058.flac,#bf#b-c#c#-#cba-#e#-#f#ad#.flac,voicemail,16000,1,10.296875,FLAC,195871
train,4692,602665f1c7abb7f832138409.wav,#f#c#abb#f#.wav,human,8000,1,7.709,WAV,61730
train,4693,1cb39560-0991-43e2-bdc1-2765cf1c4e65.flac,#cb#-#-#e#-bdc#-#cf#c#e#.flac,answering_machine,16000,1,14.0601875,FLAC,290473
train,4694,010a81ea-a093-4fcd-afa8-9f64db00613e.flac,#a#ea-a#-#fcd-afa#-#f#db#e.flac,ivr,16000,1,4.6,FLAC,83046
train,4695,carrier_es_voicemail_00199.wav,carrier_es_voicemail_#.wav,voicemail,16000,1,10.0,WAV,320044
train,4696,1262dc53-d3c0-4bde-a69b-1137456703f8.flac,#dc#-d#c#-#bde-a#b-#f#.flac,answering_machine,16000,1,13.231375,FLAC,260519
train,4697,01423455-357b-48d9-93b2-fee2121c5f9a.flac,#-#b-#d#-#b#-fee#c#f#a.flac,answering_machine,16000,1,7.0826875,FLAC,151711
train,4698,1b074494-ce3b-4667-b2e2-717250848699.flac,#b#-ce#b-#-b#e#-#.flac,answering_machine,16000,1,14.0414375,FLAC,271488
train,4699,voicemail_00159.wav,voicemail_#.wav,voicemail,16000,1,10.0,WAV,320044
train,4700,0a9450e9-ade0-4998-9379-376c0dd67ba4.flac,#a#e#-ade#-#-#-#c#dd#ba#.flac,answering_machine,16000,1,13.76825,FLAC,256309
train,4701,10277605-1285-4c82-9f79-0dcceba14283.flac,#-#-#c#-#f#-#dcceba#.flac,voicemail,16000,1,4.0639375,FLAC,63041
train,4702,incomplete_d2f93431-c245-4e09-bbe3-d4b447e07584_normalized.flac,incomplete_d#f#-c#-#e#-bbe#-d#b#e#_normalized.flac,human,16000,1,3.776,FLAC,73401
train,4703,0333a76f-5d37-4c9c-928e-895ea7913d5f.flac,#a#f-#d#-#c#c-#e-#ea#d#f.flac,voicemail,16000,1,2.596,FLAC,57192
train,4704,ivr_00176.wav,ivr_#.wav,ivr,16000,1,10.0,WAV,320044
train,4705,am_00307.wav,am_#.wav,answering_machine,16000,1,10.0,WAV,320044
train,4706,human_tts_00010.wav,human_tts_#.wav,human,16000,1,1.92,WAV,61484
train,4707,es_human_real_00253.wav,es_human_real_#.wav,human,16000,1,10.0,WAV,320044
train,4708,022dc7ab-a4e2-4b3e-b386-ca0732fbb187.flac,#dc#ab-a#e#-#b#e-b#-ca#fbb#.flac,ivr,16000,1,9.52,FLAC,183339
train,4709,13372aa9-2053-42a0-945f-2ec9edf53163.flac,#aa#-#-#a#-#f-#ec#edf#.flac,voicemail,16000,1,13.4844375,FLAC,292598
train,4710,01a68b32-ac43-45cf-a221-20539f85dc3e.flac,#a#b#-ac#-#cf-a#-#f#dc#e.flac,ivr,16000,1,11.6,FLAC,213186
train,4711,human_real_00007.wav,human_real_#.wav,human,16000,1,8.533375,WAV,273112
train,4712,fr_am_00244.wav,fr_am_#.wav,answering_machine,16000,1,8.0225,WAV,256764
train,4713,ivr_00143.wav,ivr_#.wav,ivr,16000,1,10.0,WAV,320044
train,4714,0161f6eb-20e7-46ed-b564-84c0342265dd.flac,#f#eb-#e#-#ed-b#-#c#dd.flac,answering_machine,16000,1,13.6569375,FLAC,261931
train,4715,1545e856-d8d7-4274-a91b-5da7637a1cb1.flac,#e#-d#d#-#-a#b-#da#a#cb#.flac,answering_machine,16000,1,12.5071875,FLAC,225686
train,4716,000bd4ec-b5f9-4507-b16e-856d432ed464.flac,#bd#ec-b#f#-#-b#e-#d#ed#.flac,ivr,16000,1,7.36,FLAC,166373
train,4717,human_tts_00099.wav,human_tts_#.wav,human,16000,1,2.136,WAV,68396
train,4718,incomplete_6ab6af41-d61b-45cf-8a1c-df5e5f39ee98_normalized.flac,incomplete_#ab#af#-d#b-#cf-#a#c-df#e#f#ee#_normalized.flac,human,16000,1,5.299375,FLAC,105813
train,4719,0d21c5d6-d4bc-4078-a53d-077d3797016c.flac,#d#c#d#-d#bc-#-a#d-#d#c.flac,voicemail,16000,1,10.7028125,FLAC,197857
train,4720,60268cffc421a821df7c1853.wav,#cffc#a#df#c#.wav,human,8000,1,8.637875,WAV,69162
train,4721,es_human_tts_00313.wav,es_human_tts_#.wav,human,16000,1,4.176,WAV,133676
train,4722,07dafdd2-ada3-4786-afb8-3d3a23a8aebb.flac,#dafdd#-ada#-#-afb#-#d#a#a#aebb.flac,answering_machine,16000,1,13.1329375,FLAC,252204
train,4723,02bdcbe7-f59d-4b02-b041-9afbe24ccfeb.flac,#bdcbe#-f#d-#b#-b#-#afbe#ccfeb.flac,ivr,16000,1,6.72,FLAC,146749
train,4724,0ddcb74a-ddc2-435c-8c0e-2f44f179afc8.flac,#ddcb#a-ddc#-#c-#c#e-#f#f#afc#.flac,voicemail,16000,1,6.815,FLAC,126631
train,4725,06b290ba-5af3-4763-9d28-d077809cea6d.flac,#b#ba-#af#-#-#d#-d#cea#d.flac,voicemail,16000,1,2.6935,FLAC,39199
train,4726,carrier_en_voicemail_00446.wav,carrier_en_voicemail_#.wav,voicemail,16000,1,10.0,WAV,320044
train,4727,carrier_es_voicemail_00227.wav,carrier_es_voicemail_#.wav,voicemail,16000,1,8.4455,WAV,270300
train,4728,11a7c23a-f8a5-4620-85b8-705ece32ae2e.flac,#a#c#a-f#a#-#-#b#-#ece#ae#e.flac,answering_machine,16000,1,13.08625,FLAC,259973
train,4729,030f62da-5a35-4e1a-88c1-5670bc015f18.flac,#f#da-#a#-#e#a-#c#-#bc#f#.flac,ivr,16000,1,2.76,FLAC,53181
train,4730,035fd5db-fd7d-4810-bf1c-0fc026920bf6.flac,#fd#db-fd#d-#-bf#c-#fc#bf#.flac,ivr,16000,1,8.44,FLAC,155009
train,4731,complete_8e4cc74a7e09480c84ea706efc2ec730.flac,complete_#e#cc#a#e#c#ea#efc#ec#.flac,human,16000,1,1.3023125,FLAC,12257
train,4732,1345b08e-5f06-4f6f-991d-6eb95a60f779.flac,#b#e-#f#-#f#f-#d-#eb#a#f#.flac,answering_machine,16000,1,12.6309375,FLAC,262690
train,4733,139b0011-bb1a-411c-a697-89d35981b5e2.flac,#b#-bb#a-#c-a#-#d#b#e#.flac,voicemail,16000,1,10.362875,FLAC,207099
train,4734,1e0dff13-475d-4ba1-b50f-5aefa76ca62b.flac,#e#dff#-#d-#ba#-b#f-#aefa#ca#b.flac,voicemail,16000,1,7.3723125,FLAC,136130
train,4735,0ff3e65c-6438-4ff4-a80c-645040cf9e39.flac,#ff#e#c-#-#ff#-a#c-#cf#e#.flac,answering_machine,16000,1,15.922625,FLAC,327111
train,4736,incomplete_136a02ff-ef6f-48e1-96c2-4bf8ee1334be_normalized.flac,incomplete_#a#ff-ef#f-#e#-#c#-#bf#ee#be_normalized.flac,human,16000,1,4.72,FLAC,73462
train,4737,00c01ea3-db80-40b5-ba36-dc54d3e16ee8.flac,#c#ea#-db#-#b#-ba#-dc#d#e#ee#.flac,ivr,16000,1,4.48,FLAC,87613
train,4738,002191de-728d-4329-9766-052a682bae01.flac,#de-#d-#-#-#a#bae#.flac,ivr,16000,1,4.8,FLAC,87410
train,4739,1c305ade-9507-4a58-9906-7e3cbd60395c.flac,#c#ade-#-#a#-#-#e#cbd#c.flac,answering_machine,16000,1,9.97075,FLAC,200563
train,4740,am_00181.wav,am_#.wav,answering_machine,16000,1,10.0,WAV,320044
train,4741,1c783dc4-9160-4de6-812f-0aea222d8701.flac,#c#dc#-#-#de#-#f-#aea#d#.flac,answering_machine,16000,1,5.54,FLAC,117210
train,4742,6026636dcfa37e1cf217af7d.wav,#dcfa#e#cf#af#d.wav,human,8000,1,6.058625,WAV,48528
train,4743,am_00245.wav,am_#.wav,answering_machine,16000,1,10.0,WAV,320044
train,4744,06dead1e-2691-4169-8848-98e0018d9d17.flac,#dead#e-#-#-#-#e#d#d#.flac,answering_machine,16000,1,11.485375,FLAC,216386
train,4745,0368106c-9022-47e4-abd0-8340d5f82ad7.flac,#c-#-#e#-abd#-#d#f#ad#.flac,ivr,16000,1,2.84,FLAC,59653
train,4746,017c6b5c-e5e7-4a8e-a37a-c748d19ef7a3.flac,#c#b#c-e#e#-#a#e-a#a-c#d#ef#a#.flac,ivr,16000,1,5.84,FLAC,132324
train,4747,human_real_00160.wav,human_real_#.wav,human,16000,1,3.328,WAV,106540
train,4748,fr_human_real_00057.wav,fr_human_real_#.wav,human,16000,1,4.096,WAV,131116
train,4749,carrier_en_answering_machine_00505.wav,carrier_en_answering_machine_#.wav,answering_machine,16000,1,8.8264375,WAV,282490
train,4750,1e642b9b-79f7-458f-9b02-dc23d09e213e.flac,#e#b#b-#f#-#f-#b#-dc#d#e#e.flac,answering_machine,16000,1,11.03475,FLAC,233943
train,4751,05395d6a-39c4-4649-8bd7-2695b3677e06.flac,#d#a-#c#-#-#bd#-#b#e#.flac,answering_machine,16000,1,10.3955625,FLAC,198184
train,4752,15117006-cc03-4b3f-a08b-166169d6b5c8.flac,#-cc#-#b#f-a#b-#d#b#c#.flac,answering_machine,16000,1,5.376,FLAC,112446
train,4753,carrier_fr_ivr_00096.wav,carrier_fr_ivr_#.wav,ivr,16000,1,10.0,WAV,320044
train,4754,031c4575-25f7-4e4b-b08a-552d7d0f26b6.flac,#c#-#f#-#e#b-b#a-#d#d#f#b#.flac,answering_machine,16000,1,10.790125,FLAC,213763
train,4755,1116a637-3318-4f56-b7f3-030b9b0ae437.flac,#a#-#-#f#-b#f#-#b#b#ae#.flac,answering_machine,16000,1,4.693375,FLAC,107708
train,4756,15de5533-f915-4f2e-9d75-a9eb1b030f4a.flac,#de#-f#-#f#e-#d#-a#eb#b#f#a.flac,answering_machine,16000,1,16.0,FLAC,324754
train,4757,02bd7580-125f-4830-8bac-57fae0b2e1eb.flac,#bd#-#f-#-#bac-#fae#b#e#eb.flac,ivr,16000,1,5.16,FLAC,94806
train,4758,01246252-779b-4db3-b58b-e31f787d8f66.flac,#-#b-#db#-b#b-e#f#d#f#.flac,ivr,16000,1,3.52,FLAC,62972
train,4759,ivr_00014.wav,ivr_#.wav,ivr,16000,1,9.216,WAV,294956
train,4760,human_tts_00032.wav,human_tts_#.wav,human,16000,1,2.544,WAV,81452
train,4761,carrier_es_human_00188.wav,carrier_es_human_#.wav,human,16000,1,2.64,WAV,84524
train,4762,incomplete_b23ba557-21b0-4e68-aec1-b0284176d46b_normalized.flac,incomplete_b#ba#-#b#-#e#-aec#-b#d#b_normalized.flac,human,16000,1,4.375875,FLAC,88555
train,4763,002ab493-60e7-433b-9f42-545f6e75d7bd.flac,#ab#-#e#-#b-#f#-#f#e#d#bd.flac,ivr,16000,1,9.24,FLAC,188131
train,4764,12cd4b20-7c26-4e05-ac05-45acdf3d6751.flac,#cd#b#-#c#-#e#-ac#-#acdf#d#.flac,voicemail,16000,1,4.022375,FLAC,76295
train,4765,human_real_00141.wav,human_real_#.wav,human,16000,1,2.986625,WAV,95616
train,4766,011d2b8e-4305-4c22-a866-7cf49259d67a.flac,#d#b#e-#-#c#-a#-#cf#d#a.flac,ivr,16000,1,9.64,FLAC,162301
train,4767,0943348f-1d1a-4d8d-a6ec-9818a71c9755.flac,#f-#d#a-#d#d-a#ec-#a#c#.flac,answering_machine,16000,1,10.61325,FLAC,215474
train,4768,de_voicemail_00479.wav,de_voicemail_#.wav,voicemail,16000,1,9.0228125,WAV,288774
train,4769,08906a39-c08f-41a6-a9ee-b8e38c85b4d8.flac,#a#-c#f-#a#-a#ee-b#e#c#b#d#.flac,answering_machine,16000,1,4.352,FLAC,85947
train,4770,incomplete_798f0c11-4d6e-4b19-964a-e62ce4e82a83_normalized.flac,incomplete_#f#c#-#d#e-#b#-#a-e#ce#e#a#_normalized.flac,human,16000,1,4.273125,FLAC,86953
train,4771,032b2d38-7db6-4903-b6d3-c3252ec583d5.flac,#b#d#-#db#-#-b#d#-c#ec#d#.flac,ivr,16000,1,9.56,FLAC,191144
train,4772,18ca8334-a178-4665-b694-baf11537b2c8.flac,#ca#-a#-#-b#-baf#b#c#.flac,voicemail,16000,1,3.292375,FLAC,53557
train,4773,complete_b51cd1d8-bf44-45e1-91d8-743376ae9ecb_normalized.flac,complete_b#cd#d#-bf#-#e#-#d#-#ae#ecb_normalized.flac,human,16000,1,3.4295,FLAC,76147
train,4774,human_real_00124.wav,human_real_#.wav,human,16000,1,8.96,WAV,286764
train,4775,human_real_00176.wav,human_real_#.wav,human,16000,1,10.0,WAV,320044
train,4776,complete_44b06cc3-00ef-45a6-a4b9-2baa491fb622_normalized.flac,complete_#b#cc#-#ef-#a#-a#b#-#baa#fb#_normalized.flac,human,16000,1,5.1306875,FLAC,104709
train,4777,08bd6a19-00d8-4577-9a8f-8bb9cbc53d23.flac,#bd#a#-#d#-#-#a#f-#bb#cbc#d#.flac,answering_machine,16000,1,15.384,FLAC,270480
train,4778,complete_7702d9ba-af38-49c6-a9f5-11fa28883d9b_normalized.flac,complete_#d#ba-af#-#c#-a#f#-#fa#d#b_normalized.flac,human,16000,1,2.78,FLAC,61971
train,4779,0193730f-8ce6-4ee7-a168-594dd539b6e3.flac,#f-#ce#-#ee#-a#-#dd#b#e#.flac,ivr,16000,1,3.88,FLAC,79361
train,4780,voicemail_00378.wav,voicemail_#.wav,voicemail,16000,1,10.0,WAV,320044
train,4781,1dc3b0d6-4833-4bba-812d-cedb5486fa41.flac,#dc#b#d#-#-#bba-#d-cedb#fa#.flac,voicemail,16000,1,14.2688125,FLAC,260737
train,4782,carrier_de_ivr_00343.wav,carrier_de_ivr_#.wav,ivr,16000,1,9.36,WAV,299564
train,4783,carrier_fr_voicemail_00060.wav,carrier_fr_voicemail_#.wav,voicemail,16000,1,10.0,WAV,320044
train,4784,ivr_00324.wav,ivr_#.wav,ivr,16000,1,9.912,WAV,317228
train,4785,01b1d7e8-5a28-4667-aba5-089bcf278737.flac,#b#d#e#-#a#-#-aba#-#bcf#.flac,ivr,16000,1,10.04,FLAC,190347
train,4786,00a04802-9a90-4b31-a256-dcc44028607b.flac,#a#-#a#-#b#-a#-dcc#b.flac,ivr,16000,1,5.2,FLAC,116278
train,4787,incomplete_e0998651-8d05-425d-9356-7179a83f6f71_normalized.flac,incomplete_e#-#d#-#d-#-#a#f#f#_normalized.flac,human,16000,1,4.389,FLAC,77177
train,4788,1af1cf43-9289-4a19-822e-41be672b50c7.flac,#af#cf#-#-#a#-#e-#be#b#c#.flac,answering_machine,16000,1,2.8966875,FLAC,56097
train,4789,carrier_es_ivr_00249.wav,carrier_es_ivr_#.wav,ivr,16000,1,10.0,WAV,320044
train,4790,1054a1a5-6b4f-49d2-bb56-19ebddf9d421.flac,#a#a#-#b#f-#d#-bb#-#ebddf#d#.flac,answering_machine,16000,1,2.9866875,FLAC,60737
train,4791,01f1c68f-fb7f-4ead-826c-f7913d6d0494.flac,#f#c#f-fb#f-#ead-#c-f#d#d#.flac,ivr,16000,1,11.0,FLAC,227159
train,4792,00313dc2-ee6c-4164-8add-9110dcfe93b0.flac,#dc#-ee#c-#-#add-#dcfe#b#.flac,ivr,16000,1,10.56,FLAC,224724
train,4793,voicemail_00263.wav,voicemail_#.wav,voicemail,16000,1,9.9259375,WAV,317674
train,4794,14b8f9f8-27b8-425c-a0ab-b04d74b30827.flac,#b#f#f#-#b#-#c-a#ab-b#d#b#.flac,voicemail,16000,1,13.14875,FLAC,261276
train,4795,148a055d-b49f-4f33-9453-59f797323637.flac,#a#d-b#f-#f#-#-#f#.flac,voicemail,16000,1,6.455125,FLAC,108427
train,4796,02868a65-beaf-4aed-ad36-81f95ff56339.flac,#a#-beaf-#aed-ad#-#f#ff#.flac,ivr,16000,1,6.84,FLAC,135848
train,4797,0c02055b-39a2-4d5b-a457-3df90a040c7e.flac,#c#b-#a#-#d#b-a#-#df#a#c#e.flac,answering_machine,16000,1,4.808375,FLAC,93395
train,4798,151fbbe4-b565-4896-be3d-e845926d0851.flac,#fbbe#-b#-#-be#d-e#d#.flac,voicemail,16000,1,5.3093125,FLAC,92265
train,4799,1b24c6e0-dc61-4d57-8500-a7de2661dd41.flac,#b#c#e#-dc#-#d#-#-a#de#dd#.flac,voicemail,16000,1,13.0855625,FLAC,254811
train,4800,response_36.wav,response_#.wav,human,8000,1,5.973375,WAV,47846
train,4801,19b73089-8a7b-4057-a69e-78429e9da78a.flac,#b#-#a#b-#-a#e-#e#da#a.flac,answering_machine,16000,1,6.68,FLAC,149284
train,4802,voicemail_00109.wav,voicemail_#.wav,voicemail,16000,1,7.999625,WAV,256032
train,4803,0a570734-de67-4b4a-8cd6-4b492e021c99.flac,#a#-de#-#b#a-#cd#-#b#e#c#.flac,answering_machine,16000,1,3.829625,FLAC,66425
train,4804,0e77d605-54e3-44e3-869d-60f746ec0bbc.flac,#e#d#-#e#-#e#-#d-#f#ec#bbc.flac,answering_machine,16000,1,14.21725,FLAC,296730
train,4805,am_00298.wav,am_#.wav,answering_machine,16000,1,8.8976875,WAV,284770
train,4806,response_49.wav,response_#.wav,human,8000,1,16.213375,WAV,129766
train,4807,02fcb895-3149-4fbb-99dd-f5a8a674f81b.flac,#fcb#-#-#fbb-#dd-f#a#a#f#b.flac,answering_machine,16000,1,15.8094375,FLAC,286766
train,4808,00bf849d-26ad-46e3-8049-ffe5503dbb05.flac,#bf#d-#ad-#e#-#-ffe#dbb#.flac,ivr,16000,1,4.36,FLAC,86697
train,4809,am_00115.wav,am_#.wav,answering_machine,16000,1,9.935625,WAV,317984
train,4810,carrier_en_human_00405.wav,carrier_en_human_#.wav,human,16000,1,1.944,WAV,62252
train,4811,027ac655-1628-40a2-894b-36e34570f340.flac,#ac#-#-#a#-#b-#e#f#.flac,ivr,16000,1,6.04,FLAC,125689
train,4812,602bac37bb1e6d0fbce921c0.wav,#bac#bb#e#d#fbce#c#.wav,human,8000,1,13.653375,WAV,109286
train,4813,60268f68c7abb7f832138c51.wav,#f#c#abb#f#c#.wav,human,8000,1,4.352,WAV,34874
train,4814,voicemail_00031.wav,voicemail_#.wav,voicemail,16000,1,8.6929375,WAV,278218
train,4815,0d219bcb-d421-4b60-a6dd-588d707fced1.flac,#d#bcb-d#-#b#-a#dd-#d#fced#.flac,answering_machine,16000,1,4.032125,FLAC,62553
train,4816,0398b9aa-596a-4e20-a058-bef27478ad6b.flac,#b#aa-#a-#e#-a#-bef#ad#b.flac,voicemail,16000,1,7.976,FLAC,134057
train,4817,complete_62ab4a3b-90db-4178-b5fb-d2f1b3ed6ea9_normalized.flac,complete_#ab#a#b-#db-#-b#fb-d#f#b#ed#ea#_normalized.flac,human,16000,1,4.083125,FLAC,69271
train,4818,fr_human_real_00046.wav,fr_human_real_#.wav,human,16000,1,5.376,WAV,172076
train,4819,60266735c7abb7f8321385b4.wav,#c#abb#f#b#.wav,human,8000,1,11.861375,WAV,94950
train,4820,027a518e-1185-435e-8539-b17408f30a7b.flac,#a#e-#-#e-#-b#f#a#b.flac,ivr,16000,1,10.76,FLAC,223179
train,4821,human_tts_00180.wav,human_tts_#.wav,human,16000,1,3.288,WAV,105260
train,4822,incomplete_bee496d0-9695-42ab-897b-24e11d4210d6_normalized.flac,incomplete_bee#d#-#-#ab-#b-#e#d#d#_normalized.flac,human,16000,1,5.7215625,FLAC,93863
train,4823,0efc6a36-9693-4ee8-94e7-21f09ae65fbc.flac,#efc#a#-#-#ee#-#e#-#f#ae#fbc.flac,voicemail,16000,1,11.453125,FLAC,227965
train,4824,human_real_00187.wav,human_real_#.wav,human,16000,1,10.0,WAV,320044
train,4825,00e1509b-c473-4058-b6ff-61b825b9fc4a.flac,#e#b-c#-#-b#ff-#b#b#fc#a.flac,ivr,16000,1,9.0,FLAC,198242
train,4826,02d19959-fb0d-4bc7-9566-b58938415c61.flac,#d#-fb#d-#bc#-#-b#c#.flac,ivr,16000,1,2.52,FLAC,52130
train,4827,024f9f7c-0a82-41b9-995e-ff9e1550e0fa.flac,#f#f#c-#a#-#b#-#e-ff#e#e#fa.flac,ivr,16000,1,6.96,FLAC,142111
train,4828,07d37e4c-683f-4b08-a80f-d5b9220bb7b9.flac,#d#e#c-#f-#b#-a#f-d#b#bb#b#.flac,voicemail,16000,1,13.570875,FLAC,255848
train,4829,1bdccbc1-b1b4-4606-8aa1-35ee9d29b8cf.flac,#bdccbc#-b#b#-#-#aa#-#ee#d#b#cf.flac,answering_machine,16000,1,11.409375,FLAC,253870
train,4830,18b15bf8-c88c-4ac5-99bf-97f067ddd2dd.flac,#b#bf#-c#c-#ac#-#bf-#f#ddd#dd.flac,answering_machine,16000,1,13.4335,FLAC,287863
train,4831,13532235-1403-4244-8074-b8854e891f5c.flac,#-#-#-#-b#e#f#c.flac,voicemail,16000,1,3.108,FLAC,66663
train,4832,carrier_fr_voicemail_00051.wav,carrier_fr_voicemail_#.wav,voicemail,16000,1,10.0,WAV,320044
train,4833,1c18636d-c6b4-4196-8f53-2105de191f89.flac,#c#d-c#b#-#-#f#-#de#f#.flac,answering_machine,16000,1,11.7890625,FLAC,213647
train,4834,01dfc87a-72b1-43c4-b603-ba48bcc59cfb.flac,#dfc#a-#b#-#c#-b#-ba#bcc#cfb.flac,answering_machine,16000,1,3.8076875,FLAC,49751
train,4835,12e2457a-086b-41e6-9ec4-98699cb00b5f.flac,#e#a-#b-#e#-#ec#-#cb#b#f.flac,voicemail,16000,1,11.9295625,FLAC,230515
train,4836,voicemail_00004.wav,voicemail_#.wav,voicemail,16000,1,10.0,WAV,320044
train,4837,carrier_fr_answering_machine_00149.wav,carrier_fr_answering_machine_#.wav,answering_machine,16000,1,9.35225,WAV,299316
train,4838,13bb958b-7e27-4e08-90c9-9c0d9a2a9dd9.flac,#bb#b-#e#-#e#-#c#-#c#d#a#a#dd#.flac,answering_machine,16000,1,14.0429375,FLAC,240033
train,4839,complete_3a7134ab-cb28-45b5-8dd4-ea19fc889167_normalized.flac,complete_#a#ab-cb#-#b#-#dd#-ea#fc#_normalized.flac,human,16000,1,1.824,FLAC,35859
train,4840,1db2cc19-3d59-4d25-84be-b4f2492fdc4a.flac,#db#cc#-#d#-#d#-#be-b#f#fdc#a.flac,answering_machine,16000,1,2.9603125,FLAC,43154
train,4841,incomplete_121245bab6d84dc490c48e44bd6acb96.flac,incomplete_#bab#d#dc#c#e#bd#acb#.flac,human,16000,1,2.5698125,FLAC,39663
train,4842,03460edc-8395-4e52-90a5-aa4a68d87e39.flac,#edc-#-#e#-#a#-aa#a#d#e#.flac,ivr,16000,1,5.36,FLAC,93964
train,4843,1b4bd217-b6f9-4e31-97b7-42c9e15ec462.flac,#b#bd#-b#f#-#e#-#b#-#c#e#ec#.flac,voicemail,16000,1,9.5283125,FLAC,222648
train,4844,1646d649-4d6c-4f6f-a95b-18c5cdf0c773.flac,#d#-#d#c-#f#f-a#b-#c#cdf#c#.flac,voicemail,16000,1,12.0545,FLAC,242971
train,4845,11aae055-3c08-4c33-803b-2bfc67dccea4.flac,#aae#-#c#-#c#-#b-#bfc#dccea#.flac,voicemail,16000,1,16.0,FLAC,294410
train,4846,incomplete_73078fdd-839d-4e3a-85e6-2a88f75dc080_normalized.flac,incomplete_#fdd-#d-#e#a-#e#-#a#f#dc#_normalized.flac,human,16000,1,6.656,FLAC,145208
train,4847,021bfdf2-671a-4707-b35f-8ac80061a904.flac,#bfdf#-#a-#-b#f-#ac#a#.flac,ivr,16000,1,5.48,FLAC,96326
train,4848,02e1b919-3ae0-42f6-8eb4-a96c2e045847.flac,#e#b#-#ae#-#f#-#eb#-a#c#e#.flac,ivr,16000,1,4.36,FLAC,76916
train,4849,voicemail_00026.wav,voicemail_#.wav,voicemail,16000,1,8.8063125,WAV,281846
train,4850,023f0ac5-7bd8-4fcb-ba32-fc6bfd074019.flac,#f#ac#-#bd#-#fcb-ba#-fc#bfd#.flac,ivr,16000,1,3.84,FLAC,69644
train,4851,fr_ivr_00166.wav,fr_ivr_#.wav,ivr,16000,1,8.93,WAV,285804
train,4852,human_tts_00080.wav,human_tts_#.wav,human,16000,1,2.808,WAV,89900
train,4853,1a4e0a91-7893-4e02-b666-4d804267c0f5.flac,#a#e#a#-#-#e#-b#-#d#c#f#.flac,answering_machine,16000,1,15.79925,FLAC,331666
train,4854,carrier_en_ivr_00467.wav,carrier_en_ivr_#.wav,ivr,16000,1,6.456,WAV,206636
train,4855,030e9257-bea2-470f-8392-07c6064a6b1b.flac,#e#-bea#-#f-#-#c#a#b#b.flac,ivr,16000,1,6.44,FLAC,118309
train,4856,am_00208.wav,am_#.wav,answering_machine,16000,1,10.0,WAV,320044
train,4857,1ce9cacd-1d9b-4168-b725-82abc893364b.flac,#ce#cacd-#d#b-#-b#-#abc#b.flac,voicemail,16000,1,12.894625,FLAC,245708
train,4858,02361a95-8915-46c8-89ca-ff2b296a58f0.flac,#a#-#-#c#-#ca-ff#b#a#f#.flac,ivr,16000,1,5.24,FLAC,88239
train,4859,am_00317.wav,am_#.wav,answering_machine,16000,1,10.0,WAV,320044
train,4860,human_real_00132.wav,human_real_#.wav,human,16000,1,5.034625,WAV,161152
train,4861,034cdd02-d882-4acc-8341-a0df81e14a64.flac,#cdd#-d#-#acc-#-a#df#e#a#.flac,ivr,16000,1,10.6,FLAC,200578
train,4862,carrier_en_answering_machine_00497.wav,carrier_en_answering_machine_#.wav,answering_machine,16000,1,9.6436875,WAV,308642
train,4863,001f7e89-fdf5-440b-8926-111f633851ce.flac,#f#e#-fdf#-#b-#-#f#ce.flac,ivr,16000,1,11.96,FLAC,243219
train,4864,032ef834-f110-46a2-8365-d7191dfb306a.flac,#ef#-f#-#a#-#-d#dfb#a.flac,ivr,16000,1,10.12,FLAC,208701
train,4865,incomplete_92434bcf-612f-4026-b237-f0526b955119_normalized.flac,incomplete_#bcf-#f-#-b#-f#b#_normalized.flac,human,16000,1,4.34375,FLAC,91847
train,4866,fr_voicemail_00129.wav,fr_voicemail_#.wav,voicemail,16000,1,10.0,WAV,320044
train,4867,0344d1ab-8f68-4e23-af48-aa330221b35e.flac,#d#ab-#f#-#e#-af#-aa#b#e.flac,ivr,16000,1,5.04,FLAC,103676
train,4868,1a5d747a-11c4-46b8-b40b-457dab671e7e.flac,#a#d#a-#c#-#b#-b#b-#dab#e#e.flac,answering_machine,16000,1,16.0,FLAC,330318
train,4869,602badc9963e11ccd901cdea.wav,#badc#e#ccd#cdea.wav,human,8000,1,2.474625,WAV,19856
train,4870,1c1f7fd2-6d38-44b5-b463-bb91f86c0fd8.flac,#c#f#fd#-#d#-#b#-b#-bb#f#c#fd#.flac,answering_machine,16000,1,11.0166875,FLAC,213950
train,4871,1c37c3a5-bd6f-4977-b216-89d47396dff6.flac,#c#c#a#-bd#f-#-b#-#d#dff#.flac,answering_machine,16000,1,7.531,FLAC,147148
train,4872,complete_c2067d9b-d27c-4ead-b961-71e56eb6f704_normalized.flac,complete_c#d#b-d#c-#ead-b#-#e#eb#f#_normalized.flac,human,16000,1,2.78,FLAC,59445
train,4873,6026680ac421a821df7c178f.wav,#ac#a#df#c#f.wav,human,8000,1,3.925375,WAV,31462
train,4874,de_human_real_00395.wav,de_human_real_#.wav,human,16000,1,5.851375,WAV,187288
train,4875,0240f1c3-ed4b-4748-8c1c-cf35d17a1ebf.flac,#f#c#-ed#b-#-#c#c-cf#d#a#ebf.flac,ivr,16000,1,7.0,FLAC,137527
train,4876,006dc22d-f3eb-4541-9fc1-d82e149d2238.flac,#dc#d-f#eb-#-#fc#-d#e#d#.flac,ivr,16000,1,3.88,FLAC,76921
train,4877,complete_eb03d6697b4d4f0f855387db5fc4a4df.flac,complete_eb#d#b#d#f#f#db#fc#a#df.flac,human,16000,1,6.5465,FLAC,90358
train,4878,incomplete_7920db76-5431-4ed4-8072-bba82c57cb5f_normalized.flac,incomplete_#db#-#-#ed#-#-bba#c#cb#f_normalized.flac,human,16000,1,3.99625,FLAC,78152
train,4879,0c7ebbd7-e77a-40a5-a744-917f1b531154.flac,#c#ebbd#-e#a-#a#-a#-#f#b#.flac,voicemail,16000,1,11.82825,FLAC,220497
train,4880,0022de60-8b7a-4685-af87-98ef0225d1c4.flac,#de#-#b#a-#-af#-#ef#d#c#.flac,ivr,16000,1,3.36,FLAC,74269
train,4881,18b65493-2579-479c-9bd3-8f5e93e4c526.flac,#b#-#-#c-#bd#-#f#e#e#c#.flac,voicemail,16000,1,13.74275,FLAC,262394
train,4882,01672901-a715-4afa-b166-edf970d71761.flac,#-a#-#afa-b#-edf#d#.flac,ivr,16000,1,7.04,FLAC,151976
train,4883,complete_db3c3b3a-91f0-4b5e-91c2-1e55a1325486_normalized.flac,complete_db#c#b#a-#f#-#b#e-#c#-#e#a#_normalized.flac,human,16000,1,2.60625,FLAC,49697
train,4884,186731ce-a36e-4858-b60d-c542084bfcb0.flac,#ce-a#e-#-b#d-c#bfcb#.flac,answering_machine,16000,1,6.8093125,FLAC,137079
train,4885,response_2.wav,response_#.wav,human,8000,1,18.090625,WAV,144784
train,4886,CA1fbd480eeb624a84179c84fbe4dddaea_0.wav,CA#fbd#eeb#a#c#fbe#dddaea_#.wav,human,8000,1,10.16,WAV,81338
train,4887,009a69be-4c6d-48e1-9d84-f86d4dbbb3cb.flac,#a#be-#c#d-#e#-#d#-f#d#dbbb#cb.flac,answering_machine,16000,1,11.3174375,FLAC,231085
train,4888,02baf259-b77e-40f9-9b6d-03b2daa45750.flac,#baf#-b#e-#f#-#b#d-#b#daa#.flac,ivr,16000,1,7.96,FLAC,170790
train,4889,04da0cb2-d883-4c92-9389-2868d9dc407b.flac,#da#cb#-d#-#c#-#-#d#dc#b.flac,answering_machine,16000,1,15.13325,FLAC,275426
train,4890,6026641ddc3604f481bcb3f8.wav,#ddc#f#bcb#f#.wav,human,8000,1,13.188875,WAV,105570
train,4891,CAf47149351e31972a5a23ed483e930301_0.wav,CAf#e#a#a#ed#e#_#.wav,human,8000,1,13.7,WAV,109658
train,4892,complete_ad121157-d67b-4d00-88cb-56c9e7ad1516_normalized.flac,complete_ad#-d#b-#d#-#cb-#c#e#ad#_normalized.flac,human,16000,1,3.315375,FLAC,71238
train,4893,19a14ea5-6f03-45a2-82e7-108ca83cb14f.flac,#a#ea#-#f#-#a#-#e#-#ca#cb#f.flac,voicemail,16000,1,4.899375,FLAC,97336
train,4894,000081dd-b6dc-420c-be34-57bd8224c18f.flac,#dd-b#dc-#c-be#-#bd#c#f.flac,voicemail,16000,1,12.9651875,FLAC,263111
train,4895,response_8.wav,response_#.wav,human,8000,1,3.328,WAV,26682
train,4896,fr_ivr_00191.wav,fr_ivr_#.wav,ivr,16000,1,9.576,WAV,306476
train,4897,carrier_fr_voicemail_00062.wav,carrier_fr_voicemail_#.wav,voicemail,16000,1,10.0,WAV,320044
train,4898,05a131a8-fb99-42fc-800a-9e782ca7a10d.flac,#a#a#-fb#-#fc-#a-#e#ca#a#d.flac,voicemail,16000,1,2.6470625,FLAC,46275
train,4899,1bf6cc7f-e761-4695-8aa8-815f6447e4f0.flac,#bf#cc#f-e#-#-#aa#-#f#e#f#.flac,answering_machine,16000,1,3.316,FLAC,72863
train,4900,de_human_tts_00445.wav,de_human_tts_#.wav,human,16000,1,2.064,WAV,66092
train,4901,ivr_00363.wav,ivr_#.wav,ivr,16000,1,7.728,WAV,247340
train,4902,CA8b5235c5c4f15e54ca9916ce5814a023_4.wav,CA#b#c#c#f#e#ca#ce#a#_#.wav,human,8000,1,5.28,WAV,42298
train,4903,01d19d72-7ddb-4b76-8016-271ff8fe1d05.flac,#d#d#-#ddb-#b#-#-#ff#fe#d#.flac,ivr,16000,1,7.16,FLAC,131221
train,4904,am_00221.wav,am_#.wav,answering_machine,16000,1,7.9824375,WAV,255482
train,4905,am_00360.wav,am_#.wav,answering_machine,16000,1,10.0,WAV,320044
train,4906,0f39458e-e5d6-4ab6-951f-63fbe3519182.flac,#f#e-e#d#-#ab#-#f-#fbe#.flac,voicemail,16000,1,4.3613125,FLAC,88791
train,4907,1d6505e3-85bb-4a1a-80df-d072813c3868.flac,#d#e#-#bb-#a#a-#df-d#c#.flac,voicemail,16000,1,7.892,FLAC,179232
train,4908,carrier_en_voicemail_00447.wav,carrier_en_voicemail_#.wav,voicemail,16000,1,10.0,WAV,320044
train,4909,013e193c-00af-45c5-9d88-9fe5ea3516d6.flac,#e#c-#af-#c#-#d#-#fe#ea#d#.flac,ivr,16000,1,11.84,FLAC,234056
train,4910,human_real_00055.wav,human_real_#.wav,human,16000,1,3.328,WAV,106540
train,4911,CA126f97ea320fc3b890d58998a087122f_0.wav,CA#f#ea#fc#b#d#a#f_#.wav,human,8000,1,4.74,WAV,37978
train,4912,0bb6a877-ff6f-4295-aa9e-474dc5d22187.flac,#bb#a#-ff#f-#-aa#e-#dc#d#.flac,answering_machine,16000,1,15.1816875,FLAC,285296
train,4913,602ba5aa05f96973d6794442.wav,#ba#aa#f#d#.wav,human,8000,1,18.773375,WAV,150246
train,4914,0f8bc90b-4c2f-4faa-981e-32115a4f5bef.flac,#f#bc#b-#c#f-#faa-#e-#a#f#bef.flac,answering_machine,16000,1,10.752,FLAC,223134
train,4915,0a6d6ac7-eb20-42e4-8db1-f7341b19cef2.flac,#a#d#ac#-eb#-#e#-#db#-f#b#cef#.flac,voicemail,16000,1,11.1298125,FLAC,222494
train,4916,human_tts_00050.wav,human_tts_#.wav,human,16000,1,3.24,WAV,103724
train,4917,002fa5e4-3e64-4c86-8aaf-7cdbc6d66106.flac,#fa#e#-#e#-#c#-#aaf-#cdbc#d#.flac,voicemail,16000,1,6.1068125,FLAC,129118
train,4918,ivr_00044.wav,ivr_#.wav,ivr,16000,1,10.0,WAV,320044
train,4919,response_15.wav,response_#.wav,human,8000,1,6.315875,WAV,50586
train,4920,15daa273-aa84-409c-932f-c5c8e8197582.flac,#daa#-aa#-#c-#f-c#c#e#.flac,answering_machine,16000,1,3.84,FLAC,83627
train,4921,01d5684f-2d8a-45dc-9c50-6fb156fef0a7.flac,#d#f-#d#a-#dc-#c#-#fb#fef#a#.flac,ivr,16000,1,5.12,FLAC,102582
train,4922,ivr_00090.wav,ivr_#.wav,ivr,16000,1,10.0,WAV,320044
train,4923,human_real_00071.wav,human_real_#.wav,human,16000,1,6.966,WAV,222956
train,4924,183a6b4a-570a-4885-b4b8-2a865878131a.flac,#a#b#a-#a-#-b#b#-#a#a.flac,voicemail,16000,1,10.9176875,FLAC,220524
train,4925,ivr_00177.wav,ivr_#.wav,ivr,16000,1,7.272,WAV,232748
train,4926,002010ad-817e-4b4e-a73c-280678bc3d21.flac,#ad-#e-#b#e-a#c-#bc#d#.flac,ivr,16000,1,3.68,FLAC,81173
train,4927,human_real_00179.wav,human_real_#.wav,human,16000,1,6.687375,WAV,214040
train,4928,0d86f0ac-2df5-478a-b8c7-eecb3ed99997.flac,#d#f#ac-#df#-#a-b#c#-eecb#ed#.flac,voicemail,16000,1,2.4041875,FLAC,39868
train,4929,01aa72fb-6212-494c-bea7-ee9f4e66e0fc.flac,#aa#fb-#-#c-bea#-ee#f#e#e#fc.flac,ivr,16000,1,5.64,FLAC,112469
train,4930,086f959b-3e0d-4319-a0e9-858ca517983f.flac,#f#b-#e#d-#-a#e#-#ca#f.flac,voicemail,16000,1,7.02,FLAC,148984
train,4931,0e8ac651-6584-4983-b0b9-0a5ce25666a6.flac,#e#ac#-#-#-b#b#-#a#ce#a#.flac,answering_machine,16000,1,4.962625,FLAC,84654
train,4932,01d1fa25-0723-4495-a1f9-2dc5f86e1924.flac,#d#fa#-#-#-a#f#-#dc#f#e#.flac,voicemail,16000,1,11.73925,FLAC,229840
train,4933,voicemail_00173.wav,voicemail_#.wav,voicemail,16000,1,10.0,WAV,320044
train,4934,complete_051985d0bfb24dd294872b5d3afb8a81.flac,complete_#d#bfb#dd#b#d#afb#a#.flac,human,16000,1,4.5233125,FLAC,73374
train,4935,01e26a27-6847-45e5-9b40-7b7a12807b5b.flac,#e#a#-#-#e#-#b#-#b#a#b#b.flac,answering_machine,16000,1,3.0713125,FLAC,50531
train,4936,01cf43a2-dcc0-492d-a1aa-711bf99a1f72.flac,#cf#a#-dcc#-#d-a#aa-#bf#a#f#.flac,ivr,16000,1,3.04,FLAC,53616
train,4937,CAd08cf13bb12ed87a32dcfa013f6c40af_1.wav,CAd#cf#bb#ed#a#dcfa#f#c#af_#.wav,human,8000,1,9.32,WAV,74618
train,4938,1d99a8c7-d660-47e7-8682-662104ed692c.flac,#d#a#c#-d#-#e#-#-#ed#c.flac,voicemail,16000,1,2.9419375,FLAC,52099
train,4939,1cd38b7e-45bc-42ef-8fc5-7b99ee829abe.flac,#cd#b#e-#bc-#ef-#fc#-#b#ee#abe.flac,voicemail,16000,1,5.2035625,FLAC,74282
train,4940,14fe45a6-fdcd-4c06-8f76-a4d4f7ee900c.flac,#fe#a#-fdcd-#c#-#f#-a#d#f#ee#c.flac,answering_machine,16000,1,3.90275,FLAC,62563
train,4941,16f8326b-dd54-48f1-ad6b-2abe46400af6.flac,#f#b-dd#-#f#-ad#b-#abe#af#.flac,voicemail,16000,1,15.7398125,FLAC,290245
train,4942,0c344d5e-5360-4e63-8340-dea8b6193852.flac,#c#d#e-#-#e#-#-dea#b#.flac,answering_machine,16000,1,14.3280625,FLAC,263130
train,4943,009ebe51-2ff8-4810-80c0-26dd3a22a142.flac,#ebe#-#ff#-#-#c#-#dd#a#a#.flac,answering_machine,16000,1,3.2426875,FLAC,63710
train,4944,carrier_es_voicemail_00229.wav,carrier_es_voicemail_#.wav,voicemail,16000,1,9.9530625,WAV,318542
train,4945,02c93d4d-697b-4129-86f8-e9dfb818bab5.flac,#c#d#d-#b-#-#f#-e#dfb#bab#.flac,ivr,16000,1,8.0,FLAC,177692
train,4946,0c0ae192-9308-4198-a44d-56e159e7cac3.flac,#c#ae#-#-#-a#d-#e#e#cac#.flac,answering_machine,16000,1,4.1248125,FLAC,48069
train,4947,voicemail_00267.wav,voicemail_#.wav,voicemail,16000,1,8.8759375,WAV,284074
train,4948,040100df-0a67-48a6-a6d3-dea56a676304.flac,#df-#a#-#a#-a#d#-dea#a#.flac,answering_machine,16000,1,5.1161875,FLAC,83892
train,4949,human_tts_00182.wav,human_tts_#.wav,human,16000,1,2.856,WAV,91436
train,4950,024620ab-f15b-453a-a78b-adad0965a5b6.flac,#ab-f#b-#a-a#b-adad#a#b#.flac,ivr,16000,1,4.36,FLAC,93392
train,4951,0fd78a95-68bc-475f-a7d9-a927d4abb77d.flac,#fd#a#-#bc-#f-a#d#-a#d#abb#d.flac,answering_machine,16000,1,10.74575,FLAC,227054
train,4952,voicemail_00234.wav,voicemail_#.wav,voicemail,16000,1,10.0,WAV,320044
train,4953,de_ivr_00502.wav,de_ivr_#.wav,ivr,16000,1,8.736,WAV,279596
train,4954,human_real_00156.wav,human_real_#.wav,human,16000,1,8.874625,WAV,284032
train,4955,18baced5-2dfd-4739-b395-9cda8cf2b8d1.flac,#baced#-#dfd-#-b#-#cda#cf#b#d#.flac,answering_machine,16000,1,9.9605625,FLAC,211581
train,4956,ivr_00170.wav,ivr_#.wav,ivr,16000,1,10.0,WAV,320044
train,4957,01c93f5a-7a82-4e89-8217-134bde03692e.flac,#c#f#a-#a#-#e#-#-#bde#e.flac,ivr,16000,1,15.56,FLAC,328818
train,4958,60266649c7abb7f832138472.wav,#c#abb#f#.wav,human,8000,1,4.458625,WAV,35728
train,4959,fr_human_tts_00116.wav,fr_human_tts_#.wav,human,16000,1,1.344,WAV,43052
train,4960,0f96413f-7168-4b2e-a1b2-a35c2866006b.flac,#f#f-#-#b#e-a#b#-a#c#b.flac,answering_machine,16000,1,16.0,FLAC,335239
train,4961,complete_447709212be340f894f6a8f9269a4125.flac,complete_#be#f#f#a#f#a#.flac,human,16000,1,2.221,FLAC,30022
train,4962,human_tts_00150.wav,human_tts_#.wav,human,16000,1,2.28,WAV,73004
train,4963,04f09ceb-4030-4898-87b5-ee04a7d61b6a.flac,#f#ceb-#-#-#b#-ee#a#d#b#a.flac,answering_machine,16000,1,15.240875,FLAC,298461
train,4964,1cf99f2b-de32-41c1-8aa7-ba6bb3c900f3.flac,#cf#f#b-de#-#c#-#aa#-ba#bb#c#f#.flac,voicemail,16000,1,4.609125,FLAC,76541
train,4965,01e43cea-8420-4114-90bd-4c1a78ba4e29.flac,#e#cea-#-#-#bd-#c#a#ba#e#.flac,ivr,16000,1,2.72,FLAC,60080
train,4966,ivr_00380.wav,ivr_#.wav,ivr,16000,1,10.0,WAV,320044
train,4967,incomplete_75400f56-8863-45ac-8b19-8e651caff3e1_normalized.flac,incomplete_#f#-#-#ac-#b#-#e#caff#e#_normalized.flac,human,16000,1,4.75125,FLAC,92408
train,4968,am_00335.wav,am_#.wav,answering_machine,16000,1,10.0,WAV,320044
train,4969,voicemail_00244.wav,voicemail_#.wav,voicemail,16000,1,10.0,WAV,320044
train,4970,60268ef8c421a821df7c1894.wav,#ef#c#a#df#c#.wav,human,8000,1,7.082625,WAV,56720
train,4971,complete_b09870fc-2fe5-4a0f-8bc4-05ca44359f9e_normalized.flac,complete_b#fc-#fe#-#a#f-#bc#-#ca#f#e_normalized.flac,human,16000,1,3.718125,FLAC,75765
train,4972,0431dbcd-5cf9-49a4-af92-4dd2ffc082e0.flac,#dbcd-#cf#-#a#-af#-#dd#ffc#e#.flac,voicemail,16000,1,12.970625,FLAC,263679
train,4973,169f75d1-30b4-400a-99bb-2d2c059f50bc.flac,#f#d#-#b#-#a-#bb-#d#c#f#bc.flac,voicemail,16000,1,4.5411875,FLAC,80771
train,4974,017d3ffd-dae4-49f1-a5b3-512d5ae56d69.flac,#d#ffd-dae#-#f#-a#b#-#d#ae#d#.flac,answering_machine,16000,1,13.03725,FLAC,254710
train,4975,160786a4-ed58-4e95-a3e2-bb4864087aab.flac,#a#-ed#-#e#-a#e#-bb#aab.flac,answering_machine,16000,1,13.1423125,FLAC,277745
train,4976,08353cf7-4249-41f5-ae92-bce50cf1d94a.flac,#cf#-#-#f#-ae#-bce#cf#d#a.flac,answering_machine,16000,1,11.8945,FLAC,215796
train,4977,029fdc0f-9e6c-4302-8456-188a21a00b8d.flac,#fdc#f-#e#c-#-#-#a#a#b#d.flac,ivr,16000,1,9.12,FLAC,206579
train,4978,am_00188.wav,am_#.wav,answering_machine,16000,1,9.2808125,WAV,297030
train,4979,026fe56e-0218-41e3-b702-edd847159b77.flac,#fe#e-#-#e#-b#-edd#b#.flac,ivr,16000,1,5.64,FLAC,115481
train,4980,01f81f22-6519-41a0-8669-82ec15bf97c3.flac,#f#f#-#-#a#-#-#ec#bf#c#.flac,ivr,16000,1,4.12,FLAC,86631
train,4981,0564c3ed-67f3-4329-bc78-c2abbc9c4364.flac,#c#ed-#f#-#-bc#-c#abbc#c#.flac,voicemail,16000,1,9.004375,FLAC,162127
train,4982,incomplete_93d02d08-59da-4f56-ab43-b4a4a403a9fe_normalized.flac,incomplete_#d#d#-#da-#f#-ab#-b#a#a#a#fe_normalized.flac,human,16000,1,5.473125,FLAC,104405
train,4983,complete_d8b2ffb0-b79b-4698-9e01-6156a4be0a95_normalized.flac,complete_d#b#ffb#-b#b-#-#e#-#a#be#a#_normalized.flac,human,16000,1,4.8253125,FLAC,103696
train,4984,CA5402aaafa4ffa4c425aa33ac867b80be_3.wav,CA#aaafa#ffa#c#aa#ac#b#be_#.wav,human,8000,1,6.62,WAV,53018
train,4985,034312bd-62f4-4fb0-b8cb-ee8f534e3c59.flac,#bd-#f#-#fb#-b#cb-ee#f#e#c#.flac,ivr,16000,1,11.04,FLAC,252150
train,4986,carrier_fr_human_00007.wav,carrier_fr_human_#.wav,human,16000,1,2.256,WAV,72236
train,4987,voicemail_00040.wav,voicemail_#.wav,voicemail,16000,1,7.0751875,WAV,226450
train,4988,017545ce-3768-4ad0-bc3c-a1a6988447e4.flac,#ce-#-#ad#-bc#c-a#a#e#.flac,ivr,16000,1,14.96,FLAC,320936
train,4989,carrier_fr_voicemail_00044.wav,carrier_fr_voicemail_#.wav,voicemail,16000,1,10.0,WAV,320044
train,4990,0217671f-6016-4f8b-b3d4-404b904bd81b.flac,#f-#-#f#b-b#d#-#b#bd#b.flac,ivr,16000,1,7.92,FLAC,152189
train,4991,02b66b46-f966-47af-8410-916a5b8749ab.flac,#b#b#-f#-#af-#-#a#b#ab.flac,ivr,16000,1,2.96,FLAC,67453
train,4992,020eaa4b-f693-40a4-8224-b449c2bf37bf.flac,#eaa#b-f#-#a#-#-b#c#bf#bf.flac,ivr,16000,1,11.0,FLAC,234875
train,4993,ivr_00066.wav,ivr_#.wav,ivr,16000,1,10.0,WAV,320044
train,4994,0b72beba-db56-47a2-aee0-06a95e83c4c3.flac,#b#beba-db#-#a#-aee#-#a#e#c#c#.flac,answering_machine,16000,1,2.9866875,FLAC,67646
train,4995,fr_ivr_00174.wav,fr_ivr_#.wav,ivr,16000,1,8.4,WAV,268844
train,4996,am_00041.wav,am_#.wav,answering_machine,16000,1,10.0,WAV,320044
train,4997,17cda1dd-5280-4275-b6e2-164918694d9e.flac,#cda#dd-#-#-b#e#-#d#e.flac,voicemail,16000,1,12.1098125,FLAC,229719
train,4998,602b9b81963e11ccd901cbe6.wav,#b#b#e#ccd#cbe#.wav,human,8000,1,3.157375,WAV,25318
train,4999,04fca307-d140-4583-ab8a-472dd55132f6.flac,#fca#-d#-#-ab#a-#dd#f#.flac,answering_machine,16000,1,11.52,FLAC,247501
train,5000,incomplete_c0d93bdc-9ae4-4393-a8d5-c53ca35977ae_normalized.flac,incomplete_c#d#bdc-#ae#-#-a#d#-c#ca#ae_normalized.flac,human,16000,1,5.03875,FLAC,107876
train,5001,voicemail_00223.wav,voicemail_#.wav,voicemail,16000,1,10.0,WAV,320044
train,5002,00cafab4-a6a7-461a-9ff7-a95270b04672.flac,#cafab#-a#a#-#a-#ff#-a#b#.flac,voicemail,16000,1,12.3411875,FLAC,235741
train,5003,ivr_00012.wav,ivr_#.wav,ivr,16000,1,10.0,WAV,320044
train,5004,19ecd628-382a-4310-a2ac-5d8316b1526d.flac,#ecd#-#a-#-a#ac-#d#b#d.flac,voicemail,16000,1,3.6680625,FLAC,58837
train,5005,0561e7ed-a554-4ef5-b384-bc39f92f1b94.flac,#e#ed-a#-#ef#-b#-bc#f#f#b#.flac,voicemail,16000,1,4.218,FLAC,68925
train,5006,06b4c2f4-9dfb-4899-9238-6b5393144aa4.flac,#b#c#f#-#dfb-#-#-#b#aa#.flac,voicemail,16000,1,6.1704375,FLAC,119556
train,5007,am_00310.wav,am_#.wav,answering_machine,16000,1,10.0,WAV,320044
train,5008,incomplete_6313c860-80ad-46d4-b874-d2db91955d8c_normalized.flac,incomplete_#c#-#ad-#d#-b#-d#db#d#c_normalized.flac,human,16000,1,3.561875,FLAC,71755
train,5009,17ea2de7-c98a-400a-a4f9-24f345b7b566.flac,#ea#de#-c#a-#a-a#f#-#f#b#b#.flac,answering_machine,16000,1,11.2061875,FLAC,236155
train,5010,human_real_00146.wav,human_real_#.wav,human,16000,1,3.328,WAV,106540
train,5011,response_35.wav,response_#.wav,human,8000,1,7.253375,WAV,58086
train,5012,voicemail_00315.wav,voicemail_#.wav,voicemail,16000,1,8.267875,WAV,264616
train,5013,complete_5b13b4d7-f459-4e58-bfb3-a765420f7c7f_normalized.flac,complete_#b#b#d#-f#-#e#-bfb#-a#f#c#f_normalized.flac,human,16000,1,3.36,FLAC,70772
train,5014,ivr_00191.wav,ivr_#.wav,ivr,16000,1,9.264,WAV,296492
train,5015,carrier_es_voicemail_00201.wav,carrier_es_voicemail_#.wav,voicemail,16000,1,10.0,WAV,320044
train,5016,014ed4ed-3514-4936-9273-0c6f5e36e97a.flac,#ed#ed-#-#-#-#c#f#e#e#a.flac,ivr,16000,1,7.88,FLAC,148191
train,5017,voicemail_00200.wav,voicemail_#.wav,voicemail,16000,1,9.09225,WAV,290996
train,5018,voicemail_00278.wav,voicemail_#.wav,voicemail,16000,1,10.0,WAV,320044
train,5019,1ddd797b-de44-4789-8f13-28537269c2ef.flac,#ddd#b-de#-#-#f#-#c#ef.flac,answering_machine,16000,1,13.2404375,FLAC,252543
train,5020,1d8e3ca4-d874-468a-bc5a-9cccd553756e.flac,#d#e#ca#-d#-#a-bc#a-#cccd#e.flac,answering_machine,16000,1,4.181375,FLAC,92727
train,5021,02c9fe39-f57a-449e-9982-5bfd0fba33c4.flac,#c#fe#-f#a-#e-#-#bfd#fba#c#.flac,answering_machine,16000,1,12.787375,FLAC,278585
train,5022,602665d2cfa37e1cf217afae.wav,#d#cfa#e#cf#afae.wav,human,8000,1,11.008,WAV,88122
train,5023,response_48.wav,response_#.wav,human,8000,1,3.584,WAV,28730
train,5024,0e75a839-c024-4153-9725-9e51a729b911.flac,#e#a#-c#-#-#-#e#a#b#.flac,voicemail,16000,1,12.6428125,FLAC,219834
train,5025,00e4c910-ecf7-4d4c-9cb3-315f666a5fca.flac,#e#c#-ecf#-#d#c-#cb#-#f#a#fca.flac,answering_machine,16000,1,12.696625,FLAC,252036
train,5026,1591a7ef-6de3-45f3-96ed-d373615276ce.flac,#a#ef-#de#-#f#-#ed-d#ce.flac,voicemail,16000,1,13.507,FLAC,320991
train,5027,incomplete_596f4142-8be9-4e7c-8d12-f33b9145dc9d_normalized.flac,incomplete_#f#-#be#-#e#c-#d#-f#b#dc#d_normalized.flac,human,16000,1,10.176,FLAC,207171
train,5028,complete_b20bd51e-15ca-4585-891e-f349b132bb43_normalized.flac,complete_b#bd#e-#ca-#-#e-f#b#bb#_normalized.flac,human,16000,1,4.0565,FLAC,78886
train,5029,carrier_de_answering_machine_00377.wav,carrier_de_answering_machine_#.wav,answering_machine,16000,1,9.9848125,WAV,319558
train,5030,1738d085-df59-4fdc-aefa-b599e9ef20dc.flac,#d#-df#-#fdc-aefa-b#e#ef#dc.flac,answering_machine,16000,1,7.444,FLAC,146710
train,5031,am_00207.wav,am_#.wav,answering_machine,16000,1,10.0,WAV,320044
train,5032,01b8a5f6-339c-4cdf-8d2f-2cbc3d061a96.flac,#b#a#f#-#c-#cdf-#d#f-#cbc#d#a#.flac,ivr,16000,1,4.96,FLAC,98458
train,5033,1333422d-70a2-4a18-a471-54aca03b2c73.flac,#d-#a#-#a#-a#-#aca#b#c#.flac,answering_machine,16000,1,13.341625,FLAC,246839
train,5034,voicemail_00123.wav,voicemail_#.wav,voicemail,16000,1,10.0,WAV,320044
train,5035,00d9c882-cd80-4ae6-87f2-2df6ee339c72.flac,#d#c#-cd#-#ae#-#f#-#df#ee#c#.flac,ivr,16000,1,5.96,FLAC,111535
train,5036,ivr_00298.wav,ivr_#.wav,ivr,16000,1,10.0,WAV,320044
train,5037,0241f411-35fa-4a29-910e-47bea3be791f.flac,#f#-#fa-#a#-#e-#bea#be#f.flac,voicemail,16000,1,10.0059375,FLAC,198062
train,5038,09dbed3c-a585-4871-95cf-07c9377f7ab3.flac,#dbed#c-a#-#-#cf-#c#f#ab#.flac,answering_machine,16000,1,11.2690625,FLAC,224778
train,5039,01e906d9-00e7-4329-89ff-343e2fa29868.flac,#e#d#-#e#-#-#ff-#e#fa#.flac,answering_machine,16000,1,4.6676875,FLAC,93378
train,5040,053800ef-806e-49ec-bbec-cf3022a9317b.flac,#ef-#e-#ec-bbec-cf#a#b.flac,voicemail,16000,1,2.9988125,FLAC,51599
train,5041,05e11580-20b1-46fd-9e48-77272fbf3af5.flac,#e#-#b#-#fd-#e#-#fbf#af#.flac,voicemail,16000,1,3.556875,FLAC,61052
train,5042,carrier_es_ivr_00238.wav,carrier_es_ivr_#.wav,ivr,16000,1,10.0,WAV,320044
train,5043,human_real_00181.wav,human_real_#.wav,human,16000,1,10.0,WAV,320044
train,5044,01ea1033-6708-40ff-8b8c-7510390200ef.flac,#ea#-#-#ff-#b#c-#ef.flac,ivr,16000,1,9.64,FLAC,195257
train,5045,00398dc8-cb26-4c1e-9df7-6136f0f612b2.flac,#dc#-cb#-#c#e-#df#-#f#f#b#.flac,ivr,16000,1,12.32,FLAC,253445
train,5046,1035b6df-d8e6-4758-8e6e-ce3dbd7227b5.flac,#b#df-d#e#-#-#e#e-ce#dbd#b#.flac,voicemail,16000,1,10.4440625,FLAC,160580
train,5047,14a5c462-4f96-4acd-b123-18e9479bb6f9.flac,#a#c#-#f#-#acd-b#-#e#bb#f#.flac,voicemail,16000,1,3.366875,FLAC,74386
train,5048,02b5de93-d24a-4036-9e24-7ea623c31f5e.flac,#b#de#-d#a-#-#e#-#ea#c#f#e.flac,voicemail,16000,1,9.321125,FLAC,212740
train,5049,602bad245f67b421554f648f.wav,#bad#f#b#f#f.wav,human,8000,1,5.205375,WAV,41702
train,5050,01964e99-2066-4103-8b8a-74d0d2e6575d.flac,#e#-#-#-#b#a-#d#d#e#d.flac,ivr,16000,1,9.4,FLAC,214654
train,5051,incomplete_5022fcfb-b4c7-4000-a3dc-eda61b527fe0_normalized.flac,incomplete_#fcfb-b#c#-#-a#dc-eda#b#fe#_normalized.flac,human,16000,1,2.866875,FLAC,57667
train,5052,am_00212.wav,am_#.wav,answering_machine,16000,1,10.0,WAV,320044
train,5053,0055c906-7c4a-4648-b589-05adf8c0e64c.flac,#c#-#c#a-#-b#-#adf#c#e#c.flac,ivr,16000,1,10.32,FLAC,191495
train,5054,0e335847-4584-4fe0-9aee-18cf894cf557.flac,#e#-#-#fe#-#aee-#cf#cf#.flac,answering_machine,16000,1,5.6376875,FLAC,121165
train,5055,0478e503-61a3-4c07-b038-2d6936592e41.flac,#e#-#a#-#c#-b#-#d#e#.flac,answering_machine,16000,1,6.997375,FLAC,149761
train,5056,complete_7a946fcd-3d10-47a4-9a93-856b6a08106e_normalized.flac,complete_#a#fcd-#d#-#a#-#a#-#b#a#e_normalized.flac,human,16000,1,2.5228125,FLAC,56641
train,5057,carrier_en_answering_machine_00490.wav,carrier_en_answering_machine_#.wav,answering_machine,16000,1,9.418125,WAV,301424
train,5058,10004f8f-725b-4009-b092-2dd663d880da.flac,#f#f-#b-#-b#-#dd#d#da.flac,voicemail,16000,1,6.849875,FLAC,101863
train,5059,1362c2fe-5f46-4d42-8a2a-aab8d1c62074.flac,#c#fe-#f#-#d#-#a#a-aab#d#c#.flac,voicemail,16000,1,12.32175,FLAC,234445
train,5060,1de05814-0a5d-4457-afa7-e749b910da4a.flac,#de#-#a#d-#-afa#-e#b#da#a.flac,answering_machine,16000,1,4.99075,FLAC,63780
train,5061,01d57b1d-7017-43be-85f4-4a2c99ccf1c3.flac,#d#b#d-#-#be-#f#-#a#c#ccf#c#.flac,ivr,16000,1,2.52,FLAC,48709
train,5062,carrier_en_ivr_00460.wav,carrier_en_ivr_#.wav,ivr,16000,1,10.0,WAV,320044
train,5063,173898f0-59d3-48dc-9c51-f5f3d0943709.flac,#f#-#d#-#dc-#c#-f#f#d#.flac,voicemail,16000,1,11.510625,FLAC,253307
train,5064,am_00300.wav,am_#.wav,answering_machine,16000,1,10.0,WAV,320044
train,5065,carrier_es_human_00173.wav,carrier_es_human_#.wav,human,16000,1,2.496,WAV,79916
train,5066,de_ivr_00516.wav,de_ivr_#.wav,ivr,16000,1,8.76,WAV,280364
train,5067,de_am_00525.wav,de_am_#.wav,answering_machine,16000,1,10.0,WAV,320044
train,5068,complete_0219b411-d782-4203-9e08-8f02d9e96baa_normalized.flac,complete_#b#-d#-#-#e#-#f#d#e#baa_normalized.flac,human,16000,1,2.816,FLAC,55874
train,5069,0129d7d8-5df2-4351-81cc-139edc329e4c.flac,#d#d#-#df#-#-#cc-#edc#e#c.flac,ivr,16000,1,8.96,FLAC,172255
train,5070,am_00338.wav,am_#.wav,answering_machine,16000,1,10.0,WAV,320044
train,5071,human_tts_00119.wav,human_tts_#.wav,human,16000,1,1.824,WAV,58412
train,5072,0f54081f-6f7b-46c3-84b9-e68f646b558a.flac,#f#f-#f#b-#c#-#b#-e#f#b#a.flac,answering_machine,16000,1,6.741375,FLAC,136182
train,5073,ivr_00052.wav,ivr_#.wav,ivr,16000,1,8.736,WAV,279596
train,5074,response_10.wav,response_#.wav,human,8000,1,7.594625,WAV,60816
train,5075,0059613d-16f1-417a-8026-decc3e757813.flac,#d-#f#-#a-#-decc#e#.flac,ivr,16000,1,5.48,FLAC,99586
train,5076,human_tts_00152.wav,human_tts_#.wav,human,16000,1,2.352,WAV,75308
train,5077,response_22.wav,response_#.wav,human,8000,1,8.704,WAV,69690
train,5078,fr_human_tts_00096.wav,fr_human_tts_#.wav,human,16000,1,0.984,WAV,31532
train,5079,carrier_en_voicemail_00429.wav,carrier_en_voicemail_#.wav,voicemail,16000,1,10.0,WAV,320044
train,5080,0080d20c-c891-4172-bf68-b1b331d6c9f5.flac,#d#c-c#-#-bf#-b#b#d#c#f#.flac,ivr,16000,1,5.2,FLAC,100273
train,5081,fr_human_real_00029.wav,fr_human_real_#.wav,human,16000,1,9.557375,WAV,305880
train,5082,voicemail_00203.wav,voicemail_#.wav,voicemail,16000,1,10.0,WAV,320044
train,5083,response_4.wav,response_#.wav,human,8000,1,5.205375,WAV,41702
train,5084,human_tts_00112.wav,human_tts_#.wav,human,16000,1,0.912,WAV,29228
train,5085,voicemail_00271.wav,voicemail_#.wav,voicemail,16000,1,9.7195625,WAV,311070
train,5086,059f850e-01c9-4d2e-85e3-9c166d996c56.flac,#f#e-#c#-#d#e-#e#-#c#d#c#.flac,answering_machine,16000,1,10.81,FLAC,208714
train,5087,00df2520-9acb-4ae9-b20f-7ca49e613b5c.flac,#df#-#acb-#ae#-b#f-#ca#e#b#c.flac,ivr,16000,1,4.12,FLAC,76900
train,5088,CAe13ce2f7c051f352cadec771abefe2fd_0.wav,CAe#ce#f#c#f#cadec#abefe#fd_#.wav,human,8000,1,5.5,WAV,44058
train,5089,es_human_tts_00314.wav,es_human_tts_#.wav,human,16000,1,3.048,WAV,97580
train,5090,602ba3fa5f67b421554f63ec.wav,#ba#fa#f#b#f#ec.wav,human,8000,1,3.669375,WAV,29414
train,5091,1bc41c42-6f6a-4122-98f4-afd0d6569e8e.flac,#bc#c#-#f#a-#-#f#-afd#d#e#e.flac,voicemail,16000,1,14.519375,FLAC,282041
train,5092,voicemail_00095.wav,voicemail_#.wav,voicemail,16000,1,10.0,WAV,320044
train,5093,es_human_tts_00311.wav,es_human_tts_#.wav,human,16000,1,2.664,WAV,85292
train,5094,ivr_00186.wav,ivr_#.wav,ivr,16000,1,10.0,WAV,320044
train,5095,response_50.wav,response_#.wav,human,8000,1,4.608,WAV,36922
train,5096,de_voicemail_00488.wav,de_voicemail_#.wav,voicemail,16000,1,9.1406875,WAV,292546
train,5097,1c657cd2-872a-4726-8a16-955f4de6a3c5.flac,#c#cd#-#a-#-#a#-#f#de#a#c#.flac,answering_machine,16000,1,4.651125,FLAC,83794
train,5098,197de25d-9812-473e-bdd7-d4222bfb585a.flac,#de#d-#-#e-bdd#-d#bfb#a.flac,answering_machine,16000,1,3.33825,FLAC,46742
train,5099,0af7f7fb-cd29-4cba-a4f1-6bcd3a4b77ad.flac,#af#f#fb-cd#-#cba-a#f#-#bcd#a#b#ad.flac,voicemail,16000,1,16.0,FLAC,292175
train,5100,complete_95a8e414-3c0e-4508-b98f-315f0fd825d2_normalized.flac,complete_#a#e#-#c#e-#-b#f-#f#fd#d#_normalized.flac,human,16000,1,3.25675,FLAC,66416
train,5101,01465f5b-cc93-4de0-829d-7ccead9e4563.flac,#f#b-cc#-#de#-#d-#ccead#e#.flac,ivr,16000,1,9.64,FLAC,191618
train,5102,02a2c759-d268-4e56-926f-e12ab625fdf6.flac,#a#c#-d#-#e#-#f-e#ab#fdf#.flac,ivr,16000,1,7.16,FLAC,152133
train,5103,01f2761d-e00a-4a2d-89ad-4d071761751d.flac,#f#d-e#a-#a#d-#ad-#d#d.flac,ivr,16000,1,5.36,FLAC,109457
train,5104,es_ivr_00359.wav,es_ivr_#.wav,ivr,16000,1,7.224,WAV,231212
train,5105,02aacbf6-a6fa-46f1-b399-ab20e0fc8d10.flac,#aacbf#-a#fa-#f#-b#-ab#e#fc#d#.flac,ivr,16000,1,2.2,FLAC,45321
train,5106,02c915d1-f6b8-4900-8439-4420be0362cb.flac,#c#d#-f#b#-#-#-#be#cb.flac,ivr,16000,1,8.24,FLAC,155322
train,5107,response_22.wav,response_#.wav,human,8000,1,18.111625,WAV,144952
train,5108,complete_af5543ce-7c31-43b3-ad45-b1b1116fe399_normalized.flac,complete_af#ce-#c#-#b#-ad#-b#b#fe#_normalized.flac,human,16000,1,2.81925,FLAC,56879
train,5109,1d641704-b309-492c-b05b-49e49c96c223.flac,#d#-b#-#c-b#b-#e#c#c#.flac,answering_machine,16000,1,9.6606875,FLAC,206563
train,5110,0282bcd1-7c39-439c-8e81-1fafb6613e08.flac,#bcd#-#c#-#c-#e#-#fafb#e#.flac,ivr,16000,1,9.56,FLAC,219532
train,5111,08f12a05-a666-4820-b802-58429ed79f39.flac,#f#a#-a#-#-b#-#ed#f#.flac,voicemail,16000,1,3.237125,FLAC,60969
train,5112,602666e7c7abb7f832138551.wav,#e#c#abb#f#.wav,human,8000,1,2.986625,WAV,23952
train,5113,es_ivr_00352.wav,es_ivr_#.wav,ivr,16000,1,8.306,WAV,265836
train,5114,0104fa71-70c7-4fbd-b0a5-bb83ab4a465a.flac,#fa#-#c#-#fbd-b#a#-bb#ab#a#a.flac,ivr,16000,1,2.36,FLAC,49036
train,5115,10bf1ae6-4fb6-490b-845b-924e02895e20.flac,#bf#ae#-#fb#-#b-#b-#e#e#.flac,voicemail,16000,1,10.714,FLAC,229658
train,5116,ivr_00222.wav,ivr_#.wav,ivr,16000,1,10.0,WAV,320044
train,5117,00107a14-af5a-4190-b3cd-bdd76a74426f.flac,#a#-af#a-#-b#cd-bdd#a#f.flac,ivr,16000,1,6.12,FLAC,134072
train,5118,1ba34802-1717-4383-afa8-2ce9e61d43c5.flac,#ba#-#-#-afa#-#ce#e#d#c#.flac,answering_machine,16000,1,12.7501875,FLAC,230500
train,5119,044d7a9b-d1b6-4ca6-82f1-eb1f0b0aba84.flac,#d#a#b-d#b#-#ca#-#f#-eb#f#b#aba#.flac,answering_machine,16000,1,7.253375,FLAC,154147
train,5120,ivr_00032.wav,ivr_#.wav,ivr,16000,1,8.519875,WAV,272680
train,5121,030a9caf-5097-4ec6-8411-4fbc6a562722.flac,#a#caf-#-#ec#-#-#fbc#a#.flac,ivr,16000,1,7.84,FLAC,158680
train,5122,de_human_real_00397.wav,de_human_real_#.wav,human,16000,1,8.6,WAV,275244
train,5123,complete_bec7fc1e-89c7-4bcf-9aed-483233472440_normalized.flac,complete_bec#fc#e-#c#-#bcf-#aed-#_normalized.flac,human,16000,1,2.345625,FLAC,46861
train,5124,09d21377-2c21-4818-a07f-de9b47d39466.flac,#d#-#c#-#-a#f-de#b#d#.flac,voicemail,16000,1,4.340875,FLAC,53234
train,5125,026fe736-3be9-4567-86dd-eaea5249bd9d.flac,#fe#-#be#-#-#dd-eaea#bd#d.flac,ivr,16000,1,9.68,FLAC,193768
train,5126,031ab0b5-75b5-47cd-8e6f-0852ae06b863.flac,#ab#b#-#b#-#cd-#e#f-#ae#b#.flac,ivr,16000,1,4.88,FLAC,90508
train,5127,0a94f33b-1b9f-4f58-b63a-e922fb679268.flac,#a#f#b-#b#f-#f#-b#a-e#fb#.flac,voicemail,16000,1,10.851875,FLAC,212928
train,5128,CA637c25894faa183277c136ff9959ba04_0.wav,CA#c#faa#c#ff#ba#_#.wav,human,8000,1,6.78,WAV,54298
train,5129,voicemail_00106.wav,voicemail_#.wav,voicemail,16000,1,7.1098125,WAV,227558
train,5130,human_real_00064.wav,human_real_#.wav,human,16000,1,4.864,WAV,155692
train,5131,05c4f24a-3e6c-4f0c-a705-6b3e51346e47.flac,#c#f#a-#e#c-#f#c-a#-#b#e#e#.flac,voicemail,16000,1,4.0829375,FLAC,78506
train,5132,01d42ae1-21ca-4225-b253-014396a85fcf.flac,#d#ae#-#ca-#-b#-#a#fcf.flac,ivr,16000,1,7.84,FLAC,159791
train,5133,human_real_00135.wav,human_real_#.wav,human,16000,1,3.4365,WAV,110012
train,5134,incomplete_a37ab7e4-4eb7-4e8a-9eab-5809c0d31ac7_normalized.flac,incomplete_a#ab#e#-#eb#-#e#a-#eab-#c#d#ac#_normalized.flac,human,16000,1,6.76875,FLAC,142186
train,5135,00fe9907-e447-47d5-853a-b27881f3fdd4.flac,#fe#-e#-#d#-#a-b#f#fdd#.flac,ivr,16000,1,5.76,FLAC,126240
train,5136,voicemail_00205.wav,voicemail_#.wav,voicemail,16000,1,9.9035625,WAV,316958
train,5137,03190c1d-2fc3-4e60-aaf8-b4b1d1ab2d03.flac,#c#d-#fc#-#e#-aaf#-b#b#d#ab#d#.flac,ivr,16000,1,3.52,FLAC,67171
train,5138,1597a542-aea2-4f42-94fe-4c8c1891d88b.flac,#a#-aea#-#f#-#fe-#c#c#d#b.flac,answering_machine,16000,1,5.800125,FLAC,104870
train,5139,036cd0db-f63f-48f1-ad3f-d7a14018cd69.flac,#cd#db-f#f-#f#-ad#f-d#a#cd#.flac,answering_machine,16000,1,5.163875,FLAC,99589
train,5140,1d0b8445-5ed9-4c06-bb91-5b7aa261c9ca.flac,#d#b#-#ed#-#c#-bb#-#b#aa#c#ca.flac,answering_machine,16000,1,6.628,FLAC,131644
train,5141,0d341732-af8f-441c-820e-818580605d23.flac,#d#-af#f-#c-#e-#d#.flac,voicemail,16000,1,2.436,FLAC,54979
train,5142,091f4c8c-6024-4e85-83d6-8dc2334bc4f4.flac,#f#c#c-#-#e#-#d#-#dc#bc#f#.flac,voicemail,16000,1,3.424125,FLAC,53918
train,5143,0262755c-4c5f-4580-9e59-13d707689c9c.flac,#c-#c#f-#-#e#-#d#c#c.flac,ivr,16000,1,5.44,FLAC,101754
train,5144,032d2a5d-f91b-46b1-90f6-4128e0d26009.flac,#d#a#d-f#b-#b#-#f#-#e#d#.flac,ivr,16000,1,6.52,FLAC,146648
train,5145,human_real_00004.wav,human_real_#.wav,human,16000,1,3.84,WAV,122924
train,5146,064bae12-1118-4a38-93fc-2fbdc9132f52.flac,#bae#-#-#a#-#fc-#fbdc#f#.flac,voicemail,16000,1,9.7505625,FLAC,184199
train,5147,carrier_fr_ivr_00110.wav,carrier_fr_ivr_#.wav,ivr,16000,1,10.0,WAV,320044
train,5148,60268f2ec7abb7f832138bd5.wav,#f#ec#abb#f#bd#.wav,human,8000,1,7.168,WAV,57402
train,5149,incomplete_2134aa79-4304-44a8-b1a5-863d1c3de4dd_normalized.flac,incomplete_#aa#-#-#a#-b#a#-#d#c#de#dd_normalized.flac,human,16000,1,3.87275,FLAC,70486
train,5150,ivr_00232.wav,ivr_#.wav,ivr,16000,1,9.2464375,WAV,295930
train,5151,162e5b93-7717-48d2-b919-586cb5d341bb.flac,#e#b#-#-#d#-b#-#cb#d#bb.flac,voicemail,16000,1,9.03925,FLAC,178711
train,5152,incomplete_98ecac1158524e64be47ed4f635e5f8d.flac,incomplete_#ecac#e#be#ed#f#e#f#d.flac,human,16000,1,2.8605,FLAC,32653
train,5153,1cc878b3-2b9e-4ccd-ac24-6a3a4b045044.flac,#cc#b#-#b#e-#ccd-ac#-#a#a#b#.flac,answering_machine,16000,1,13.586,FLAC,260397
train,5154,am_00161.wav,am_#.wav,answering_machine,16000,1,7.643625,WAV,244640
train,5155,fr_human_tts_00084.wav,fr_human_tts_#.wav,human,16000,1,2.784,WAV,89132
train,5156,incomplete_64f16292-1571-48d6-b22c-7d5fa31e9e7e_normalized.flac,incomplete_#f#-#-#d#-b#c-#d#fa#e#e#e_normalized.flac,human,16000,1,6.6025,FLAC,115327
train,5157,0182da8e-efce-4454-a001-1863a5dabac9.flac,#da#e-efce-#-a#-#a#dabac#.flac,ivr,16000,1,8.76,FLAC,165990
train,5158,00c7b457-9c7c-402c-98b4-49ef37287849.flac,#c#b#-#c#c-#c-#b#-#ef#.flac,ivr,16000,1,10.88,FLAC,224476
train,5159,01674e3b-175a-4887-aa81-8bfe5fd6261e.flac,#e#b-#a-#-aa#-#bfe#fd#e.flac,ivr,16000,1,2.8,FLAC,62840
train,5160,ivr_00125.wav,ivr_#.wav,ivr,16000,1,10.0,WAV,320044
train,5161,es_human_real_00274.wav,es_human_real_#.wav,human,16000,1,3.584,WAV,114732
train,5162,01a903a7-34c9-4e5d-8527-160a9c5fbcba.flac,#a#a#-#c#-#e#d-#-#a#c#fbcba.flac,voicemail,16000,1,3.43025,FLAC,71765
train,5163,am_00038.wav,am_#.wav,answering_machine,16000,1,8.7579375,WAV,280298
train,5164,051cfd91-43ff-40e7-8615-23795318e43a.flac,#cfd#-#ff-#e#-#-#e#a.flac,voicemail,16000,1,15.3010625,FLAC,260236
train,5165,602ba712963e11ccd901cce7.wav,#ba#e#ccd#cce#.wav,human,8000,1,7.850625,WAV,62864
train,5166,0f06ea1b-2421-424a-914f-81f008d1c4b1.flac,#f#ea#b-#-#a-#f-#f#d#c#b#.flac,voicemail,16000,1,10.8295625,FLAC,230934
train,5167,am_00072.wav,am_#.wav,answering_machine,16000,1,7.1356875,WAV,228386
train,5168,0d0037ab-4326-493d-8785-8d84337001f0.flac,#d#ab-#-#d-#-#d#f#.flac,voicemail,16000,1,13.8766875,FLAC,292770
train,5169,0258b7dd-c0cb-43b0-b793-ac491fcf92a8.flac,#b#dd-c#cb-#b#-b#-ac#fcf#a#.flac,answering_machine,16000,1,13.95,FLAC,320921
train,5170,human_tts_00193.wav,human_tts_#.wav,human,16000,1,3.24,WAV,103724
train,5171,incomplete_c5b5deed86264ece875f22f97ab72fed.flac,incomplete_c#b#deed#ece#f#f#ab#fed.flac,human,16000,1,3.02325,FLAC,40915
train,5172,0d70eb56-5afb-4fa5-9b28-26365d4a14b6.flac,#d#eb#-#afb-#fa#-#b#-#d#a#b#.flac,answering_machine,16000,1,8.704,FLAC,194731
train,5173,carrier_fr_human_00004.wav,carrier_fr_human_#.wav,human,16000,1,3.336,WAV,106796
train,5174,carrier_fr_voicemail_00054.wav,carrier_fr_voicemail_#.wav,voicemail,16000,1,10.0,WAV,320044
train,5175,049525ca-6123-47cf-8a90-b54f110d513b.flac,#ca-#-#cf-#a#-b#f#d#b.flac,answering_machine,16000,1,11.823625,FLAC,257228
train,5176,fr_human_tts_00077.wav,fr_human_tts_#.wav,human,16000,1,4.056,WAV,129836
train,5177,response_42.wav,response_#.wav,human,8000,1,12.373375,WAV,99046
train,5178,response_35.wav,response_#.wav,human,8000,1,13.824,WAV,110650
train,5179,0334004a-b504-4951-b281-31deddab8a55.flac,#a-b#-#-b#-#deddab#a#.flac,ivr,16000,1,2.64,FLAC,55503
train,5180,carrier_es_answering_machine_00260.wav,carrier_es_answering_machine_#.wav,answering_machine,16000,1,9.7296875,WAV,311394
train,5181,voicemail_00386.wav,voicemail_#.wav,voicemail,16000,1,10.0,WAV,320044
train,5182,human_tts_00121.wav,human_tts_#.wav,human,16000,1,2.928,WAV,93740
train,5183,am_00003.wav,am_#.wav,answering_machine,16000,1,10.0,WAV,320044
train,5184,1219eab0-0f75-4103-a89b-9e3a2f1dc7a6.flac,#eab#-#f#-#-a#b-#e#a#f#dc#a#.flac,answering_machine,16000,1,11.4346875,FLAC,234110
train,5185,031c72b2-184b-4196-9404-245c90e5956d.flac,#c#b#-#b-#-#-#c#e#d.flac,ivr,16000,1,8.2,FLAC,181820
train,5186,ivr_00160.wav,ivr_#.wav,ivr,16000,1,10.0,WAV,320044
train,5187,1a34156a-6b48-4833-83ca-536a67581781.flac,#a#a-#b#-#-#ca-#a#.flac,voicemail,16000,1,7.4251875,FLAC,99187
train,5188,response_46.wav,response_#.wav,human,8000,1,4.096,WAV,32826
train,5189,0ce2f54e-d494-4ddf-90de-b26eced2536f.flac,#ce#f#e-d#-#ddf-#de-b#eced#f.flac,answering_machine,16000,1,7.908,FLAC,155468
train,5190,00f4facc-3205-4082-b144-3e6548631001.flac,#f#facc-#-#-b#-#e#.flac,ivr,16000,1,3.16,FLAC,58457
train,5191,1578edda-346e-495a-8b86-c19c28a4e773.flac,#edda-#e-#a-#b#-c#c#a#e#.flac,voicemail,16000,1,2.216,FLAC,47954
train,5192,0ee24807-dd89-4235-bf44-fcc0de387865.flac,#ee#-dd#-#-bf#-fcc#de#.flac,answering_machine,16000,1,8.448,FLAC,175274
train,5193,602663d4c7abb7f8321382d7.wav,#d#c#abb#f#d#.wav,human,8000,1,11.946625,WAV,95632
train,5194,complete_87e400e4-7c52-4680-9dff-08fb2c8a361b_normalized.flac,complete_#e#e#-#c#-#-#dff-#fb#c#a#b_normalized.flac,human,16000,1,4.083125,FLAC,87474
train,5195,19b40338-5b36-474c-aa7d-6fade7ef2260.flac,#b#-#b#-#c-aa#d-#fade#ef#.flac,voicemail,16000,1,3.75,FLAC,74853
train,5196,response_30.wav,response_#.wav,human,8000,1,4.437375,WAV,35558
train,5197,030484c7-8657-4bcc-837c-7cedc1e268da.flac,#c#-#-#bcc-#c-#cedc#e#da.flac,ivr,16000,1,4.76,FLAC,96970
train,5198,05b476d9-7ab0-4e22-b1c5-de53eb6c3862.flac,#b#d#-#ab#-#e#-b#c#-de#eb#c#.flac,voicemail,16000,1,2.579375,FLAC,48736
train,5199,incomplete_f7d0139a-5cc5-473e-a970-9132751ab1c2_normalized.flac,incomplete_f#d#a-#cc#-#e-a#-#ab#c#_normalized.flac,human,16000,1,3.7905,FLAC,84487
train,5200,carrier_fr_ivr_00123.wav,carrier_fr_ivr_#.wav,ivr,16000,1,9.24,WAV,295724
train,5201,response_48.wav,response_#.wav,human,8000,1,10.496,WAV,84026
train,5202,1774c33a-1073-4128-a209-b4b18853614f.flac,#c#a-#-#-a#-b#b#f.flac,voicemail,16000,1,6.651875,FLAC,130333
train,5203,0a0b6ef9-8571-4e3d-b578-8d08704238fb.flac,#a#b#ef#-#-#e#d-b#-#d#fb.flac,voicemail,16000,1,2.6935,FLAC,51922
train,5204,12f5af39-ef3f-4318-a2d2-4114dcd33dff.flac,#f#af#-ef#f-#-a#d#-#dcd#dff.flac,answering_machine,16000,1,14.6960625,FLAC,256347
train,5205,1bbc3cc2-cb00-420c-8539-59e1ab6ec701.flac,#bbc#cc#-cb#-#c-#-#e#ab#ec#.flac,answering_machine,16000,1,13.7935,FLAC,273172
train,5206,19f86939-073b-49d7-862f-471e5fd81412.flac,#f#-#b-#d#-#f-#e#fd#.flac,voicemail,16000,1,4.713625,FLAC,63261
train,5207,19258f81-6185-4ca5-8464-35f91bea40e2.flac,#f#-#-#ca#-#-#f#bea#e#.flac,voicemail,16000,1,4.8201875,FLAC,98221
train,5208,01a867ac-04d8-4f75-bf0f-d50b14c18f00.flac,#a#ac-#d#-#f#-bf#f-d#b#c#f#.flac,ivr,16000,1,7.24,FLAC,141407
train,5209,0df8b09a-1277-4ed1-af2c-898d49578703.flac,#df#b#a-#-#ed#-af#c-#d#.flac,voicemail,16000,1,3.0418125,FLAC,56555
train,5210,carrier_fr_human_00016.wav,carrier_fr_human_#.wav,human,16000,1,2.136,WAV,68396
train,5211,042c1134-b662-4d11-9571-e68c81ee196a.flac,#c#-b#-#d#-#-e#c#ee#a.flac,answering_machine,16000,1,16.0,FLAC,344611
train,5212,14dc85f2-32a2-4458-928d-e026cc475383.flac,#dc#f#-#a#-#-#d-e#cc#.flac,voicemail,16000,1,16.0,FLAC,344950
train,5213,0162ef53-89d9-4f22-96fe-8b5087b6c377.flac,#ef#-#d#-#f#-#fe-#b#b#c#.flac,ivr,16000,1,7.92,FLAC,154149
train,5214,ivr_00381.wav,ivr_#.wav,ivr,16000,1,10.0,WAV,320044
train,5215,fr_ivr_00199.wav,fr_ivr_#.wav,ivr,16000,1,8.496,WAV,271916
train,5216,01d6e187-ed14-4ca4-8e83-323da83c6f63.flac,#d#e#-ed#-#ca#-#e#-#da#c#f#.flac,ivr,16000,1,5.2,FLAC,114012
train,5217,0099ac00-ed05-43cd-8e2b-e0d287c24cd8.flac,#ac#-ed#-#cd-#e#b-e#d#c#cd#.flac,ivr,16000,1,8.04,FLAC,168116
train,5218,602baea3bb1e6d0fbce92279.wav,#baea#bb#e#d#fbce#.wav,human,8000,1,10.837375,WAV,86758
train,5219,00854924-25f6-4125-a51b-3d749c990250.flac,#-#f#-#-a#b-#d#c#.flac,ivr,16000,1,5.24,FLAC,119515
train,5220,0c45305d-a7c1-418c-b04c-063b1b89c45e.flac,#c#d-a#c#-#c-b#c-#b#b#c#e.flac,voicemail,16000,1,14.4933125,FLAC,277938
train,5221,06defbbd-6942-46e8-bd29-0536d1b0d5ac.flac,#defbbd-#-#e#-bd#-#d#b#d#ac.flac,voicemail,16000,1,11.7718125,FLAC,238928
train,5222,ivr_00303.wav,ivr_#.wav,ivr,16000,1,8.736,WAV,279596
train,5223,02cdffaa-ce26-4d46-b502-a9fd17de0d75.flac,#cdffaa-ce#-#d#-b#-a#fd#de#d#.flac,ivr,16000,1,7.72,FLAC,149803
train,5224,1143e572-1a5e-4361-be1a-d99b35bef634.flac,#e#-#a#e-#-be#a-d#b#bef#.flac,answering_machine,16000,1,15.6115625,FLAC,309296
train,5225,ivr_00330.wav,ivr_#.wav,ivr,16000,1,8.376,WAV,268076
train,5226,CA5081b419f2ed0ce7d2cfc3712724db92_0.wav,CA#b#f#ed#ce#d#cfc#db#_#.wav,human,8000,1,5.4,WAV,43258
train,5227,0097dc59-af2a-433c-916d-c1df2ca13789.flac,#dc#-af#a-#c-#d-c#df#ca#.flac,ivr,16000,1,5.72,FLAC,109677
train,5228,0296bd33-e81b-4e51-85d7-6d1cd0fe84f8.flac,#bd#-e#b-#e#-#d#-#d#cd#fe#f#.flac,ivr,16000,1,14.48,FLAC,314731
train,5229,002ebc8a-62a7-4398-b9f5-08297424b323.flac,#ebc#a-#a#-#-b#f#-#b#.flac,answering_machine,16000,1,10.9673125,FLAC,237923
train,5230,ivr_00250.wav,ivr_#.wav,ivr,16000,1,7.008,WAV,224300
train,5231,015158a9-8746-4981-81ca-869e10a2463f.flac,#a#-#-#-#ca-#e#a#f.flac,ivr,16000,1,5.84,FLAC,123945
train,5232,am_00119.wav,am_#.wav,answering_machine,16000,1,9.7335,WAV,311516
train,5233,0ede8019-489f-42b9-9e8d-030350fdcbcc.flac,#ede#-#f-#b#-#e#d-#fdcbcc.flac,voicemail,16000,1,5.398625,FLAC,98653
train,5234,es_voicemail_00320.wav,es_voicemail_#.wav,voicemail,16000,1,9.3253125,WAV,298454
train,5235,human_real_00003.wav,human_real_#.wav,human,16000,1,3.242625,WAV,103808
train,5236,response_13.wav,response_#.wav,human,8000,1,11.264,WAV,90170
train,5237,02b80730-752e-4e8a-927a-54888422db24.flac,#b#-#e-#e#a-#a-#db#.flac,answering_machine,16000,1,10.173625,FLAC,205436
train,5238,16fa83ed-6a12-46fb-a249-e0c2cf6dc3fc.flac,#fa#ed-#a#-#fb-a#-e#c#cf#dc#fc.flac,voicemail,16000,1,3.2906875,FLAC,60839
train,5239,0288d242-ac4f-4691-93fe-f4899e4278df.flac,#d#-ac#f-#-#fe-f#e#df.flac,ivr,16000,1,6.76,FLAC,149460
train,5240,response_8.wav,response_#.wav,human,8000,1,2.816,WAV,22586
train,5241,09b63883-96bb-49ca-8d7d-a86025b44ac7.flac,#b#-#bb-#ca-#d#d-a#b#ac#.flac,answering_machine,16000,1,13.6,FLAC,259810
train,5242,0115c90b-1122-4b73-b621-fa10f002e34f.flac,#c#b-#-#b#-b#-fa#f#e#f.flac,ivr,16000,1,3.36,FLAC,73045
train,5243,03568710-9087-4279-adcf-e5f1fcdbc7ba.flac,#-#-#-adcf-e#f#fcdbc#ba.flac,ivr,16000,1,6.84,FLAC,141349
train,5244,response_9.wav,response_#.wav,human,8000,1,9.216,WAV,73786
train,5245,human_tts_00167.wav,human_tts_#.wav,human,16000,1,1.608,WAV,51500
train,5246,ivr_00108.wav,ivr_#.wav,ivr,16000,1,10.0,WAV,320044
train,5247,1c4f91a5-1cf3-4a28-b55d-4627e4d271ef.flac,#c#f#a#-#cf#-#a#-b#d-#e#d#ef.flac,answering_machine,16000,1,9.1306875,FLAC,221908
train,5248,1954246b-e26f-424e-b26c-8e099b59fe5b.flac,#b-e#f-#e-b#c-#e#b#fe#b.flac,voicemail,16000,1,8.3913125,FLAC,140106
train,5249,ivr_00339.wav,ivr_#.wav,ivr,16000,1,10.0,WAV,320044
train,5250,carrier_en_voicemail_00452.wav,carrier_en_voicemail_#.wav,voicemail,16000,1,9.262375,WAV,296440
train,5251,01027df0-d705-4a84-91a8-4dee69455fc9.flac,#df#-d#-#a#-#a#-#dee#fc#.flac,ivr,16000,1,6.8,FLAC,147564
train,5252,08c81cee-4c2f-4343-a713-5a3d573423b4.flac,#c#cee-#c#f-#-a#-#a#d#b#.flac,voicemail,16000,1,10.952375,FLAC,231800
train,5253,de_am_00529.wav,de_am_#.wav,answering_machine,16000,1,10.0,WAV,320044
train,5254,response_48.wav,response_#.wav,human,8000,1,10.410625,WAV,83344
train,5255,es_human_real_00271.wav,es_human_real_#.wav,human,16000,1,7.3375,WAV,234844
train,5256,response_19.wav,response_#.wav,human,8000,1,7.253375,WAV,58086
train,5257,fr_human_real_00023.wav,fr_human_real_#.wav,human,16000,1,5.376,WAV,172076
train,5258,0043c465-71a9-488e-bb23-0db84b5330e6.flac,#c#-#a#-#e-bb#-#db#b#e#.flac,ivr,16000,1,8.84,FLAC,192492
train,5259,human_real_00022.wav,human_real_#.wav,human,16000,1,5.479875,WAV,175400
train,5260,019d6223-dd03-40ec-9387-ce61e353353d.flac,#d#-dd#-#ec-#-ce#e#d.flac,ivr,16000,1,8.56,FLAC,166803
train,5261,fr_human_real_00040.wav,fr_human_real_#.wav,human,16000,1,8.362625,WAV,267648
train,5262,188a78fc-0a38-4489-b248-127445d5a579.flac,#a#fc-#a#-#-b#-#d#a#.flac,answering_machine,16000,1,12.0375625,FLAC,211827
train,5263,fr_human_real_00004.wav,fr_human_real_#.wav,human,16000,1,3.328,WAV,106540
train,5264,de_human_real_00433.wav,de_human_real_#.wav,human,16000,1,10.0,WAV,320044
train,5265,0f5fe2bf-8225-4325-9393-868f78829392.flac,#f#fe#bf-#-#-#-#f#.flac,answering_machine,16000,1,15.6151875,FLAC,303375
train,5266,15aabd80-6b1a-472b-b3d8-f1d22a516a3e.flac,#aabd#-#b#a-#b-b#d#-f#d#a#a#e.flac,answering_machine,16000,1,9.6474375,FLAC,165817
train,5267,0067e86d-f927-4b45-890e-6b4eaec334f9.flac,#e#d-f#-#b#-#e-#b#eaec#f#.flac,voicemail,16000,1,9.8675625,FLAC,173075
train,5268,carrier_de_voicemail_00304.wav,carrier_de_voicemail_#.wav,voicemail,16000,1,10.0,WAV,320044
train,5269,1d40d56e-475c-4b49-9526-04137a2138cd.flac,#d#d#e-#c-#b#-#-#a#cd.flac,voicemail,16000,1,11.0484375,FLAC,238308
train,5270,1bda9256-def9-44b5-ad94-21c91829a361.flac,#bda#-def#-#b#-ad#-#c#a#.flac,voicemail,16000,1,5.1199375,FLAC,98807
train,5271,031d3ab3-137d-478a-9fa9-876f23f364bc.flac,#d#ab#-#d-#a-#fa#-#f#f#bc.flac,ivr,16000,1,8.2,FLAC,157451
train,5272,602ba5b5bb1e6d0fbce92079.wav,#ba#b#bb#e#d#fbce#.wav,human,8000,1,16.6255,WAV,133062
train,5273,es_voicemail_00337.wav,es_voicemail_#.wav,voicemail,16000,1,7.9551875,WAV,254610
train,5274,response_19.wav,response_#.wav,human,8000,1,7.430375,WAV,59502
train,5275,6026900bc421a821df7c18e8.wav,#bc#a#df#c#e#.wav,human,8000,1,14.953625,WAV,119688
train,5276,02a0c579-76d7-452a-84b0-8148937943e5.flac,#a#c#-#d#-#a-#b#-#e#.flac,ivr,16000,1,5.92,FLAC,99238
train,5277,am_00005.wav,am_#.wav,answering_machine,16000,1,8.0661875,WAV,258162
train,5278,ivr_00241.wav,ivr_#.wav,ivr,16000,1,10.0,WAV,320044
train,5279,1c0f41cf-27d2-4b7f-b6b6-5f7715d7fb7f.flac,#c#f#cf-#d#-#b#f-b#b#-#f#d#fb#f.flac,answering_machine,16000,1,9.3144375,FLAC,188361
train,5280,13d460ba-a883-43ca-9627-6bcf830cc683.flac,#d#ba-a#-#ca-#-#bcf#cc#.flac,answering_machine,16000,1,9.3244375,FLAC,169515
train,5281,08705c88-935a-4158-bc0d-4cd64735e157.flac,#c#-#a-#-bc#d-#cd#e#.flac,answering_machine,16000,1,3.11225,FLAC,59219
train,5282,complete_305319f8-5d5c-45cc-b309-61b371128819_normalized.flac,complete_#f#-#d#c-#cc-b#-#b#_normalized.flac,human,16000,1,2.4328125,FLAC,46833
train,5283,am_00065.wav,am_#.wav,answering_machine,16000,1,9.6275,WAV,308124
train,5284,carrier_fr_answering_machine_00161.wav,carrier_fr_answering_machine_#.wav,answering_machine,16000,1,9.264125,WAV,296496
train,5285,complete_d66cf501-d640-419c-8c75-afc894e06229_normalized.flac,complete_d#cf#-d#-#c-#c#-afc#e#_normalized.flac,human,16000,1,5.76375,FLAC,113322
train,5286,60268fa8c7abb7f832138cfd.wav,#fa#c#abb#f#cfd.wav,human,8000,1,6.314625,WAV,50576
train,5287,080a564b-e825-4940-a170-0fe617107773.flac,#a#b-e#-#-a#-#fe#.flac,voicemail,16000,1,13.774125,FLAC,278976
train,5288,13978a7f-9fca-418f-a63f-31f2cc439300.flac,#a#f-#fca-#f-a#f-#f#cc#.flac,voicemail,16000,1,15.0213125,FLAC,261904
train,5289,023b7f7a-27e8-49ee-91bc-077fd0a14e04.flac,#b#f#a-#e#-#ee-#bc-#fd#a#e#.flac,ivr,16000,1,7.04,FLAC,144955
train,5290,carrier_de_answering_machine_00367.wav,carrier_de_answering_machine_#.wav,answering_machine,16000,1,9.4815,WAV,303452
train,5291,fr_human_tts_00114.wav,fr_human_tts_#.wav,human,16000,1,1.344,WAV,43052
train,5292,117c81f3-aecc-4c17-a3b6-843769e31f44.flac,#c#f#-aecc-#c#-a#b#-#e#f#.flac,answering_machine,16000,1,5.327,FLAC,113118
train,5293,16fe66ef-1df3-4583-b183-10e429a18e52.flac,#fe#ef-#df#-#-b#-#e#a#e#.flac,voicemail,16000,1,13.402375,FLAC,277314
train,5294,60268b64c7abb7f8321388e0.wav,#b#c#abb#f#e#.wav,human,8000,1,3.413375,WAV,27366
train,5295,voicemail_00290.wav,voicemail_#.wav,voicemail,16000,1,9.62,WAV,307884
train,5296,0e610c23-6e08-4849-b3b4-9bf455874488.flac,#e#c#-#e#-#-b#b#-#bf#.flac,answering_machine,16000,1,5.973375,FLAC,122578
train,5297,027d68ba-0754-4bdc-8420-dc08432ba861.flac,#d#ba-#-#bdc-#-dc#ba#.flac,ivr,16000,1,7.44,FLAC,138855
train,5298,0126c192-d967-4245-a7d2-e74714ff8ad0.flac,#c#-d#-#-a#d#-e#ff#ad#.flac,ivr,16000,1,5.92,FLAC,104264
train,5299,02ba240b-5fae-469c-b25f-0fcdf19174af.flac,#ba#b-#fae-#c-b#f-#fcdf#af.flac,voicemail,16000,1,14.8595625,FLAC,302907
train,5300,response_2.wav,response_#.wav,human,8000,1,2.730625,WAV,21904
train,5301,carrier_fr_ivr_00115.wav,carrier_fr_ivr_#.wav,ivr,16000,1,10.0,WAV,320044
train,5302,602666d2cfa37e1cf217afd0.wav,#d#cfa#e#cf#afd#.wav,human,8000,1,16.298625,WAV,130448
train,5303,human_tts_00045.wav,human_tts_#.wav,human,16000,1,3.144,WAV,100652
train,5304,0329ab7e-a1a9-43fd-b88c-fe3497af8413.flac,#ab#e-a#a#-#fd-b#c-fe#af#.flac,ivr,16000,1,5.32,FLAC,104395
train,5305,incomplete_20a38142-3a7f-448e-9682-b516c2a98ee4_normalized.flac,incomplete_#a#-#a#f-#e-#-b#c#a#ee#_normalized.flac,human,16000,1,5.299375,FLAC,101175
train,5306,1bb6dd52-f48b-489e-ba61-76a419b06de6.flac,#bb#dd#-f#b-#e-ba#-#a#b#de#.flac,answering_machine,16000,1,8.3785,FLAC,169784
train,5307,10a72874-94fc-4aaa-9eed-ba8b8845c68c.flac,#a#-#fc-#aaa-#eed-ba#b#c#c.flac,answering_machine,16000,1,7.5504375,FLAC,138860
train,5308,es_human_tts_00309.wav,es_human_tts_#.wav,human,16000,1,1.632,WAV,52268
train,5309,fr_voicemail_00126.wav,fr_voicemail_#.wav,voicemail,16000,1,8.8875625,WAV,284446
train,5310,123e5b90-1165-4b0c-a11c-76d2f0fab88b.flac,#e#b#-#-#b#c-a#c-#d#f#fab#b.flac,voicemail,16000,1,11.530625,FLAC,219672
train,5311,am_00379.wav,am_#.wav,answering_machine,16000,1,10.0,WAV,320044
train,5312,incomplete_84fbb9c39abc4025abd7aad2a57138d6.flac,incomplete_#fbb#c#abc#abd#aad#a#d#.flac,human,16000,1,4.093,FLAC,67359
train,5313,13517104-f015-4fa2-8b75-de29d405df11.flac,#-f#-#fa#-#b#-de#d#df#.flac,answering_machine,16000,1,3.5880625,FLAC,57552
train,5314,0095aa5a-236b-44eb-8c84-4bfe18297771.flac,#aa#a-#b-#eb-#c#-#bfe#.flac,ivr,16000,1,5.64,FLAC,112051
train,5315,032369bd-be41-436a-bfa3-c5f67e38ed7f.flac,#bd-be#-#a-bfa#-c#f#e#ed#f.flac,ivr,16000,1,7.88,FLAC,159441
train,5316,complete_9678a463-c052-4dec-b7db-cdbf82ffbef3_normalized.flac,complete_#a#-c#-#dec-b#db-cdbf#ffbef#_normalized.flac,human,16000,1,2.6934375,FLAC,54785
train,5317,011b6797-b161-4e26-90b2-69609b6e5d9d.flac,#b#-b#-#e#-#b#-#b#e#d#d.flac,ivr,16000,1,2.56,FLAC,45580
train,5318,01703ae5-0e53-41b3-9ffc-ad17b579f39f.flac,#ae#-#e#-#b#-#ffc-ad#b#f#f.flac,ivr,16000,1,4.0,FLAC,76572
train,5319,incomplete_dbc0a555-74fd-4bc3-8586-d2c55cbb9701_normalized.flac,incomplete_dbc#a#-#fd-#bc#-#-d#c#cbb#_normalized.flac,human,16000,1,5.604375,FLAC,110411
train,5320,carrier_es_answering_machine_00267.wav,carrier_es_answering_machine_#.wav,answering_machine,16000,1,10.0,WAV,320044
train,5321,0074e2b0-694d-4ece-9f2e-e2914d804500.flac,#e#b#-#d-#ece-#f#e-e#d#.flac,answering_machine,16000,1,12.7009375,FLAC,233879
train,5322,05714066-70f6-4115-9023-8adcb14af4ec.flac,#-#f#-#-#-#adcb#af#ec.flac,voicemail,16000,1,5.03575,FLAC,81185
train,5323,complete_07d84543-2a16-4609-b8a5-0f06a038672a_normalized.flac,complete_#d#-#a#-#-b#a#-#f#a#a_normalized.flac,human,16000,1,4.85625,FLAC,94284
train,5324,07552307-1424-446d-a298-9a3fa76d00d7.flac,#-#-#d-a#-#a#fa#d#d#.flac,answering_machine,16000,1,7.68,FLAC,156185
train,5325,01f070d1-c80c-440e-a798-801585c8c862.flac,#f#d#-c#c-#e-a#-#c#c#.flac,ivr,16000,1,5.24,FLAC,92087
train,5326,0b4e3ab0-cefb-4041-adb6-00a9ae4f9a51.flac,#b#e#ab#-cefb-#-adb#-#a#ae#f#a#.flac,answering_machine,16000,1,12.618125,FLAC,256025
train,5327,human_real_00090.wav,human_real_#.wav,human,16000,1,3.343625,WAV,107040
train,5328,0e597436-182d-4e4e-ac16-9db50dc33347.flac,#e#-#d-#e#e-ac#-#db#dc#.flac,answering_machine,16000,1,7.8774375,FLAC,141850
train,5329,007e814d-f5f7-447a-a61b-3c8efd8f34b5.flac,#e#d-f#f#-#a-a#b-#c#efd#f#b#.flac,answering_machine,16000,1,15.131125,FLAC,310617
train,5330,carrier_en_ivr_00481.wav,carrier_en_ivr_#.wav,ivr,16000,1,10.0,WAV,320044
train,5331,02f99351-6eb6-479a-b734-8444424b8707.flac,#f#-#eb#-#a-b#-#b#.flac,answering_machine,16000,1,4.721,FLAC,82619
train,5332,complete_5b1896e4e3ce469b86e23680772bdab9.flac,complete_#b#e#e#ce#b#e#bdab#.flac,human,16000,1,0.7209375,FLAC,9006
train,5333,02ba3f1c-5c6b-4f55-8fad-28d696debb2d.flac,#ba#f#c-#c#b-#f#-#fad-#d#debb#d.flac,ivr,16000,1,15.84,FLAC,296157
train,5334,60268cdac7abb7f8321389d6.wav,#cdac#abb#f#d#.wav,human,8000,1,4.437375,WAV,35558
train,5335,incomplete_0ee9296a-d2cc-4f72-9880-3878f5093ec5_normalized.flac,incomplete_#ee#a-d#cc-#f#-#-#f#ec#_normalized.flac,human,16000,1,4.3626875,FLAC,97786
train,5336,018b06f8-0f8a-46c9-aa11-288a46a53d1e.flac,#b#f#-#f#a-#c#-aa#-#a#a#d#e.flac,ivr,16000,1,4.76,FLAC,99115
train,5337,07671425-fbaa-425f-8b51-f0ff3af7df44.flac,#-fbaa-#f-#b#-f#ff#af#df#.flac,answering_machine,16000,1,8.021375,FLAC,176668
train,5338,0b851b08-bfb3-4e69-8c34-b505f7e0c02a.flac,#b#b#-bfb#-#e#-#c#-b#f#e#c#a.flac,answering_machine,16000,1,16.0,FLAC,340137
train,5339,152610b7-4a0f-45a9-89d7-f372ea486816.flac,#b#-#a#f-#a#-#d#-f#ea#.flac,voicemail,16000,1,5.0478125,FLAC,104671
train,5340,es_human_real_00292.wav,es_human_real_#.wav,human,16000,1,6.656,WAV,213036
train,5341,12800bcd-4d6b-490d-aa30-a4cb451f6661.flac,#bcd-#d#b-#d-aa#-a#cb#f#.flac,voicemail,16000,1,12.296375,FLAC,218853
train,5342,0057a94c-84b7-4388-85ef-912256cd38b1.flac,#a#c-#b#-#-#ef-#cd#b#.flac,answering_machine,16000,1,4.352,FLAC,90445
train,5343,incomplete_4c18eacc-a00f-477d-9b6d-cfcba775f2a7_normalized.flac,incomplete_#c#eacc-a#f-#d-#b#d-cfcba#f#a#_normalized.flac,human,16000,1,6.54,FLAC,129567
train,5344,human_tts_00015.wav,human_tts_#.wav,human,16000,1,4.44,WAV,142124
train,5345,0087126d-51fd-4848-9715-8820c32d0b74.flac,#d-#fd-#-#-#c#d#b#.flac,ivr,16000,1,5.44,FLAC,86629
train,5346,fr_human_real_00012.wav,fr_human_real_#.wav,human,16000,1,10.0,WAV,320044
train,5347,ivr_00249.wav,ivr_#.wav,ivr,16000,1,10.0,WAV,320044
train,5348,1cdf3924-8c50-4c06-8ca7-cc575ecfb666.flac,#cdf#-#c#-#c#-#ca#-cc#ecfb#.flac,voicemail,16000,1,7.3723125,FLAC,99803
train,5349,complete_24fdcbec-97c9-4e5f-bba2-83b03809336c_normalized.flac,complete_#fdcbec-#c#-#e#f-bba#-#b#c_normalized.flac,human,16000,1,4.69125,FLAC,106664
train,5350,008aaafd-b4d7-4401-aee2-63db3d38c120.flac,#aaafd-b#d#-#-aee#-#db#d#c#.flac,ivr,16000,1,4.16,FLAC,74732
train,5351,03c57477-eacb-406c-b930-7b897edeb573.flac,#c#-eacb-#c-b#-#b#edeb#.flac,answering_machine,16000,1,4.437375,FLAC,95363
train,5352,01c6f1df-0099-42d4-9b84-6233f813feb1.flac,#c#f#df-#-#d#-#b#-#f#feb#.flac,ivr,16000,1,5.16,FLAC,99231
train,5353,voicemail_00232.wav,voicemail_#.wav,voicemail,16000,1,10.0,WAV,320044
train,5354,011bea72-6283-4724-85bb-2617c5047048.flac,#bea#-#-#-#bb-#c#.flac,ivr,16000,1,5.24,FLAC,99558
train,5355,0a05347a-c51f-4b18-8bd3-d06aca46ce0c.flac,#a#a-c#f-#b#-#bd#-d#aca#ce#c.flac,answering_machine,16000,1,10.069375,FLAC,168929
train,5356,084600b7-bab0-4425-bd27-28caee767278.flac,#b#-bab#-#-bd#-#caee#.flac,answering_machine,16000,1,3.0893125,FLAC,46694
train,5357,08d31439-1a8d-4bd3-bc5a-e743718f6a8f.flac,#d#-#a#d-#bd#-bc#a-e#f#a#f.flac,voicemail,16000,1,4.88775,FLAC,99795
train,5358,1b1a1c0b-44d2-4a09-a7fe-3b80f762be39.flac,#b#a#c#b-#d#-#a#-a#fe-#b#f#be#.flac,voicemail,16000,1,2.577375,FLAC,46723
train,5359,019ef5c1-e1c8-4ae6-bfbd-5025e4977416.flac,#ef#c#-e#c#-#ae#-bfbd-#e#.flac,ivr,16000,1,6.68,FLAC,128951
train,5360,carrier_es_human_00189.wav,carrier_es_human_#.wav,human,16000,1,2.616,WAV,83756
train,5361,602664bddc3604f481bcb471.wav,#bddc#f#bcb#.wav,human,8000,1,10.666625,WAV,85392
train,5362,ivr_00315.wav,ivr_#.wav,ivr,16000,1,8.952,WAV,286508
train,5363,008cb678-f388-4fcf-beb5-21a69ef1c75a.flac,#cb#-f#-#fcf-beb#-#a#ef#c#a.flac,ivr,16000,1,3.52,FLAC,72969
train,5364,complete_47cf77ba-55fc-49df-82a7-48500c5fcab3_normalized.flac,complete_#cf#ba-#fc-#df-#a#-#c#fcab#_normalized.flac,human,16000,1,4.430625,FLAC,96901
train,5365,00d95a2d-6d9e-4f99-b50d-8a5d5649eed0.flac,#d#a#d-#d#e-#f#-b#d-#a#d#eed#.flac,ivr,16000,1,6.28,FLAC,118696
train,5366,incomplete_d81c8127-9f54-4e4c-9dc3-b8beff3f34c8_normalized.flac,incomplete_d#c#-#f#-#e#c-#dc#-b#beff#f#c#_normalized.flac,human,16000,1,6.0,FLAC,88110
train,5367,0397f427-b080-4553-8dd4-363a45ed1c1e.flac,#f#-b#-#-#dd#-#a#ed#c#e.flac,answering_machine,16000,1,10.984125,FLAC,230581
train,5368,voicemail_00052.wav,voicemail_#.wav,voicemail,16000,1,8.4873125,WAV,271638
train,5369,0283dbe0-1779-4f60-9c4c-721c90c72929.flac,#dbe#-#-#f#-#c#c-#c#c#.flac,ivr,16000,1,4.36,FLAC,92272
train,5370,602ba1a5bb1e6d0fbce91fea.wav,#ba#a#bb#e#d#fbce#fea.wav,human,8000,1,7.424,WAV,59450
train,5371,02266281-2f96-439a-abcf-6b3414776c00.flac,#-#f#-#a-abcf-#b#c#.flac,ivr,16000,1,13.68,FLAC,276041
train,5372,07617d6f-9799-4243-949c-6fec6f10352c.flac,#d#f-#-#-#c-#fec#f#c.flac,voicemail,16000,1,4.6853125,FLAC,75682
train,5373,04739b12-f79d-4f7d-b087-04cd1e038463.flac,#b#-f#d-#f#d-b#-#cd#e#.flac,answering_machine,16000,1,4.693375,FLAC,95459
train,5374,human_real_00053.wav,human_real_#.wav,human,16000,1,5.632,WAV,180268
train,5375,1b64482b-3130-4e2e-8614-9d94510760b5.flac,#b#b-#-#e#e-#-#d#b#.flac,voicemail,16000,1,12.0984375,FLAC,217110
train,5376,088c4454-2730-4833-9cb4-a21d7bbf4d8c.flac,#c#-#-#-#cb#-a#d#bbf#d#c.flac,answering_machine,16000,1,14.0203125,FLAC,278429
train,5377,incomplete_68207784-54f6-49f8-86fb-2708ada6278b_normalized.flac,incomplete_#-#f#-#f#-#fb-#ada#b_normalized.flac,human,16000,1,3.53625,FLAC,72855
train,5378,091ce164-2ee3-4f43-baf4-10f3587e8d19.flac,#ce#-#ee#-#f#-baf#-#f#e#d#.flac,voicemail,16000,1,12.5939375,FLAC,234088
train,5379,06e3132e-2ff8-4a34-b4dc-45fac6f6f575.flac,#e#e-#ff#-#a#-b#dc-#fac#f#f#.flac,voicemail,16000,1,3.1491875,FLAC,48180
train,5380,108dd9f5-f1a6-4500-b0a4-f44faf5cd5df.flac,#dd#f#-f#a#-#-b#a#-f#faf#cd#df.flac,answering_machine,16000,1,5.07825,FLAC,82657
train,5381,human_tts_00084.wav,human_tts_#.wav,human,16000,1,1.68,WAV,53804
train,5382,60268faec421a821df7c18c0.wav,#faec#a#df#c#c#.wav,human,8000,1,12.8,WAV,102458
train,5383,0138fe21-5bed-45c8-9d4a-b26f4b277850.flac,#fe#-#bed-#c#-#d#a-b#f#b#.flac,voicemail,16000,1,2.8819375,FLAC,43599
train,5384,05090429-c4a9-4922-b136-a29a4f2c5f1f.flac,#-c#a#-#-b#-a#a#f#c#f#f.flac,voicemail,16000,1,14.3293125,FLAC,258347
train,5385,0619aac5-b346-40d2-9c12-bf0079c2e4b0.flac,#aac#-b#-#d#-#c#-bf#c#e#b#.flac,answering_machine,16000,1,7.300875,FLAC,142213
train,5386,fr_human_real_00047.wav,fr_human_real_#.wav,human,16000,1,3.413375,WAV,109272
train,5387,027f5f4a-34bf-4b7f-897d-396647a1221d.flac,#f#f#a-#bf-#b#f-#d-#a#d.flac,ivr,16000,1,13.48,FLAC,306363
train,5388,60268dc4c7abb7f832138a84.wav,#dc#c#abb#f#a#.wav,human,8000,1,5.632,WAV,45114
train,5389,00a1f0df-4e93-4409-9376-91becffc540a.flac,#a#f#df-#e#-#-#-#becffc#a.flac,voicemail,16000,1,4.804,FLAC,106375
train,5390,047428a9-c9e5-41ba-9ef2-cc6d5630ca44.flac,#a#-c#e#-#ba-#ef#-cc#d#ca#.flac,voicemail,16000,1,9.735,FLAC,157725
train,5391,complete_28136685b0ad4e83af3bae89f6cbd299.flac,complete_#b#ad#e#af#bae#f#cbd#.flac,human,16000,1,1.465125,FLAC,16760
train,5392,023d66f4-8eb8-45f5-97b6-6b653929756b.flac,#d#f#-#eb#-#f#-#b#-#b#b.flac,voicemail,16000,1,15.3658125,FLAC,309687
train,5393,human_real_00115.wav,human_real_#.wav,human,16000,1,6.130125,WAV,196208
train,5394,ivr_00119.wav,ivr_#.wav,ivr,16000,1,9.024,WAV,288812
train,5395,01bf12b2-6609-4482-becd-002b69aea5b3.flac,#bf#b#-#-#-becd-#b#aea#b#.flac,ivr,16000,1,4.36,FLAC,82854
train,5396,0c9085d4-5516-4c7f-8160-741746c2c045.flac,#c#d#-#-#c#f-#-#c#c#.flac,voicemail,16000,1,4.7269375,FLAC,87640
train,5397,173fca59-77f3-431f-a4f5-d630f556118a.flac,#fca#-#f#-#f-a#f#-d#f#a.flac,voicemail,16000,1,16.0,FLAC,313650
train,5398,17214d97-a54d-442c-9895-32c3606fcc6f.flac,#d#-a#d-#c-#-#c#fcc#f.flac,answering_machine,16000,1,14.2304375,FLAC,299789
train,5399,04d617b0-b89a-48e1-af03-50d42bc1f93b.flac,#d#b#-b#a-#e#-af#-#d#bc#f#b.flac,voicemail,16000,1,6.722125,FLAC,109806
train,5400,response_15.wav,response_#.wav,human,8000,1,9.642625,WAV,77200
train,5401,01e216d0-193d-40c3-9085-3c51377a1ec6.flac,#e#d#-#d-#c#-#-#c#a#ec#.flac,ivr,16000,1,9.2,FLAC,201225
train,5402,am_00180.wav,am_#.wav,answering_machine,16000,1,9.0361875,WAV,289202
train,5403,00ef276d-7986-4fee-8207-dde929a96b7b.flac,#ef#d-#-#fee-#-dde#a#b#b.flac,voicemail,16000,1,11.57125,FLAC,240516
train,5404,035f727b-2e61-4b8f-9d2c-7c507164a1fb.flac,#f#b-#e#-#b#f-#d#c-#c#a#fb.flac,ivr,16000,1,2.76,FLAC,58410
train,5405,1acd05c1-c38f-4192-b611-449dfe2e4147.flac,#acd#c#-c#f-#-b#-#dfe#e#.flac,answering_machine,16000,1,4.3553125,FLAC,78954
train,5406,incomplete_6c621edd-99ae-420e-9bbf-1cd152a3ae92_normalized.flac,incomplete_#c#edd-#ae-#e-#bbf-#cd#a#ae#_normalized.flac,human,16000,1,7.9415625,FLAC,147929
train,5407,002c18f1-08d3-4eb0-85ca-9401cfbe2a2b.flac,#c#f#-#d#-#eb#-#ca-#cfbe#a#b.flac,voicemail,16000,1,7.924,FLAC,152430
train,5408,carrier_en_voicemail_00453.wav,carrier_en_voicemail_#.wav,voicemail,16000,1,10.0,WAV,320044
train,5409,028a47ea-21c3-4371-ae98-f48531ab0c53.flac,#a#ea-#c#-#-ae#-f#ab#c#.flac,ivr,16000,1,10.6,FLAC,241999
train,5410,60268e40dc3604f481bcb7a5.wav,#e#dc#f#bcb#a#.wav,human,8000,1,10.752,WAV,86074
train,5411,0d226d40-6b22-40f9-b0b4-09407e8644e2.flac,#d#d#-#b#-#f#-b#b#-#e#e#.flac,answering_machine,16000,1,3.62,FLAC,71603
train,5412,18130f53-4bc2-4f25-8aa1-5c75daabb886.flac,#f#-#bc#-#f#-#aa#-#c#daabb#.flac,answering_machine,16000,1,8.533375,FLAC,166041
train,5413,14e217f5-23e7-4bc6-a071-1b7d68ebd8d9.flac,#e#f#-#e#-#bc#-a#-#b#d#ebd#d#.flac,answering_machine,16000,1,13.867,FLAC,243360
train,5414,ivr_00206.wav,ivr_#.wav,ivr,16000,1,10.0,WAV,320044
train,5415,131151b8-1cca-4f45-b5b4-4a147ff0c4ed.flac,#b#-#cca-#f#-b#b#-#a#ff#c#ed.flac,voicemail,16000,1,2.713,FLAC,64390
train,5416,ivr_00356.wav,ivr_#.wav,ivr,16000,1,10.0,WAV,320044
train,5417,01075ea2-3556-49cb-a860-48e2405da5b0.flac,#ea#-#-#cb-a#-#e#da#b#.flac,ivr,16000,1,5.96,FLAC,123803
train,5418,1b3759fa-2c06-4ce6-a9fa-3519bc3c14c9.flac,#b#fa-#c#-#ce#-a#fa-#bc#c#c#.flac,answering_machine,16000,1,15.87075,FLAC,320479
train,5419,1869a1a7-1d37-435b-ba68-94498df5e0c0.flac,#a#a#-#d#-#b-ba#-#df#e#c#.flac,answering_machine,16000,1,11.2950625,FLAC,217714
train,5420,010bfc3e-8e83-4bc8-af4c-e0d5cb299838.flac,#bfc#e-#e#-#bc#-af#c-e#d#cb#.flac,ivr,16000,1,11.56,FLAC,240975
train,5421,027be66b-9811-4258-82c1-61d820b08c6c.flac,#be#b-#-#-#c#-#d#b#c#c.flac,ivr,16000,1,5.72,FLAC,126163
train,5422,00f7850a-44a8-4354-a6db-2a8d3a4a0073.flac,#f#a-#a#-#-a#db-#a#d#a#a#.flac,voicemail,16000,1,2.972125,FLAC,40564
train,5423,602ba276963e11ccd901cc61.wav,#ba#e#ccd#cc#.wav,human,8000,1,16.896,WAV,135226
train,5424,0032cdcc-81e2-4d59-b610-016c6c5756a2.flac,#cdcc-#e#-#d#-b#-#c#c#a#.flac,ivr,16000,1,6.44,FLAC,132790
train,5425,0a6c0440-08fd-429b-a47a-5854d469087f.flac,#a#c#-#fd-#b-a#a-#d#f.flac,answering_machine,16000,1,9.7385625,FLAC,171663
train,5426,incomplete_d60df2fd073b447c941cb15906af90ba.flac,incomplete_d#df#fd#b#c#cb#af#ba.flac,human,16000,1,2.872125,FLAC,45182
train,5427,carrier_en_human_00392.wav,carrier_en_human_#.wav,human,16000,1,3.36,WAV,107564
train,5428,1c5b1cfc-628c-4991-ae9e-c66376af51f7.flac,#c#b#cfc-#c-#-ae#e-c#af#f#.flac,voicemail,16000,1,14.8725625,FLAC,262149
train,5429,00d50646-d2c2-4ebd-b3b2-dd5f0d46b04e.flac,#d#-d#c#-#ebd-b#b#-dd#f#d#b#e.flac,ivr,16000,1,3.48,FLAC,69453
train,5430,complete_7cf5c504-896c-47c6-a9f0-0aa8dfb53335_normalized.flac,complete_#cf#c#-#c-#c#-a#f#-#aa#dfb#_normalized.flac,human,16000,1,2.527,FLAC,58858
train,5431,60268db3c7abb7f832138a74.wav,#db#c#abb#f#a#.wav,human,8000,1,18.261375,WAV,146150
train,5432,human_tts_00083.wav,human_tts_#.wav,human,16000,1,3.96,WAV,126764
train,5433,carrier_de_voicemail_00330.wav,carrier_de_voicemail_#.wav,voicemail,16000,1,10.0,WAV,320044
train,5434,008280cc-226e-4ae4-a466-7669bcbbed89.flac,#cc-#e-#ae#-a#-#bcbbed#.flac,ivr,16000,1,6.6,FLAC,127813
train,5435,voicemail_00256.wav,voicemail_#.wav,voicemail,16000,1,9.1569375,WAV,293066
train,5436,00d613da-4f84-46a8-b586-fac40219b5ea.flac,#d#da-#f#-#a#-b#-fac#b#ea.flac,ivr,16000,1,13.16,FLAC,272318
train,5437,0113cec1-9d52-4d96-974b-d6ea48253987.flac,#cec#-#d#-#d#-#b-d#ea#.flac,ivr,16000,1,4.56,FLAC,88051
train,5438,02eff4dc-199a-4319-a580-a8eab2bd8a11.flac,#eff#dc-#a-#-a#-a#eab#bd#a#.flac,ivr,16000,1,7.04,FLAC,140653
train,5439,09a11ea7-8b3f-44c4-afc2-9ffdba050374.flac,#a#ea#-#b#f-#c#-afc#-#ffdba#.flac,voicemail,16000,1,14.2576875,FLAC,284536
train,5440,0e34ef97-ad80-44b3-bbd7-97e0c93452ac.flac,#e#ef#-ad#-#b#-bbd#-#e#c#ac.flac,answering_machine,16000,1,7.509375,FLAC,148254
train,5441,carrier_de_voicemail_00311.wav,carrier_de_voicemail_#.wav,voicemail,16000,1,10.0,WAV,320044
train,5442,0b623073-502b-4e55-86f6-42f159d91c6b.flac,#b#-#b-#e#-#f#-#f#d#c#b.flac,answering_machine,16000,1,7.68,FLAC,172157
train,5443,ivr_00272.wav,ivr_#.wav,ivr,16000,1,9.0,WAV,288044
train,5444,027605fc-774f-4faf-9462-2e9e8140ca9d.flac,#fc-#f-#faf-#-#e#e#ca#d.flac,ivr,16000,1,5.52,FLAC,97423
train,5445,incomplete_f27dbd19-1161-4989-a738-3b454cf3b616_normalized.flac,incomplete_f#dbd#-#-#-a#-#b#cf#b#_normalized.flac,human,16000,1,6.795,FLAC,139183
train,5446,008a89c3-8de0-4ac5-9728-61f6c2fbbaa2.flac,#a#c#-#de#-#ac#-#-#f#c#fbbaa#.flac,ivr,16000,1,7.8,FLAC,155227
train,5447,0e522150-8491-4b95-8101-829af5d9f343.flac,#e#-#-#b#-#-#af#d#f#.flac,voicemail,16000,1,16.0,FLAC,301737
train,5448,carrier_fr_answering_machine_00160.wav,carrier_fr_answering_machine_#.wav,answering_machine,16000,1,10.0,WAV,320044
train,5449,carrier_en_human_00404.wav,carrier_en_human_#.wav,human,16000,1,2.328,WAV,74540
train,5450,0cdcbdbc-d55a-4533-b283-218fa51dfd3c.flac,#cdcbdbc-d#a-#-b#-#fa#dfd#c.flac,voicemail,16000,1,3.6931875,FLAC,75426
train,5451,es_human_real_00256.wav,es_human_real_#.wav,human,16000,1,9.472,WAV,303148
train,5452,0cad71be-fbb1-4fea-9535-b7a132db1168.flac,#cad#be-fbb#-#fea-#-b#a#db#.flac,answering_machine,16000,1,6.068,FLAC,137651
train,5453,carrier_es_voicemail_00198.wav,carrier_es_voicemail_#.wav,voicemail,16000,1,10.0,WAV,320044
train,5454,1b751379-b1b4-4ec2-a931-862b7860e0f5.flac,#b#-b#b#-#ec#-a#-#b#e#f#.flac,voicemail,16000,1,12.0925,FLAC,235896
train,5455,fr_ivr_00181.wav,fr_ivr_#.wav,ivr,16000,1,9.266,WAV,296556
train,5456,148902aa-e3fd-499a-bf52-a97aa92a57fb.flac,#aa-e#fd-#a-bf#-a#aa#a#fb.flac,answering_machine,16000,1,11.477375,FLAC,238297
train,5457,human_tts_00172.wav,human_tts_#.wav,human,16000,1,2.808,WAV,89900
train,5458,002e4cdb-9210-49d1-ae19-a905d979c6a9.flac,#e#cdb-#-#d#-ae#-a#d#c#a#.flac,ivr,16000,1,6.36,FLAC,130290
train,5459,ivr_00182.wav,ivr_#.wav,ivr,16000,1,7.968,WAV,255020
train,5460,1cbce224-52f3-486e-a896-17eb4e605e7c.flac,#cbce#-#f#-#e-a#-#eb#e#e#c.flac,answering_machine,16000,1,2.8984375,FLAC,56451
train,5461,0c94d0b9-7c35-4d78-9e62-aa784e5a5422.flac,#c#d#b#-#c#-#d#-#e#-aa#e#a#.flac,voicemail,16000,1,3.351125,FLAC,62324
train,5462,05900a7f-b0aa-4aa8-852c-34fa6fca8f64.flac,#a#f-b#aa-#aa#-#c-#fa#fca#f#.flac,voicemail,16000,1,13.9023125,FLAC,281669
train,5463,029e7c1a-eab4-4ad3-a374-2fc3bfb29e90.flac,#e#c#a-eab#-#ad#-a#-#fc#bfb#e#.flac,ivr,16000,1,5.4,FLAC,106004
train,5464,164fe90a-5527-4914-827c-6950b7069558.flac,#fe#a-#-#-#c-#b#.flac,answering_machine,16000,1,3.98275,FLAC,68727
train,5465,15e9f2de-9295-4648-92b4-1810d7264bfa.flac,#e#f#de-#-#-#b#-#d#bfa.flac,answering_machine,16000,1,2.9,FLAC,64312
train,5466,12f79084-5b6e-456a-b4b5-0391e8c2da8a.flac,#f#-#b#e-#a-b#b#-#e#c#da#a.flac,answering_machine,16000,1,3.84,FLAC,79432
train,5467,186052de-015e-496e-a95d-a5afac7af681.flac,#de-#e-#e-a#d-a#afac#af#.flac,answering_machine,16000,1,2.052,FLAC,41496
train,5468,08e93448-76e3-403f-b90f-b8d032d7ed8d.flac,#e#-#e#-#f-b#f-b#d#d#ed#d.flac,voicemail,16000,1,2.5458125,FLAC,46793
train,5469,fr_human_tts_00101.wav,fr_human_tts_#.wav,human,16000,1,3.432,WAV,109868
train,5470,complete_905e731d-312e-4105-8071-0ab18fbfb093_normalized.flac,complete_#e#d-#e-#-#-#ab#fbfb#_normalized.flac,human,16000,1,7.1128125,FLAC,128797
train,5471,02f7b87e-f08e-432c-8c4c-8bedefaf82eb.flac,#f#b#e-f#e-#c-#c#c-#bedefaf#eb.flac,ivr,16000,1,9.08,FLAC,195469
train,5472,12ef2032-fab8-495c-bdcf-03faaaba7dff.flac,#ef#-fab#-#c-bdcf-#faaaba#dff.flac,answering_machine,16000,1,4.628,FLAC,92893
train,5473,01b7d795-2a55-4964-8d74-0569a6722564.flac,#b#d#-#a#-#-#d#-#a#.flac,answering_machine,16000,1,14.075625,FLAC,247506
train,5474,1c81d8e0-9e24-4712-bc10-9f2c2b9693f3.flac,#c#d#e#-#e#-#-bc#-#f#c#b#f#.flac,voicemail,16000,1,10.731625,FLAC,192378
train,5475,166da5e2-9761-4880-9bfc-be6b9fa870b0.flac,#da#e#-#-#-#bfc-be#b#fa#b#.flac,answering_machine,16000,1,4.564875,FLAC,85575
train,5476,18454f7f-09a3-42a2-a62f-bb5d194f51bb.flac,#f#f-#a#-#a#-a#f-bb#d#f#bb.flac,voicemail,16000,1,2.830125,FLAC,58851
train,5477,am_00069.wav,am_#.wav,answering_machine,16000,1,10.0,WAV,320044
train,5478,00cbb680-b951-43e6-84ce-0b14e5f3729f.flac,#cbb#-b#-#e#-#ce-#b#e#f#f.flac,ivr,16000,1,12.16,FLAC,224374
train,5479,incomplete_f5f40220-348f-4b72-b539-d918c826b599_normalized.flac,incomplete_f#f#-#f-#b#-b#-d#c#b#_normalized.flac,human,16000,1,5.7675,FLAC,117038
train,5480,1206ea7f-784a-4a15-973c-51bebc1b7062.flac,#ea#f-#a-#a#-#c-#bebc#b#.flac,voicemail,16000,1,6.9775625,FLAC,133091
train,5481,incomplete_6370fe45-50cc-4eca-8bbc-ca120f8a4dd6_normalized.flac,incomplete_#fe#-#cc-#eca-#bbc-ca#f#a#dd#_normalized.flac,human,16000,1,4.588125,FLAC,91571
train,5482,0d8f82e1-350f-4ae0-a080-7c7dfcecac3f.flac,#d#f#e#-#f-#ae#-a#-#c#dfcecac#f.flac,voicemail,16000,1,10.8075,FLAC,201544
train,5483,01427cc5-5bed-4153-883c-88bfe04c25d7.flac,#cc#-#bed-#-#c-#bfe#c#d#.flac,voicemail,16000,1,11.9808125,FLAC,222423
train,5484,0173c7b1-81f3-41ba-afae-77c1ba3f5219.flac,#c#b#-#f#-#ba-afae-#c#ba#f#.flac,ivr,16000,1,9.0,FLAC,189306
train,5485,0130fea4-9bdd-433a-a564-221abb01edc4.flac,#fea#-#bdd-#a-a#-#abb#edc#.flac,ivr,16000,1,8.12,FLAC,153681
train,5486,complete_7a6eb785-a150-49f6-b0a2-e5290cf94dfa_normalized.flac,complete_#a#eb#-a#-#f#-b#a#-e#cf#dfa_normalized.flac,human,16000,1,2.4325,FLAC,48985
train,5487,0ae8b465-58d8-496b-bb2c-1ea99e9abe97.flac,#ae#b#-#d#-#b-bb#c-#ea#e#abe#.flac,answering_machine,16000,1,16.0,FLAC,337842
train,5488,human_tts_00141.wav,human_tts_#.wav,human,16000,1,2.04,WAV,65324
train,5489,01fdec34-bfd0-49d3-af9e-1fc96d5a5ae4.flac,#fdec#-bfd#-#d#-af#e-#fc#d#a#ae#.flac,ivr,16000,1,7.36,FLAC,137579
train,5490,1c0a90d6-1be1-4e0e-8d66-d7f626d48fca.flac,#c#a#d#-#be#-#e#e-#d#-d#f#d#fca.flac,voicemail,16000,1,10.56725,FLAC,217942
train,5491,incomplete_9d464de7-6ea4-4140-b713-7bf23f2a1556_normalized.flac,incomplete_#d#de#-#ea#-#-b#-#bf#f#a#_normalized.flac,human,16000,1,7.2,FLAC,146993
train,5492,human_real_00103.wav,human_real_#.wav,human,16000,1,10.0,WAV,320044
train,5493,CAa368ba0592febbe1471bed6705e5610d_0.wav,CAa#ba#febbe#bed#e#d_#.wav,human,8000,1,20.6,WAV,164858
train,5494,voicemail_00237.wav,voicemail_#.wav,voicemail,16000,1,7.6983125,WAV,246390
train,5495,14d90904-2f18-44e6-8e21-b042e22b1fd6.flac,#d#-#f#-#e#-#e#-b#e#b#fd#.flac,answering_machine,16000,1,16.0,FLAC,282985
train,5496,human_tts_00133.wav,human_tts_#.wav,human,16000,1,1.392,WAV,44588
train,5497,60268e5fdc3604f481bcb7bc.wav,#e#fdc#f#bcb#bc.wav,human,8000,1,7.765375,WAV,62182
train,5498,051ff9c2-cfd1-4870-82ae-a318393f373d.flac,#ff#c#-cfd#-#-#ae-a#f#d.flac,answering_machine,16000,1,16.0,FLAC,337098
train,5499,01b8f025-561b-45a5-b93d-41d10c9ecd44.flac,#b#f#-#b-#a#-b#d-#d#c#ecd#.flac,ivr,16000,1,5.8,FLAC,122906
train,5500,0681511a-219f-4507-88f5-09785a700cec.flac,#a-#f-#-#f#-#a#cec.flac,answering_machine,16000,1,11.89475,FLAC,184835
train,5501,voicemail_00207.wav,voicemail_#.wav,voicemail,16000,1,10.0,WAV,320044
train,5502,013d3094-c7ee-433b-b31e-8099c273498c.flac,#d#-c#ee-#b-b#e-#c#c.flac,answering_machine,16000,1,3.5860625,FLAC,62349
train,5503,6026901fc421a821df7c18f0.wav,#fc#a#df#c#f#.wav,human,8000,1,4.949375,WAV,39654
train,5504,032561de-1cf7-4f6e-8e6f-8c024b7d4d55.flac,#de-#cf#-#f#e-#e#f-#c#b#d#d#.flac,ivr,16000,1,4.68,FLAC,87818
train,5505,1618b7ef-bab5-4a51-90ff-6d043c81d86b.flac,#b#ef-bab#-#a#-#ff-#d#c#d#b.flac,voicemail,16000,1,6.0371875,FLAC,114686
train,5506,incomplete_f0dd1aa5-51a7-476b-ab1b-0224d93d95a1_normalized.flac,incomplete_f#dd#aa#-#a#-#b-ab#b-#d#d#a#_normalized.flac,human,16000,1,5.439875,FLAC,101935
train,5507,human_real_00108.wav,human_real_#.wav,human,16000,1,7.424,WAV,237612
train,5508,ivr_00311.wav,ivr_#.wav,ivr,16000,1,9.408,WAV,301100
train,5509,human_real_00167.wav,human_real_#.wav,human,16000,1,6.570625,WAV,210304
train,5510,60266706c7abb7f83213857a.wav,#c#abb#f#a.wav,human,8000,1,5.376,WAV,43066
train,5511,0ae35f60-0589-435e-bd6f-e01c4717df5d.flac,#ae#f#-#-#e-bd#f-e#c#df#d.flac,answering_machine,16000,1,13.6714375,FLAC,278133
train,5512,03526c71-8789-4313-aa5f-2d76d32e3a70.flac,#c#-#-#-aa#f-#d#d#e#a#.flac,answering_machine,16000,1,3.1679375,FLAC,64867
train,5513,1725464b-eda1-42b8-80a9-284d0c0ec015.flac,#b-eda#-#b#-#a#-#d#c#ec#.flac,voicemail,16000,1,10.9390625,FLAC,225231
train,5514,carrier_es_voicemail_00211.wav,carrier_es_voicemail_#.wav,voicemail,16000,1,8.6403125,WAV,276534
train,5515,00042d89-9bd0-4c19-afb8-7373ec57f30e.flac,#d#-#bd#-#c#-afb#-#ec#f#e.flac,ivr,16000,1,7.48,FLAC,160686
train,5516,16ebb86c-47e7-4e36-9bde-e9a9e9180350.flac,#ebb#c-#e#-#e#-#bde-e#a#e#.flac,answering_machine,16000,1,12.0368125,FLAC,246962
train,5517,1168ebfc-7f91-43a9-b814-b8a5bc0f4c15.flac,#ebfc-#f#-#a#-b#-b#a#bc#f#c#.flac,answering_machine,16000,1,5.515625,FLAC,81253
train,5518,carrier_es_answering_machine_00266.wav,carrier_es_answering_machine_#.wav,answering_machine,16000,1,9.744375,WAV,311864
train,5519,1aa2d908-08ae-4478-a8af-457519050717.flac,#aa#d#-#ae-#-a#af-#.flac,voicemail,16000,1,4.58,FLAC,107025
train,5520,complete_13937567-b4bc-49d0-8ca9-7002ce9c54f5_normalized.flac,complete_#-b#bc-#d#-#ca#-#ce#c#f#_normalized.flac,human,16000,1,1.62,FLAC,25822
train,5521,de_human_tts_00447.wav,de_human_tts_#.wav,human,16000,1,2.592,WAV,82988
train,5522,1954a225-fe06-48e5-ae93-7a9cdd7f6b6b.flac,#a#-fe#-#e#-ae#-#a#cdd#f#b#b.flac,answering_machine,16000,1,13.66125,FLAC,266283
train,5523,0107e2b8-9365-40f1-b16b-e30b8e487874.flac,#e#b#-#-#f#-b#b-e#b#e#.flac,ivr,16000,1,4.72,FLAC,98894
train,5524,response_39.wav,response_#.wav,human,8000,1,8.96,WAV,71738
train,5525,028e65ea-eff9-44b8-8af5-2376bafffc61.flac,#e#ea-eff#-#b#-#af#-#bafffc#.flac,ivr,16000,1,12.44,FLAC,260740
train,5526,incomplete_f89f0cd5f11c4d189c66e64c602c2dcd.flac,incomplete_f#f#cd#f#c#d#c#e#c#c#dcd.flac,human,16000,1,2.83725,FLAC,41447
train,5527,00b74912-e940-4edb-b75b-31fd4befebb1.flac,#b#-e#-#edb-b#b-#fd#befebb#.flac,ivr,16000,1,6.88,FLAC,138812
train,5528,602b9b02bb1e6d0fbce91f61.wav,#b#b#bb#e#d#fbce#f#.wav,human,8000,1,3.328,WAV,26682
train,5529,16e70580-58f4-435d-8c4f-a06434f08ec5.flac,#e#-#f#-#d-#c#f-a#f#ec#.flac,answering_machine,16000,1,9.936625,FLAC,219446
train,5530,human_real_00037.wav,human_real_#.wav,human,16000,1,10.0,WAV,320044
train,5531,am_00293.wav,am_#.wav,answering_machine,16000,1,10.0,WAV,320044
train,5532,17dd81c1-4255-467e-b0b4-ae2e9ab85896.flac,#dd#c#-#-#e-b#b#-ae#e#ab#.flac,voicemail,16000,1,12.3563125,FLAC,235899
train,5533,022eb2db-516e-43f1-8c9e-98cfd9fad256.flac,#eb#db-#e-#f#-#c#e-#cfd#fad#.flac,ivr,16000,1,11.8,FLAC,251008
train,5534,0221537b-b755-4e5c-9417-6edb9ef68555.flac,#b-b#-#e#c-#-#edb#ef#.flac,ivr,16000,1,3.88,FLAC,78452
train,5535,00ba75ef-a065-4aeb-9a1b-de7a6b3d78e7.flac,#ba#ef-a#-#aeb-#a#b-de#a#b#d#e#.flac,ivr,16000,1,4.52,FLAC,87533
train,5536,ivr_00254.wav,ivr_#.wav,ivr,16000,1,10.0,WAV,320044
train,5537,complete_dd542eae-496c-4e02-ad13-999d78bcf952_normalized.flac,complete_dd#eae-#c-#e#-ad#-#d#bcf#_normalized.flac,human,16000,1,5.7975,FLAC,122554
train,5538,0025c5d9-adcc-4e57-b0a5-99e6cf975c23.flac,#c#d#-adcc-#e#-b#a#-#e#cf#c#.flac,voicemail,16000,1,13.3428125,FLAC,287563
train,5539,ivr_00260.wav,ivr_#.wav,ivr,16000,1,8.592,WAV,274988
train,5540,004d85b3-63e6-48ff-b42c-bb1da691c8d6.flac,#d#b#-#e#-#ff-b#c-bb#da#c#d#.flac,answering_machine,16000,1,4.148,FLAC,95043
train,5541,fr_ivr_00183.wav,fr_ivr_#.wav,ivr,16000,1,9.768,WAV,312620
train,5542,am_00303.wav,am_#.wav,answering_machine,16000,1,10.0,WAV,320044
train,5543,carrier_fr_voicemail_00087.wav,carrier_fr_voicemail_#.wav,voicemail,16000,1,10.0,WAV,320044
train,5544,60268b74c7abb7f8321388eb.wav,#b#c#abb#f#eb.wav,human,8000,1,13.568,WAV,108602
train,5545,incomplete_231cd7c1699549d88917ebc983968318.flac,incomplete_#cd#c#d#ebc#.flac,human,16000,1,4.802375,FLAC,73731
train,5546,18e9636e-4280-4d44-957d-8780e57a2734.flac,#e#e-#-#d#-#d-#e#a#.flac,answering_machine,16000,1,5.376,FLAC,119751
train,5547,0031b608-93d5-41ce-83d5-e409675f1761.flac,#b#-#d#-#ce-#d#-e#f#.flac,ivr,16000,1,5.56,FLAC,111222
train,5548,am_00376.wav,am_#.wav,answering_machine,16000,1,7.1305625,WAV,228222
train,5549,am_00142.wav,am_#.wav,answering_machine,16000,1,10.0,WAV,320044
train,5550,126166e3-f249-40ad-8482-c9018768b3c4.flac,#e#-f#-#ad-#-c#b#c#.flac,voicemail,16000,1,14.7134375,FLAC,291330
train,5551,fr_am_00231.wav,fr_am_#.wav,answering_machine,16000,1,10.0,WAV,320044
train,5552,carrier_fr_voicemail_00055.wav,carrier_fr_voicemail_#.wav,voicemail,16000,1,8.247625,WAV,263968
train,5553,ivr_00138.wav,ivr_#.wav,ivr,16000,1,7.632,WAV,244268
train,5554,602ba4f05f67b421554f6400.wav,#ba#f#f#b#f#.wav,human,8000,1,5.973375,WAV,47846
train,5555,003ec730-80fd-4102-b48c-cfd0a6adee34.flac,#ec#-#fd-#-b#c-cfd#a#adee#.flac,ivr,16000,1,9.76,FLAC,203471
train,5556,197bb9c3-8f28-4c76-8d73-0fcec59073d0.flac,#bb#c#-#f#-#c#-#d#-#fcec#d#.flac,answering_machine,16000,1,7.956,FLAC,172507
train,5557,am_00023.wav,am_#.wav,answering_machine,16000,1,8.590375,WAV,274936
train,5558,CA92d8bad1cbd018a4525a9fef13b4618f_0.wav,CA#d#bad#cbd#a#a#fef#b#f_#.wav,human,8000,1,9.64,WAV,77178
train,5559,0127163a-7881-471e-833a-d94764ec54c7.flac,#a-#-#e-#a-d#ec#c#.flac,ivr,16000,1,9.64,FLAC,175875
train,5560,053259e4-f932-4794-8ff6-3c1bef76c223.flac,#e#-f#-#-#ff#-#c#bef#c#.flac,answering_machine,16000,1,12.3240625,FLAC,232296
train,5561,00f3cf12-efc8-45e3-9e7e-55b0ff0f3e7f.flac,#f#cf#-efc#-#e#-#e#e-#b#ff#f#e#f.flac,ivr,16000,1,6.88,FLAC,129903
train,5562,60266157dc3604f481bcb359.wav,#dc#f#bcb#.wav,human,8000,1,12.458625,WAV,99728
train,5563,human_tts_00093.wav,human_tts_#.wav,human,16000,1,1.488,WAV,47660
train,5564,0b66ebaa-0f88-43f5-b1ad-77166fcaabea.flac,#b#ebaa-#f#-#f#-b#ad-#fcaabea.flac,voicemail,16000,1,3.9221875,FLAC,73011
train,5565,00b2b4d1-f7c4-4115-b917-56b22650dedb.flac,#b#b#d#-f#c#-#-b#-#b#dedb.flac,ivr,16000,1,4.04,FLAC,96725
train,5566,18bf8b73-55f0-4d65-bf65-e7942e3704c4.flac,#bf#b#-#f#-#d#-bf#-e#e#c#.flac,voicemail,16000,1,3.050375,FLAC,51407
train,5567,am_00339.wav,am_#.wav,answering_machine,16000,1,10.0,WAV,320044
train,5568,1867b3e4-a712-42ab-82a6-c738443bb5fc.flac,#b#e#-a#-#ab-#a#-c#bb#fc.flac,voicemail,16000,1,4.147875,FLAC,70556
train,5569,human_real_00129.wav,human_real_#.wav,human,16000,1,10.0,WAV,320044
train,5570,13f9c110-35cb-4f5e-8d9e-4a752b7118fd.flac,#f#c#-#cb-#f#e-#d#e-#a#b#fd.flac,answering_machine,16000,1,16.0,FLAC,310174
train,5571,0369e5e9-ac2f-494b-bad8-03a7f3789b1d.flac,#e#e#-ac#f-#b-bad#-#a#f#b#d.flac,ivr,16000,1,7.92,FLAC,153477
train,5572,04d457af-7b41-4588-812d-a7bef15ef05a.flac,#d#af-#b#-#-#d-a#bef#ef#a.flac,voicemail,16000,1,13.04275,FLAC,266709
train,5573,065910ea-f611-4456-bfeb-39677b0d9d8c.flac,#ea-f#-#-bfeb-#b#d#d#c.flac,voicemail,16000,1,3.735625,FLAC,60465
train,5574,02a94efc-411b-4c9c-b307-c9f9aeee33d6.flac,#a#efc-#b-#c#c-b#-c#f#aeee#d#.flac,ivr,16000,1,8.08,FLAC,146002
train,5575,02fcd383-dba3-49aa-89c7-286f19d9031d.flac,#fcd#-dba#-#aa-#c#-#f#d#d.flac,ivr,16000,1,12.52,FLAC,252486
train,5576,carrier_es_voicemail_00196.wav,carrier_es_voicemail_#.wav,voicemail,16000,1,10.0,WAV,320044
train,5577,11fe2bde-7f01-47e7-b048-120f620305dc.flac,#fe#bde-#f#-#e#-b#-#f#dc.flac,answering_machine,16000,1,5.376,FLAC,121462
train,5578,021779fd-1bef-401a-8370-093e9f549341.flac,#fd-#bef-#a-#-#e#f#.flac,ivr,16000,1,4.96,FLAC,97568
train,5579,complete_7ee7b7ad-d347-4668-8bf0-c04b4da501a8_normalized.flac,complete_#ee#b#ad-d#-#-#bf#-c#b#da#a#_normalized.flac,human,16000,1,11.104,FLAC,234802
train,5580,incomplete_68b47cf0-9ccf-4e86-ba1e-6d32eed6ec00_normalized.flac,incomplete_#b#cf#-#ccf-#e#-ba#e-#d#eed#ec#_normalized.flac,human,16000,1,6.979,FLAC,132158
train,5581,complete_7260d343-d40c-4e5a-b6e9-3ad4d9414123_normalized.flac,complete_#d#-d#c-#e#a-b#e#-#ad#d#_normalized.flac,human,16000,1,4.736,FLAC,105061
train,5582,000309d6-6d8c-442e-962a-168c4354ee17.flac,#d#-#d#c-#e-#a-#c#ee#.flac,ivr,16000,1,7.6,FLAC,158739
train,5583,0164528f-6c02-4e06-92b6-5605e3c9cc7c.flac,#f-#c#-#e#-#b#-#e#c#cc#c.flac,answering_machine,16000,1,14.288625,FLAC,300868
train,5584,voicemail_00355.wav,voicemail_#.wav,voicemail,16000,1,10.0,WAV,320044
train,5585,02f9e58b-7779-4cf0-80d2-8d3d135f4cf3.flac,#f#e#b-#-#cf#-#d#-#d#d#f#cf#.flac,ivr,16000,1,8.68,FLAC,167638
train,5586,09583c7e-6ce8-42e3-a3f2-42ee007ceda6.flac,#c#e-#ce#-#e#-a#f#-#ee#ceda#.flac,voicemail,16000,1,12.517,FLAC,246423
train,5587,02670e6b-655e-4066-85e1-6df8c3acfb91.flac,#e#b-#e-#-#e#-#df#c#acfb#.flac,voicemail,16000,1,4.5510625,FLAC,90372
train,5588,voicemail_00340.wav,voicemail_#.wav,voicemail,16000,1,8.12425,WAV,260020
train,5589,human_real_00153.wav,human_real_#.wav,human,16000,1,4.82975,WAV,154596
train,5590,04588bdf-ba67-4689-993c-7edfa2eb512e.flac,#bdf-ba#-#-#c-#edfa#eb#e.flac,voicemail,16000,1,14.2373125,FLAC,305304
train,5591,08223235-626a-4ca5-9cec-014f49494db5.flac,#-#a-#ca#-#cec-#f#db#.flac,voicemail,16000,1,3.449625,FLAC,61916
train,5592,005d8628-6284-44db-b07e-3b8599253abc.flac,#d#-#-#db-b#e-#b#abc.flac,voicemail,16000,1,15.7076875,FLAC,315114
train,5593,response_5.wav,response_#.wav,human,8000,1,8.96,WAV,71738
train,5594,00be4440-d746-4c1f-980c-84f7a73078c5.flac,#be#-d#-#c#f-#c-#f#a#c#.flac,answering_machine,16000,1,4.608,FLAC,97403
train,5595,052da43d-3cc8-4238-8bc6-c83c57d9216a.flac,#da#d-#cc#-#-#bc#-c#c#d#a.flac,answering_machine,16000,1,12.7509375,FLAC,228148
train,5596,0fff78cb-321f-450b-89a8-861c48e35ae9.flac,#fff#cb-#f-#b-#a#-#c#e#ae#.flac,voicemail,16000,1,6.931125,FLAC,120997
train,5597,162648db-24c9-43c7-864b-f1df8357dfe0.flac,#db-#c#-#c#-#b-f#df#dfe#.flac,voicemail,16000,1,14.7195,FLAC,312101
train,5598,165404f9-4484-42a1-8a3f-ba1bec5e1d52.flac,#f#-#-#a#-#a#f-ba#bec#e#d#.flac,voicemail,16000,1,12.9768125,FLAC,249487
train,5599,am_00280.wav,am_#.wav,answering_machine,16000,1,7.1974375,WAV,230362
train,5600,0e520d5a-9d09-4d49-8e20-afd0f18c5371.flac,#e#d#a-#d#-#d#-#e#-afd#f#c#.flac,answering_machine,16000,1,14.62275,FLAC,287113
train,5601,incomplete_54673b7b-db7d-4611-b1d5-f4dcda830510_normalized.flac,incomplete_#b#b-db#d-#-b#d#-f#dcda#_normalized.flac,human,16000,1,6.1795,FLAC,112085
train,5602,human_tts_00027.wav,human_tts_#.wav,human,16000,1,1.704,WAV,54572
train,5603,084f2572-07d7-4e42-bb8a-91061a64c352.flac,#f#-#d#-#e#-bb#a-#a#c#.flac,answering_machine,16000,1,11.330875,FLAC,260434
train,5604,001fda21-4f14-46f1-a7a8-0c3c679e9916.flac,#fda#-#f#-#f#-a#a#-#c#c#e#.flac,ivr,16000,1,3.68,FLAC,79895
train,5605,complete_d5629274-ab05-4788-b374-e2fcc772a325_normalized.flac,complete_d#-ab#-#-b#-e#fcc#a#_normalized.flac,human,16000,1,3.3985,FLAC,70023
train,5606,18df5731-17e3-4e41-93ad-31171e554ca6.flac,#df#-#e#-#e#-#ad-#e#ca#.flac,voicemail,16000,1,3.4851875,FLAC,59179
train,5607,fr_ivr_00201.wav,fr_ivr_#.wav,ivr,16000,1,8.208,WAV,262700
train,5608,0d1ace2f-8dc4-46c7-b86c-df14280fb3a6.flac,#d#ace#f-#dc#-#c#-b#c-df#fb#a#.flac,answering_machine,16000,1,5.3856875,FLAC,109437
train,5609,02f6d0ba-fa78-4eda-9389-5aad814c7f9e.flac,#f#d#ba-fa#-#eda-#-#aad#c#f#e.flac,ivr,16000,1,5.6,FLAC,105976
train,5610,119edfc9-9a65-4d12-af59-a940f0a962c6.flac,#edfc#-#a#-#d#-af#-a#f#a#c#.flac,answering_machine,16000,1,4.2143125,FLAC,68553
train,5611,60268ccfdc3604f481bcb741.wav,#ccfdc#f#bcb#.wav,human,8000,1,3.669375,WAV,29414
train,5612,017b5d66-ae2a-40b0-9a92-40e8ffefc6d7.flac,#b#d#-ae#a-#b#-#a#-#e#ffefc#d#.flac,ivr,16000,1,9.36,FLAC,182807
train,5613,human_real_00105.wav,human_real_#.wav,human,16000,1,6.144,WAV,196652
train,5614,complete_b87b02238b694d509edac276a192c942.flac,complete_b#b#b#d#edac#a#c#.flac,human,16000,1,4.6628125,FLAC,74493
train,5615,023b8121-c6af-4dd7-90c9-a92297709347.flac,#b#-c#af-#dd#-#c#-a#.flac,ivr,16000,1,5.44,FLAC,105846
train,5616,complete_cec99a73-6630-4f8f-8f46-ad2c08095747_normalized.flac,complete_cec#a#-#-#f#f-#f#-ad#c#_normalized.flac,human,16000,1,2.9973125,FLAC,65488
train,5617,06f01560-064c-4053-b6b9-08c7a9117129.flac,#f#-#c-#-b#b#-#c#a#.flac,answering_machine,16000,1,15.168,FLAC,274536
train,5618,05d34220-6c74-4b51-af31-e03e8552ab69.flac,#d#-#c#-#b#-af#-e#e#ab#.flac,voicemail,16000,1,9.2568125,FLAC,159962
train,5619,166db1da-086c-40e8-aecb-05b836882838.flac,#db#da-#c-#e#-aecb-#b#.flac,voicemail,16000,1,13.0414375,FLAC,285610
train,5620,am_00238.wav,am_#.wav,answering_machine,16000,1,9.9505,WAV,318460
train,5621,am_00223.wav,am_#.wav,answering_machine,16000,1,9.7908125,WAV,313350
train,5622,1791e93f-82ad-4c91-a912-5313b66eb08c.flac,#e#f-#ad-#c#-a#-#b#eb#c.flac,answering_machine,16000,1,10.355875,FLAC,198125
train,5623,00a16e55-cee6-4a65-abcb-d54fb551c736.flac,#a#e#-cee#-#a#-abcb-d#fb#c#.flac,ivr,16000,1,4.12,FLAC,80196
train,5624,carrier_fr_ivr_00102.wav,carrier_fr_ivr_#.wav,ivr,16000,1,10.0,WAV,320044
train,5625,response_27.wav,response_#.wav,human,8000,1,3.622375,WAV,29038
train,5626,am_00040.wav,am_#.wav,answering_machine,16000,1,10.0,WAV,320044
train,5627,000f8ebb-49ec-4a7b-96f8-6c3260129e9e.flac,#f#ebb-#ec-#a#b-#f#-#c#e#e.flac,ivr,16000,1,6.96,FLAC,124580
train,5628,018b5783-9eae-48fd-b2c3-cb9fa61aa161.flac,#b#-#eae-#fd-b#c#-cb#fa#aa#.flac,ivr,16000,1,7.84,FLAC,160373
train,5629,carrier_fr_ivr_00124.wav,carrier_fr_ivr_#.wav,ivr,16000,1,10.0,WAV,320044
train,5630,02a63bf2-41f9-4238-8407-a7f897fd1805.flac,#a#bf#-#f#-#-#-a#f#fd#.flac,ivr,16000,1,7.04,FLAC,125981
train,5631,10772db5-dcf8-401c-ad9b-719228e97093.flac,#db#-dcf#-#c-ad#b-#e#.flac,voicemail,16000,1,16.0,FLAC,328592
train,5632,01077485-c0d7-467a-8d93-ff12b134fb65.flac,#-c#d#-#a-#d#-ff#b#fb#.flac,ivr,16000,1,4.72,FLAC,89548
train,5633,carrier_es_voicemail_00195.wav,carrier_es_voicemail_#.wav,voicemail,16000,1,9.906125,WAV,317040
train,5634,0621515a-1f40-4d1b-a791-4bf527b97cd0.flac,#a-#f#-#d#b-a#-#bf#b#cd#.flac,answering_machine,16000,1,12.11425,FLAC,237662
train,5635,0218cff5-f724-4ad6-b9a9-90499688ccf4.flac,#cff#-f#-#ad#-b#a#-#ccf#.flac,ivr,16000,1,8.08,FLAC,178052
train,5636,0ffc28cc-23a5-4489-906c-d9e0068bc116.flac,#ffc#cc-#a#-#-#c-d#e#bc#.flac,answering_machine,16000,1,8.021375,FLAC,175073
train,5637,07725bce-b526-4e9b-a7df-4460f40b42c5.flac,#bce-b#-#e#b-a#df-#f#b#c#.flac,voicemail,16000,1,9.78325,FLAC,199164
train,5638,am_00114.wav,am_#.wav,answering_machine,16000,1,9.2679375,WAV,296618
train,5639,10d6c244-5c43-4945-b6d7-d692fc477ed8.flac,#d#c#-#c#-#-b#d#-d#fc#ed#.flac,answering_machine,16000,1,7.975,FLAC,166046
train,5640,02c26902-4298-4de4-a230-dc4e78cc375c.flac,#c#-#-#de#-a#-dc#e#cc#c.flac,ivr,16000,1,4.76,FLAC,93339
train,5641,complete_80b4d1dc-9905-452b-82b3-4f7b3e4777fb_normalized.flac,complete_#b#d#dc-#-#b-#b#-#f#b#e#fb_normalized.flac,human,16000,1,2.527,FLAC,53219
train,5642,incomplete_24e519dc-ccce-4c1c-8107-33abcf0c5ae5_normalized.flac,incomplete_#e#dc-ccce-#c#c-#-#abcf#c#ae#_normalized.flac,human,16000,1,4.17,FLAC,90682
train,5643,voicemail_00316.wav,voicemail_#.wav,voicemail,16000,1,7.515,WAV,240524
train,5644,complete_bb56e40b-e56d-436e-a504-b085d8adea36_normalized.flac,complete_bb#e#b-e#d-#e-a#-b#d#adea#_normalized.flac,human,16000,1,3.1275,FLAC,63292
train,5645,00fdc0e8-fec7-4edb-bcd1-d01f3f10a9c9.flac,#fdc#e#-fec#-#edb-bcd#-d#f#f#a#c#.flac,ivr,16000,1,6.4,FLAC,136912
train,5646,0aed98c0-b31a-4564-a9e0-bcce6c1e227c.flac,#aed#c#-b#a-#-a#e#-bcce#c#e#c.flac,answering_machine,16000,1,4.864,FLAC,111211
train,5647,18f363e5-29a6-41dd-9bba-f7383b43344a.flac,#f#e#-#a#-#dd-#bba-f#b#a.flac,answering_machine,16000,1,13.6344375,FLAC,318108
train,5648,01d1192b-1b52-43a1-b1fd-b521e3e68065.flac,#d#b-#b#-#a#-b#fd-b#e#e#.flac,ivr,16000,1,10.52,FLAC,202196
train,5649,response_4.wav,response_#.wav,human,8000,1,14.336,WAV,114746
train,5650,602666d1c7abb7f83213852e.wav,#d#c#abb#f#e.wav,human,8000,1,8.9165,WAV,71390
train,5651,18b5f0bb-bf29-4c87-ad50-39fd5e2413cf.flac,#b#f#bb-bf#-#c#-ad#-#fd#e#cf.flac,answering_machine,16000,1,4.19725,FLAC,74974
train,5652,190a679d-0a15-44b4-bf43-8023a09117ec.flac,#a#d-#a#-#b#-bf#-#a#ec.flac,voicemail,16000,1,11.151625,FLAC,180174
train,5653,fr_human_tts_00124.wav,fr_human_tts_#.wav,human,16000,1,2.904,WAV,92972
train,5654,1a4e9552-cdaa-49ba-a6a0-02a1ba227e62.flac,#a#e#-cdaa-#ba-a#a#-#a#ba#e#.flac,voicemail,16000,1,5.636,FLAC,126012
train,5655,1ab6df46-13c3-4599-be2d-31094601daad.flac,#ab#df#-#c#-#-be#d-#daad.flac,answering_machine,16000,1,12.4875625,FLAC,256503
train,5656,0ba77134-83a8-48b1-8a6a-0b70ed919ce9.flac,#ba#-#a#-#b#-#a#a-#b#ed#ce#.flac,answering_machine,16000,1,12.2639375,FLAC,236652
train,5657,incomplete_af5cf3c5-d45f-4e42-8dfc-64918c456ca4_normalized.flac,incomplete_af#cf#c#-d#f-#e#-#dfc-#c#ca#_normalized.flac,human,16000,1,4.256875,FLAC,80392
train,5658,incomplete_fcb28c592d164a0f871a823e927e51f2.flac,incomplete_fcb#c#d#a#f#a#e#e#f#.flac,human,16000,1,2.732625,FLAC,35578
train,5659,1492ae56-3ef0-4282-bd07-efd0aadcbde8.flac,#ae#-#ef#-#-bd#-efd#aadcbde#.flac,answering_machine,16000,1,4.5226875,FLAC,85627
train,5660,10b65544-ccbc-4521-a773-69eff4c453d7.flac,#b#-ccbc-#-a#-#eff#c#d#.flac,voicemail,16000,1,11.26475,FLAC,215425
train,5661,187b19a2-91ff-4c2e-8643-5d9863e15dbc.flac,#b#a#-#ff-#c#e-#-#d#e#dbc.flac,answering_machine,16000,1,6.356,FLAC,134055
train,5662,122363eb-3ec7-4d03-a85e-18f9fccbfff7.flac,#eb-#ec#-#d#-a#e-#f#fccbfff#.flac,voicemail,16000,1,1.92725,FLAC,31144
train,5663,02e12d7d-58c2-420d-9d6c-bada7194aed2.flac,#e#d#d-#c#-#d-#d#c-bada#aed#.flac,ivr,16000,1,7.24,FLAC,128877
train,5664,1744d31a-b1e8-4704-9148-aad3ec878022.flac,#d#a-b#e#-#-#-aad#ec#.flac,voicemail,16000,1,12.652875,FLAC,262967
train,5665,human_tts_00154.wav,human_tts_#.wav,human,16000,1,1.608,WAV,51500
train,5666,602ba61b05f96973d6794448.wav,#ba#b#f#d#.wav,human,8000,1,9.130625,WAV,73104
train,5667,complete_44b9a6c7-9e8b-4701-8ed2-efeea8dcae58_normalized.flac,complete_#b#a#c#-#e#b-#-#ed#-efeea#dcae#_normalized.flac,human,16000,1,6.201125,FLAC,123806
train,5668,031f595a-9d21-48e4-9ba7-838c5f1298a0.flac,#f#a-#d#-#e#-#ba#-#c#f#a#.flac,ivr,16000,1,9.28,FLAC,185998
train,5669,am_00244.wav,am_#.wav,answering_machine,16000,1,9.805625,WAV,313824
train,5670,es_human_tts_00297.wav,es_human_tts_#.wav,human,16000,1,2.28,WAV,73004
train,5671,14b815ee-cbb3-47e4-ba16-1df49b7fc253.flac,#b#ee-cbb#-#e#-ba#-#df#b#fc#.flac,answering_machine,16000,1,4.210625,FLAC,86822
train,5672,01f03907-ac3d-4bc9-bf5d-c52ba4bcdf2d.flac,#f#-ac#d-#bc#-bf#d-c#ba#bcdf#d.flac,ivr,16000,1,6.96,FLAC,146397
train,5673,am_00029.wav,am_#.wav,answering_machine,16000,1,10.0,WAV,320044
train,5674,032a782e-7bad-47fd-87d6-27622f6a86c1.flac,#a#e-#bad-#fd-#d#-#f#a#c#.flac,voicemail,16000,1,14.6558125,FLAC,299013
train,5675,response_40.wav,response_#.wav,human,8000,1,32.786625,WAV,262352
train,5676,186727b8-de0d-4ae5-a45b-c32fefd4183f.flac,#b#-de#d-#ae#-a#b-c#fefd#f.flac,voicemail,16000,1,9.892875,FLAC,174308
train,5677,fr_human_real_00000.wav,fr_human_real_#.wav,human,16000,1,3.754625,WAV,120192
train,5678,0107e8f3-1ec5-4b38-b533-1357f7b6b52b.flac,#e#f#-#ec#-#b#-b#-#f#b#b#b.flac,ivr,16000,1,6.48,FLAC,121677
train,5679,084f1fbf-0463-4b8c-b5e1-54cd5780f7f7.flac,#f#fbf-#-#b#c-b#e#-#cd#f#f#.flac,voicemail,16000,1,12.7899375,FLAC,262069
train,5680,1cd95dd1-b651-4962-99ec-c830bb03f7a4.flac,#cd#dd#-b#-#-#ec-c#bb#f#a#.flac,voicemail,16000,1,7.636,FLAC,149543
train,5681,incomplete_142d4754-6091-4685-9437-2e56762798fa_normalized.flac,incomplete_#d#-#-#-#-#e#fa_normalized.flac,human,16000,1,3.2915625,FLAC,70911
train,5682,00bb7355-c6a8-4dc9-9d69-7466b5f908ed.flac,#bb#-c#a#-#dc#-#d#-#b#f#ed.flac,ivr,16000,1,8.16,FLAC,149527
train,5683,response_35.wav,response_#.wav,human,8000,1,7.082625,WAV,56720
train,5684,incomplete_02d8f236-d452-4422-9a7a-c491d8aade8e_normalized.flac,incomplete_#d#f#-d#-#-#a#a-c#d#aade#e_normalized.flac,human,16000,1,4.010125,FLAC,81933
train,5685,carrier_es_human_00174.wav,carrier_es_human_#.wav,human,16000,1,3.504,WAV,112172
train,5686,voicemail_00030.wav,voicemail_#.wav,voicemail,16000,1,9.1564375,WAV,293050
train,5687,response_37.wav,response_#.wav,human,8000,1,5.034625,WAV,40336
train,5688,ivr_00201.wav,ivr_#.wav,ivr,16000,1,10.0,WAV,320044
train,5689,03584153-266e-43cb-8a9c-b55ec81c2d9e.flac,#-#e-#cb-#a#c-b#ec#c#d#e.flac,ivr,16000,1,7.24,FLAC,144734
train,5690,17989757-a08d-41e2-bdf7-1623aba906fc.flac,#-a#d-#e#-bdf#-#aba#fc.flac,answering_machine,16000,1,12.607125,FLAC,254798
train,5691,175fceff-3b82-454d-a2c9-5f699e2437c6.flac,#fceff-#b#-#d-a#c#-#f#e#c#.flac,answering_machine,16000,1,10.5985,FLAC,227798
train,5692,voicemail_00238.wav,voicemail_#.wav,voicemail,16000,1,10.0,WAV,320044
train,5693,human_tts_00076.wav,human_tts_#.wav,human,16000,1,1.92,WAV,61484
train,5694,015f1e32-b366-43a7-a685-0d23f7e20bf9.flac,#f#e#-b#-#a#-a#-#d#f#e#bf#.flac,ivr,16000,1,7.96,FLAC,160973
train,5695,de_ivr_00496.wav,de_ivr_#.wav,ivr,16000,1,9.194,WAV,294252
train,5696,16cc46c4-a0ec-4efa-a370-aae9678d2902.flac,#cc#c#-a#ec-#efa-a#-aae#d#.flac,answering_machine,16000,1,5.500375,FLAC,107424
train,5697,602b9d4cbb1e6d0fbce91fa4.wav,#b#d#cbb#e#d#fbce#fa#.wav,human,8000,1,3.84,WAV,30778
train,5698,184f752e-bc5d-41f9-86c5-897209466c9f.flac,#f#e-bc#d-#f#-#c#-#c#f.flac,answering_machine,16000,1,8.789375,FLAC,170327
train,5699,08858499-8be8-4261-ae4f-d11bbdf20b43.flac,#-#be#-#-ae#f-d#bbdf#b#.flac,voicemail,16000,1,11.9385625,FLAC,196812
train,5700,0f02188f-7a13-4bce-b04e-211b54454a07.flac,#f#f-#a#-#bce-b#e-#b#a#.flac,voicemail,16000,1,12.433625,FLAC,206993
train,5701,1cbfca24-8728-4bdb-a0f4-79f0591aced8.flac,#cbfca#-#-#bdb-a#f#-#f#aced#.flac,answering_machine,16000,1,6.997375,FLAC,136790
train,5702,voicemail_00179.wav,voicemail_#.wav,voicemail,16000,1,10.0,WAV,320044
train,5703,03e4d750-c9e7-4193-b0a2-02679765c04d.flac,#e#d#-c#e#-#-b#a#-#c#d.flac,answering_machine,16000,1,4.949375,FLAC,99213
train,5704,0b7dfe41-d629-418e-8f82-c6a997db33da.flac,#b#dfe#-d#-#e-#f#-c#a#db#da.flac,answering_machine,16000,1,12.8961875,FLAC,257431
train,5705,19549bb7-eb98-4bb2-9438-3c6f6f991acd.flac,#bb#-eb#-#bb#-#-#c#f#f#acd.flac,voicemail,16000,1,4.6439375,FLAC,81448
train,5706,18389128-c043-4730-aec7-7c54812c89bb.flac,#-c#-#-aec#-#c#c#bb.flac,voicemail,16000,1,2.331625,FLAC,39822
train,5707,ivr_00192.wav,ivr_#.wav,ivr,16000,1,10.0,WAV,320044
train,5708,incomplete_66651780-f786-4d22-a54f-2df668c35ab0_normalized.flac,incomplete_#-f#-#d#-a#f-#df#c#ab#_normalized.flac,human,16000,1,3.8775,FLAC,75596
train,5709,60266339cfa37e1cf217af78.wav,#cfa#e#cf#af#.wav,human,8000,1,22.698625,WAV,181648
train,5710,0f9d063f-c485-4bd5-ae37-13f20962ae53.flac,#f#d#f-c#-#bd#-ae#-#f#ae#.flac,voicemail,16000,1,15.318375,FLAC,274026
train,5711,0985e94f-cb70-47d6-8e6d-7c22f8907ce9.flac,#e#f-cb#-#d#-#e#d-#c#f#ce#.flac,voicemail,16000,1,16.0,FLAC,276391
train,5712,voicemail_00191.wav,voicemail_#.wav,voicemail,16000,1,10.0,WAV,320044
train,5713,0a074310-0922-4e48-b9c5-93ef4b12cb51.flac,#a#-#-#e#-b#c#-#ef#b#cb#.flac,voicemail,16000,1,3.0060625,FLAC,65286
train,5714,01f1e4d8-6344-410c-8c30-f71269361335.flac,#f#e#d#-#-#c-#c#-f#.flac,ivr,16000,1,3.48,FLAC,65779
train,5715,00a589e5-3ce3-42bb-926a-a688b5c588c4.flac,#a#e#-#ce#-#bb-#a-a#b#c#c#.flac,voicemail,16000,1,4.2319375,FLAC,87589
train,5716,complete_b368d34e-ebec-4478-aa28-99a6d286aeb2_normalized.flac,complete_b#d#e-ebec-#-aa#-#a#d#aeb#_normalized.flac,human,16000,1,5.816,FLAC,99046
train,5717,voicemail_00146.wav,voicemail_#.wav,voicemail,16000,1,10.0,WAV,320044
train,5718,fr_voicemail_00149.wav,fr_voicemail_#.wav,voicemail,16000,1,9.03175,WAV,289060
train,5719,12f55994-d2d5-466b-af25-4d8a4b1d68f2.flac,#f#-d#d#-#b-af#-#d#a#b#d#f#.flac,voicemail,16000,1,7.1633125,FLAC,131082
train,5720,voicemail_00320.wav,voicemail_#.wav,voicemail,16000,1,8.4875,WAV,271644
train,5721,human_tts_00060.wav,human_tts_#.wav,human,16000,1,1.68,WAV,53804
train,5722,carrier_es_voicemail_00224.wav,carrier_es_voicemail_#.wav,voicemail,16000,1,10.0,WAV,320044
train,5723,am_00390.wav,am_#.wav,answering_machine,16000,1,8.617,WAV,275788
train,5724,005da57e-8b7c-4cee-a70a-6d0647a2dbc3.flac,#da#e-#b#c-#cee-a#a-#d#a#dbc#.flac,ivr,16000,1,7.48,FLAC,144480
train,5725,complete_60f5fa5d-04be-4e35-96e7-8deeed3a91a0_normalized.flac,complete_#f#fa#d-#be-#e#-#e#-#deeed#a#a#_normalized.flac,human,16000,1,1.824,FLAC,39426
train,5726,am_00191.wav,am_#.wav,answering_machine,16000,1,10.0,WAV,320044
train,5727,carrier_es_answering_machine_00271.wav,carrier_es_answering_machine_#.wav,answering_machine,16000,1,9.5255625,WAV,304862
train,5728,10e1ec0c-9694-477d-a229-5ff26e144a37.flac,#e#ec#c-#-#d-a#-#ff#e#a#.flac,voicemail,16000,1,13.2335625,FLAC,250535
train,5729,complete_6bf72306-e790-467b-b924-d3b8e3c4282d_normalized.flac,complete_#bf#-e#-#b-b#-d#b#e#c#d_normalized.flac,human,16000,1,4.78625,FLAC,86606
train,5730,incomplete_f295f6e3-76c3-41a4-8ca1-97e61399fc3e_normalized.flac,incomplete_f#f#e#-#c#-#a#-#ca#-#e#fc#e_normalized.flac,human,16000,1,4.095,FLAC,82377
train,5731,145a142d-1ad7-4cf9-bfbe-afd1c7f7a7e2.flac,#a#d-#ad#-#cf#-bfbe-afd#c#f#a#e#.flac,voicemail,16000,1,2.5321875,FLAC,47402
train,5732,0b86989f-3cba-419b-99f3-07c752ade88d.flac,#b#f-#cba-#b-#f#-#c#ade#d.flac,answering_machine,16000,1,10.5163125,FLAC,203522
train,5733,02647361-0369-4c32-a682-2e75e482aba9.flac,#-#-#c#-a#-#e#e#aba#.flac,voicemail,16000,1,13.0490625,FLAC,253866
train,5734,response_23.wav,response_#.wav,human,8000,1,3.754625,WAV,30096
train,5735,incomplete_0828f843-d0a0-41cf-bbb9-d178bbfc6746_normalized.flac,incomplete_#f#-d#a#-#cf-bbb#-d#bbfc#_normalized.flac,human,16000,1,7.46625,FLAC,153898
train,5736,16de32bd-3b78-4c0e-904b-764359b5cbd7.flac,#de#bd-#b#-#c#e-#b-#b#cbd#.flac,voicemail,16000,1,13.2096875,FLAC,268047
train,5737,carrier_de_ivr_00354.wav,carrier_de_ivr_#.wav,ivr,16000,1,10.0,WAV,320044
train,5738,ivr_00218.wav,ivr_#.wav,ivr,16000,1,10.0,WAV,320044
train,5739,00dd3977-32d7-439e-8e98-a448dce946f9.flac,#dd#-#d#-#e-#e#-a#dce#f#.flac,ivr,16000,1,5.84,FLAC,111003
train,5740,voicemail_00100.wav,voicemail_#.wav,voicemail,16000,1,6.8683125,WAV,219830
train,5741,011d931a-3af2-4997-899e-13aef513667d.flac,#d#a-#af#-#-#e-#aef#d.flac,ivr,16000,1,11.28,FLAC,230174
train,5742,0166f683-de9d-4d9b-8310-d45de56c83f1.flac,#f#-de#d-#d#b-#-d#de#c#f#.flac,ivr,16000,1,11.96,FLAC,238916
train,5743,60268ecac7abb7f832138b3e.wav,#ecac#abb#f#b#e.wav,human,8000,1,4.693375,WAV,37606
train,5744,01724bd3-eeb8-4bb0-af70-3e195d22f0de.flac,#bd#-eeb#-#bb#-af#-#e#d#f#de.flac,ivr,16000,1,9.24,FLAC,202716
train,5745,am_00250.wav,am_#.wav,answering_machine,16000,1,9.649625,WAV,308832
train,5746,1ce4a318-bfac-470f-9ac6-41836e8ba6c6.flac,#ce#a#-bfac-#f-#ac#-#e#ba#c#.flac,voicemail,16000,1,10.537125,FLAC,214412
train,5747,02768278-3e11-488a-8ae4-a4e111ac4e8f.flac,#-#e#-#a-#ae#-a#e#ac#e#f.flac,ivr,16000,1,5.8,FLAC,117462
train,5748,1b187c7f-31a9-4336-b574-a23b0a934f26.flac,#b#c#f-#a#-#-b#-a#b#a#f#.flac,answering_machine,16000,1,14.3739375,FLAC,291972
train,5749,am_00337.wav,am_#.wav,answering_machine,16000,1,8.5295625,WAV,272990
train,5750,0d5e1de3-3bac-40dc-b8ab-4849cee1946f.flac,#d#e#de#-#bac-#dc-b#ab-#cee#f.flac,voicemail,16000,1,16.0,FLAC,309958
train,5751,incomplete_a264f337-e485-4ba0-ac55-c670fe1cc143_normalized.flac,incomplete_a#f#-e#-#ba#-ac#-c#fe#cc#_normalized.flac,human,16000,1,5.9971875,FLAC,110521
train,5752,19118066-5731-4781-9fb0-dcb4d049931b.flac,#-#-#-#fb#-dcb#d#b.flac,voicemail,16000,1,13.751,FLAC,254191
train,5753,003c40e7-ad7a-44ed-8796-1e10f2d4bd7c.flac,#c#e#-ad#a-#ed-#-#e#f#d#bd#c.flac,ivr,16000,1,3.56,FLAC,71735
train,5754,0543e9f0-33fa-4f55-8ea3-56122024b4d7.flac,#e#f#-#fa-#f#-#ea#-#b#d#.flac,answering_machine,16000,1,9.3845625,FLAC,169490
train,5755,am_00270.wav,am_#.wav,answering_machine,16000,1,10.0,WAV,320044
train,5756,026a2a94-3c2d-479b-811f-7c50a3684ef1.flac,#a#a#-#c#d-#b-#f-#c#a#ef#.flac,ivr,16000,1,4.52,FLAC,97495
train,5757,complete_15127e5a-6042-4151-b1d3-b47d091eab99_normalized.flac,complete_#e#a-#-#-b#d#-b#d#eab#_normalized.flac,human,16000,1,3.448125,FLAC,68585
train,5758,carrier_es_voicemail_00191.wav,carrier_es_voicemail_#.wav,voicemail,16000,1,8.0421875,WAV,257394
train,5759,024ed96c-af5b-4bef-b14b-274b07a66c7d.flac,#ed#c-af#b-#bef-b#b-#b#a#c#d.flac,ivr,16000,1,14.4,FLAC,287034
train,5760,am_00234.wav,am_#.wav,answering_machine,16000,1,10.0,WAV,320044
train,5761,human_real_00087.wav,human_real_#.wav,human,16000,1,7.765375,WAV,248536
train,5762,incomplete_4cf16ce5f7ba4672a115be5cd98b2394.flac,incomplete_#cf#ce#f#ba#a#be#cd#b#.flac,human,16000,1,3.2209375,FLAC,50383
train,5763,voicemail_00380.wav,voicemail_#.wav,voicemail,16000,1,10.0,WAV,320044
train,5764,0cd0e8f4-4bdb-4bf4-a6a4-13cee35bb8a3.flac,#cd#e#f#-#bdb-#bf#-a#a#-#cee#bb#a#.flac,answering_machine,16000,1,4.189375,FLAC,49452
train,5765,1c7e1aec-78cc-4d59-aa5a-2a71528bed0c.flac,#c#e#aec-#cc-#d#-aa#a-#a#bed#c.flac,answering_machine,16000,1,8.91075,FLAC,188081
train,5766,147bd6cb-1734-4a7b-b33c-bdc8a03a60b1.flac,#bd#cb-#-#a#b-b#c-bdc#a#a#b#.flac,answering_machine,16000,1,8.96,FLAC,192967
train,5767,complete_537ff6c8-a507-469e-bbb3-7c909923e6b6_normalized.flac,complete_#ff#c#-a#-#e-bbb#-#c#e#b#_normalized.flac,human,16000,1,3.040625,FLAC,64665
train,5768,175a4567-e8bd-43dc-afbe-686d3eba378a.flac,#a#-e#bd-#dc-afbe-#d#eba#a.flac,voicemail,16000,1,2.6470625,FLAC,44799
train,5769,carrier_fr_human_00002.wav,carrier_fr_human_#.wav,human,16000,1,1.344,WAV,43052
train,5770,09d87c2c-3413-4a18-ba51-4e8a62e8166d.flac,#d#c#c-#-#a#-ba#-#e#a#e#d.flac,answering_machine,16000,1,15.5038125,FLAC,340417
train,5771,complete_7db1c859-b87e-4b4c-b5de-900af9620e86_normalized.flac,complete_#db#c#-b#e-#b#c-b#de-#af#e#_normalized.flac,human,16000,1,6.137,FLAC,127299
train,5772,am_00333.wav,am_#.wav,answering_machine,16000,1,10.0,WAV,320044
train,5773,0cc3f6d2-ee5c-4432-ba96-c04c3963b861.flac,#cc#f#d#-ee#c-#-ba#-c#c#b#.flac,answering_machine,16000,1,15.764875,FLAC,275261
train,5774,028fcf31-b8c1-44b1-9c61-19978469fb72.flac,#fcf#-b#c#-#b#-#c#-#fb#.flac,ivr,16000,1,11.08,FLAC,224160
train,5775,fr_human_tts_00105.wav,fr_human_tts_#.wav,human,16000,1,1.344,WAV,43052
train,5776,02979ce7-e481-46a8-990b-4e0b0fd705df.flac,#ce#-e#-#a#-#b-#e#b#fd#df.flac,ivr,16000,1,8.8,FLAC,176321
train,5777,155c32ff-e218-4641-a563-ad8482c2e1e0.flac,#c#ff-e#-#-a#-ad#c#e#e#.flac,voicemail,16000,1,9.43575,FLAC,163751
train,5778,response_8.wav,response_#.wav,human,8000,1,5.290625,WAV,42384
train,5779,0c6c7d0d-8158-4cf0-9727-5d7c1a1010bf.flac,#c#c#d#d-#-#cf#-#-#d#c#a#bf.flac,answering_machine,16000,1,16.0,FLAC,308947
train,5780,human_tts_00089.wav,human_tts_#.wav,human,16000,1,1.656,WAV,53036
train,5781,ivr_00059.wav,ivr_#.wav,ivr,16000,1,10.0,WAV,320044
train,5782,voicemail_00333.wav,voicemail_#.wav,voicemail,16000,1,10.0,WAV,320044
train,5783,0bc67d74-c85e-4b35-90ab-46c76c8655f8.flac,#bc#d#-c#e-#b#-#ab-#c#c#f#.flac,answering_machine,16000,1,6.66,FLAC,137872
train,5784,incomplete_a4e04f7e-20dd-4318-99f5-b0ccdf45b68b_normalized.flac,incomplete_a#e#f#e-#dd-#-#f#-b#ccdf#b#b_normalized.flac,human,16000,1,3.58,FLAC,64465
train,5785,05fab36b-13e0-4137-b9c6-a049198685f1.flac,#fab#b-#e#-#-b#c#-a#f#.flac,answering_machine,16000,1,3.0346875,FLAC,41269
train,5786,1271c416-b112-4d56-a4a3-095a7181fc88.flac,#c#-b#-#d#-a#a#-#a#fc#.flac,answering_machine,16000,1,16.0,FLAC,323885
train,5787,fr_ivr_00171.wav,fr_ivr_#.wav,ivr,16000,1,10.0,WAV,320044
train,5788,0073a353-100f-4d5d-9e6e-04963d261748.flac,#a#-#f-#d#d-#e#e-#d#.flac,ivr,16000,1,9.56,FLAC,205108
train,5789,60268d66c7abb7f832138a40.wav,#d#c#abb#f#a#.wav,human,8000,1,15.701375,WAV,125670
train,5790,1d06cea7-c92a-42cf-b5fa-861d69ad2d79.flac,#d#cea#-c#a-#cf-b#fa-#d#ad#d#.flac,voicemail,16000,1,3.703625,FLAC,68546
train,5791,00d32a16-e25b-4df1-a33f-153bb9691420.flac,#d#a#-e#b-#df#-a#f-#bb#.flac,ivr,16000,1,6.08,FLAC,127514
train,5792,de_human_real_00400.wav,de_human_real_#.wav,human,16000,1,7.68,WAV,245804
train,5793,es_human_real_00277.wav,es_human_real_#.wav,human,16000,1,10.0,WAV,320044
train,5794,am_00394.wav,am_#.wav,answering_machine,16000,1,8.780375,WAV,281016
train,5795,11d56007-8a64-41ca-a17d-8ccd2c8b5abd.flac,#d#-#a#-#ca-a#d-#ccd#c#b#abd.flac,answering_machine,16000,1,3.7994375,FLAC,64995
train,5796,response_46.wav,response_#.wav,human,8000,1,8.533375,WAV,68326
train,5797,1239e83b-6eff-4ecc-9683-7ceb2c0fda92.flac,#e#b-#eff-#ecc-#-#ceb#c#fda#.flac,voicemail,16000,1,7.4609375,FLAC,131947
train,5798,incomplete_a0cfd83a-2ee8-44d4-8d73-8355cf35db01_normalized.flac,incomplete_a#cfd#a-#ee#-#d#-#d#-#cf#db#_normalized.flac,human,16000,1,5.131,FLAC,107100
train,5799,0e518f4a-b477-43fc-86ae-f6112fbe7ae7.flac,#e#f#a-b#-#fc-#ae-f#fbe#ae#.flac,voicemail,16000,1,6.0023125,FLAC,95773
train,5800,complete_b1b94221-9c76-45f2-85dd-84aa2cfc0c23_normalized.flac,complete_b#b#-#c#-#f#-#dd-#aa#cfc#c#_normalized.flac,human,16000,1,3.6525,FLAC,75722
train,5801,0cb57b87-d96d-4086-bca3-5f23106155ef.flac,#cb#b#-d#d-#-bca#-#f#ef.flac,voicemail,16000,1,13.219875,FLAC,268370
train,5802,complete_1b870987-18c5-47d8-94ab-4ba968efafd7_normalized.flac,complete_#b#-#c#-#d#-#ab-#ba#efafd#_normalized.flac,human,16000,1,2.65125,FLAC,51820
train,5803,02295e85-3eb3-4031-8a24-81b823397ae9.flac,#e#-#eb#-#-#a#-#b#ae#.flac,voicemail,16000,1,12.7656875,FLAC,230731
train,5804,13755f3f-9d17-469e-a1ba-d78f9d2cb97f.flac,#f#f-#d#-#e-a#ba-d#f#d#cb#f.flac,voicemail,16000,1,7.89475,FLAC,143468
train,5805,18984101-b591-4654-8636-a0ad0e0db4a1.flac,#-b#-#-#-a#ad#e#db#a#.flac,voicemail,16000,1,7.972,FLAC,176576
train,5806,00ec25bf-139e-4eea-98a0-e3c42e0199b2.flac,#ec#bf-#e-#eea-#a#-e#c#e#b#.flac,ivr,16000,1,8.0,FLAC,156073
train,5807,17c5c9fe-9f33-4ce2-8750-8264c39a4bac.flac,#c#c#fe-#f#-#ce#-#-#c#a#bac.flac,voicemail,16000,1,3.83125,FLAC,75641
train,5808,013392f6-3ed7-41a8-85a0-f99042656bec.flac,#f#-#ed#-#a#-#a#-f#bec.flac,ivr,16000,1,7.28,FLAC,144427
train,5809,complete_2d60deff-59fe-45f2-9367-75a408de5924_normalized.flac,complete_#d#deff-#fe-#f#-#-#a#de#_normalized.flac,human,16000,1,5.45125,FLAC,113132
train,5810,02fc693a-0cc6-461c-b775-824b118faabd.flac,#fc#a-#cc#-#c-b#-#b#faabd.flac,ivr,16000,1,7.88,FLAC,157639
train,5811,022d0429-cbea-430b-bb08-7cd26bc51085.flac,#d#-cbea-#b-bb#-#cd#bc#.flac,ivr,16000,1,3.72,FLAC,71446
train,5812,024ccaa9-2473-43cd-803b-d76a9d33a9de.flac,#ccaa#-#-#cd-#b-d#a#d#a#de.flac,ivr,16000,1,6.28,FLAC,119980
train,5813,complete_24988fc9-449f-4eef-9d22-8b8d83533f11_normalized.flac,complete_#fc#-#f-#eef-#d#-#b#d#f#_normalized.flac,human,16000,1,2.36425,FLAC,50033
train,5814,027360ce-7623-4279-9d22-02a3726b9cd6.flac,#ce-#-#-#d#-#a#b#cd#.flac,ivr,16000,1,5.68,FLAC,110180
train,5815,01b442be-630d-44f4-ab9c-657f64f7f2dc.flac,#b#be-#d-#f#-ab#c-#f#f#f#dc.flac,ivr,16000,1,13.08,FLAC,239257
train,5816,060fbc78-dd03-4ebc-ab4c-dadafcbe9ef5.flac,#fbc#-dd#-#ebc-ab#c-dadafcbe#ef#.flac,voicemail,16000,1,4.2199375,FLAC,69109
train,5817,am_00231.wav,am_#.wav,answering_machine,16000,1,10.0,WAV,320044
train,5818,0c867aff-8ef0-485b-aafc-4bb6b1476245.flac,#c#aff-#ef#-#b-aafc-#bb#b#.flac,voicemail,16000,1,13.820625,FLAC,303684
train,5819,fr_voicemail_00153.wav,fr_voicemail_#.wav,voicemail,16000,1,10.0,WAV,320044
train,5820,ivr_00136.wav,ivr_#.wav,ivr,16000,1,9.0,WAV,288044
train,5821,12a3d437-0ff4-4336-a992-cf2d797dd558.flac,#a#d#-#ff#-#-a#-cf#d#dd#.flac,answering_machine,16000,1,16.0,FLAC,330326
train,5822,human_real_00095.wav,human_real_#.wav,human,16000,1,2.218625,WAV,71040
train,5823,response_21.wav,response_#.wav,human,8000,1,12.714625,WAV,101776
train,5824,09351faa-b8c5-4a42-be6c-c5a99e04775b.flac,#faa-b#c#-#a#-be#c-c#a#e#b.flac,answering_machine,16000,1,10.8085,FLAC,236837
train,5825,voicemail_00060.wav,voicemail_#.wav,voicemail,16000,1,8.4591875,WAV,270738
train,5826,ivr_00180.wav,ivr_#.wav,ivr,16000,1,7.08,WAV,226604
train,5827,complete_a3a04fe07bc54e13ab0ce0eeb1ba4538.flac,complete_a#a#fe#bc#e#ab#ce#eeb#ba#.flac,human,16000,1,4.93025,FLAC,75286
train,5828,incomplete_d9004c37-7dde-4620-8a88-718c00cb7aff_normalized.flac,incomplete_d#c#-#dde-#-#a#-#c#cb#aff_normalized.flac,human,16000,1,4.430625,FLAC,85658
train,5829,complete_8ebb04b7b61a42d4896a1aaebe3bbc1f.flac,complete_#ebb#b#b#a#d#a#aaebe#bbc#f.flac,human,16000,1,4.6395625,FLAC,59781
train,5830,0629c1e9-bb85-4929-9863-dcff26c237f0.flac,#c#e#-bb#-#-#-dcff#c#f#.flac,answering_machine,16000,1,12.802125,FLAC,247903
train,5831,0d4a2426-1f81-421b-92a9-71206826916e.flac,#d#a#-#f#-#b-#a#-#e.flac,voicemail,16000,1,4.5395,FLAC,95185
train,5832,1588db87-cd92-447d-91ca-807d1947cec8.flac,#db#-cd#-#d-#ca-#d#cec#.flac,voicemail,16000,1,3.633125,FLAC,56662
train,5833,incomplete_1a423d1d-589e-43dc-b7ea-1aea21ad7399_normalized.flac,incomplete_#a#d#d-#e-#dc-b#ea-#aea#ad#_normalized.flac,human,16000,1,7.72,FLAC,115830
train,5834,0dd64009-aaf0-4459-a99c-ee0b04f96ea6.flac,#dd#-aaf#-#-a#c-ee#b#f#ea#.flac,answering_machine,16000,1,16.0,FLAC,357334
train,5835,00ad305d-f2a3-4af3-8c23-915bfa0dc5db.flac,#ad#d-f#a#-#af#-#c#-#bfa#dc#db.flac,voicemail,16000,1,7.883125,FLAC,137036
train,5836,am_00054.wav,am_#.wav,answering_machine,16000,1,10.0,WAV,320044
train,5837,00f8ac90-83a9-4c73-95e9-f67afb18f8f7.flac,#f#ac#-#a#-#c#-#e#-f#afb#f#f#.flac,ivr,16000,1,8.08,FLAC,169123
train,5838,am_00094.wav,am_#.wav,answering_machine,16000,1,9.7085625,WAV,310718
train,5839,voicemail_00090.wav,voicemail_#.wav,voicemail,16000,1,10.0,WAV,320044
train,5840,0133fc94-2d60-4c7d-9ab4-94b119d4841c.flac,#fc#-#d#-#c#d-#ab#-#b#d#c.flac,ivr,16000,1,5.8,FLAC,124444
train,5841,02068728-2519-43ef-a36c-936f4aa5924c.flac,#-#-#ef-a#c-#f#aa#c.flac,ivr,16000,1,9.2,FLAC,171145
train,5842,12b8ca02-b946-4b07-96ce-ceb163855212.flac,#b#ca#-b#-#b#-#ce-ceb#.flac,voicemail,16000,1,14.4210625,FLAC,270480
train,5843,fr_am_00207.wav,fr_am_#.wav,answering_machine,16000,1,7.9499375,WAV,254442
train,5844,CAa17eab2e7525ea634949702ba2930526_1.wav,CAa#eab#e#ea#ba#_#.wav,human,8000,1,11.38,WAV,91098
train,5845,1ce75d40-2f19-43ee-a1a1-dce4b119a915.flac,#ce#d#-#f#-#ee-a#a#-dce#b#a#.flac,voicemail,16000,1,2.163,FLAC,50228
train,5846,0d544480-c20f-4bf1-8d34-3f0507262ade.flac,#d#-c#f-#bf#-#d#-#f#ade.flac,answering_machine,16000,1,9.7905625,FLAC,200188
train,5847,ivr_00384.wav,ivr_#.wav,ivr,16000,1,8.14475,WAV,260676
train,5848,60266349c7abb7f83213827b.wav,#c#abb#f#b.wav,human,8000,1,16.298625,WAV,130448
train,5849,am_00377.wav,am_#.wav,answering_machine,16000,1,9.87025,WAV,315892
train,5850,602b96ce963e11ccd901cb7f.wav,#b#ce#e#ccd#cb#f.wav,human,8000,1,3.925375,WAV,31462
train,5851,carrier_en_ivr_00482.wav,carrier_en_ivr_#.wav,ivr,16000,1,10.0,WAV,320044
train,5852,response_1.wav,response_#.wav,human,8000,1,3.925375,WAV,31462
train,5853,1df5f59a-bbfc-49e7-b380-bd1040f9459c.flac,#df#f#a-bbfc-#e#-b#-bd#f#c.flac,voicemail,16000,1,13.2710625,FLAC,234049
train,5854,0024b6cd-4988-45df-b67c-297e757e7b5d.flac,#b#cd-#-#df-b#c-#e#e#b#d.flac,answering_machine,16000,1,2.4746875,FLAC,50592
train,5855,0c24020b-663c-4891-a873-c591a14208cd.flac,#c#b-#c-#-a#-c#a#cd.flac,voicemail,16000,1,15.5841875,FLAC,269742
train,5856,incomplete_33da0171-9117-4ab8-918b-c65a165735f0_normalized.flac,incomplete_#da#-#-#ab#-#b-c#a#f#_normalized.flac,human,16000,1,3.8225,FLAC,72959
train,5857,complete_9fae229b-5708-429e-9cd8-0b9c32780bdd_normalized.flac,complete_#fae#b-#-#e-#cd#-#b#c#bdd_normalized.flac,human,16000,1,5.054,FLAC,109966
train,5858,CA812ec2c719bd179261144d950d314fea_0.wav,CA#ec#c#bd#d#d#fea_#.wav,human,8000,1,13.64,WAV,109178
train,5859,00f2b1f0-7ab2-4c68-bf91-01654ec58620.flac,#f#b#f#-#ab#-#c#-bf#-#ec#.flac,ivr,16000,1,12.0,FLAC,218955
train,5860,voicemail_00293.wav,voicemail_#.wav,voicemail,16000,1,10.0,WAV,320044
train,5861,es_human_tts_00308.wav,es_human_tts_#.wav,human,16000,1,1.584,WAV,50732
train,5862,0785eae0-ece6-4cf1-8188-7bb4a8aa1229.flac,#eae#-ece#-#cf#-#-#bb#a#aa#.flac,voicemail,16000,1,15.87,FLAC,320901
train,5863,0016bb2e-1d82-40ff-92a6-4ab7a210bd90.flac,#bb#e-#d#-#ff-#a#-#ab#a#bd#.flac,ivr,16000,1,7.76,FLAC,144209
train,5864,14045158-a185-4f22-947d-04ff8b09ca32.flac,#-a#-#f#-#d-#ff#b#ca#.flac,voicemail,16000,1,10.359375,FLAC,191194
train,5865,voicemail_00227.wav,voicemail_#.wav,voicemail,16000,1,10.0,WAV,320044
train,5866,incomplete_2654c5ed-0acf-40d7-91da-7edc5390f881_normalized.flac,incomplete_#c#ed-#acf-#d#-#da-#edc#f#_normalized.flac,human,16000,1,3.744,FLAC,77110
train,5867,15f5a7b9-3ce8-4193-a470-753b7cf7a524.flac,#f#a#b#-#ce#-#-a#-#b#cf#a#.flac,voicemail,16000,1,4.226,FLAC,69180
train,5868,human_real_00159.wav,human_real_#.wav,human,16000,1,6.4,WAV,204844
train,5869,0adcc556-2fe5-402c-bfeb-a7dd3b35c76c.flac,#adcc#-#fe#-#c-bfeb-a#dd#b#c#c.flac,voicemail,16000,1,3.8213125,FLAC,65555
train,5870,036532b8-3f32-42d0-9da3-9c74c88a3a86.flac,#b#-#f#-#d#-#da#-#c#c#a#a#.flac,voicemail,16000,1,5.4610625,FLAC,108667
train,5871,17e328db-873a-420f-af45-5b67cb8f6af3.flac,#e#db-#a-#f-af#-#b#cb#f#af#.flac,answering_machine,16000,1,5.3505,FLAC,85437
train,5872,fr_human_real_00028.wav,fr_human_real_#.wav,human,16000,1,4.053375,WAV,129752
train,5873,0193625c-f0ac-4336-94ee-8ad33091135c.flac,#c-f#ac-#-#ee-#ad#c.flac,ivr,16000,1,6.16,FLAC,123998
train,5874,incomplete_07198965-8a28-4f0a-9570-c2a33553adee_normalized.flac,incomplete_#-#a#-#f#a-#-c#a#adee_normalized.flac,human,16000,1,5.44,FLAC,77792
train,5875,07c48b2b-7955-464d-9312-c4dc5738b880.flac,#c#b#b-#-#d-#-c#dc#b#.flac,voicemail,16000,1,5.7329375,FLAC,76330
train,5876,0a381c53-b868-4696-8da5-c6876990c200.flac,#a#c#-b#-#-#da#-c#c#.flac,answering_machine,16000,1,7.543125,FLAC,156967
train,5877,0083fa99-430e-4b60-91b9-e1178d5d0e34.flac,#fa#-#e-#b#-#b#-e#d#d#e#.flac,answering_machine,16000,1,10.8326875,FLAC,221142
train,5878,15da6b70-4b4c-4910-86dd-e11ecd5a351a.flac,#da#b#-#b#c-#-#dd-e#ecd#a#a.flac,voicemail,16000,1,9.742875,FLAC,187545
train,5879,carrier_es_ivr_00236.wav,carrier_es_ivr_#.wav,ivr,16000,1,10.0,WAV,320044
train,5880,fr_ivr_00178.wav,fr_ivr_#.wav,ivr,16000,1,8.93,WAV,285804
train,5881,082026d4-8e3b-433c-92eb-b7ebf806e260.flac,#d#-#e#b-#c-#eb-b#ebf#e#.flac,answering_machine,16000,1,3.7565625,FLAC,55833
train,5882,01251244-ac95-4fbc-991b-14b876bff241.flac,#-ac#-#fbc-#b-#b#bff#.flac,ivr,16000,1,3.92,FLAC,77754
train,5883,am_00102.wav,am_#.wav,answering_machine,16000,1,10.0,WAV,320044
train,5884,12b16e4b-2b38-4d1b-a986-ee4163750fc9.flac,#b#e#b-#b#-#d#b-a#-ee#fc#.flac,answering_machine,16000,1,4.268625,FLAC,86121
train,5885,fr_human_tts_00113.wav,fr_human_tts_#.wav,human,16000,1,2.088,WAV,66860
train,5886,0e96bacf-be29-4a57-b497-d5d5430c5ea8.flac,#e#bacf-be#-#a#-b#-d#d#c#ea#.flac,voicemail,16000,1,13.8683125,FLAC,253442
train,5887,response_19.wav,response_#.wav,human,8000,1,4.82975,WAV,38696
train,5888,ivr_00368.wav,ivr_#.wav,ivr,16000,1,7.008,WAV,224300
train,5889,complete_923cd69c-6a8c-459e-b6de-99d4792bb06b_normalized.flac,complete_#cd#c-#a#c-#e-b#de-#d#bb#b_normalized.flac,human,16000,1,3.478125,FLAC,69791
train,5890,am_00104.wav,am_#.wav,answering_machine,16000,1,9.0576875,WAV,289890
train,5891,03404a49-b3b1-41c4-b111-b243be960d5c.flac,#a#-b#b#-#c#-b#-b#be#d#c.flac,ivr,16000,1,5.68,FLAC,122806
train,5892,007535b5-d422-49ea-9855-0b3ca78413ac.flac,#b#-d#-#ea-#-#b#ca#ac.flac,ivr,16000,1,10.96,FLAC,218079
train,5893,human_real_00168.wav,human_real_#.wav,human,16000,1,10.0,WAV,320044
train,5894,response_49.wav,response_#.wav,human,8000,1,10.154625,WAV,81296
train,5895,02385e6a-2af0-400f-bada-9313f51589b5.flac,#e#a-#af#-#f-bada-#f#b#.flac,ivr,16000,1,5.16,FLAC,102492
train,5896,60268e4ac7abb7f832138ae3.wav,#e#ac#abb#f#ae#.wav,human,8000,1,4.522625,WAV,36240
train,5897,04e1afb6-160a-4b9d-afa9-9bc72807bec0.flac,#e#afb#-#a-#b#d-afa#-#bc#bec#.flac,answering_machine,16000,1,11.041,FLAC,196926
train,5898,10e7e6f2-4467-44fe-a668-c647bb3ed078.flac,#e#e#f#-#-#fe-a#-c#bb#ed#.flac,answering_machine,16000,1,13.00975,FLAC,270124
train,5899,am_00117.wav,am_#.wav,answering_machine,16000,1,9.4264375,WAV,301690
train,5900,12cbd99d-f816-4dc0-8875-38d58f7c5848.flac,#cbd#d-f#-#dc#-#-#d#f#c#.flac,voicemail,16000,1,4.6760625,FLAC,93914
train,5901,00fc2182-2eb9-4b3f-8c9a-03f38736d939.flac,#fc#-#eb#-#b#f-#c#a-#f#d#.flac,ivr,16000,1,5.16,FLAC,112826
train,5902,1e5318eb-af1a-4258-bb81-ab4fea57d5a2.flac,#e#eb-af#a-#-bb#-ab#fea#d#a#.flac,voicemail,16000,1,3.2043125,FLAC,49334
train,5903,0402ec1d-1980-453e-8792-22e82ebd144d.flac,#ec#d-#-#e-#-#e#ebd#d.flac,answering_machine,16000,1,12.0505,FLAC,246968
train,5904,18b07574-92dd-49ab-967d-e987b0070b03.flac,#b#-#dd-#ab-#d-e#b#b#.flac,voicemail,16000,1,13.0411875,FLAC,245146
train,5905,00417843-d72b-46a1-9b25-ac8d0f17e8c5.flac,#-d#b-#a#-#b#-ac#d#f#e#c#.flac,voicemail,16000,1,13.8085,FLAC,283480
train,5906,incomplete_eeecb351-0fb0-487f-801c-aa8147d7f634_normalized.flac,incomplete_eeecb#-#fb#-#f-#c-aa#d#f#_normalized.flac,human,16000,1,3.1171875,FLAC,58290
train,5907,019ec9bd-b891-4fcc-940f-c48b991070a6.flac,#ec#bd-b#-#fcc-#f-c#b#a#.flac,ivr,16000,1,8.08,FLAC,166285
train,5908,human_tts_00183.wav,human_tts_#.wav,human,16000,1,2.568,WAV,82220
train,5909,19bfac80-100d-4f93-9196-a8a6383b932f.flac,#bfac#-#d-#f#-#-a#a#b#f.flac,voicemail,16000,1,10.7213125,FLAC,208933
train,5910,voicemail_00224.wav,voicemail_#.wav,voicemail,16000,1,9.1228125,WAV,291974
train,5911,complete_77cae9e4-75a4-41b9-955e-2f7e7613bc0e_normalized.flac,complete_#cae#e#-#a#-#b#-#e-#f#e#bc#e_normalized.flac,human,16000,1,2.5,FLAC,39311
train,5912,0ac90e2a-7a10-4c35-b199-793f06971c28.flac,#ac#e#a-#a#-#c#-b#-#f#c#.flac,answering_machine,16000,1,3.601,FLAC,79248
train,5913,carrier_fr_voicemail_00037.wav,carrier_fr_voicemail_#.wav,voicemail,16000,1,8.8993125,WAV,284822
train,5914,021d7b8a-fe8b-41c3-a1ee-5e0600290fbc.flac,#d#b#a-fe#b-#c#-a#ee-#e#fbc.flac,ivr,16000,1,4.08,FLAC,84329
train,5915,1b74c75d-f96d-4880-8a8f-40b93c98ce42.flac,#b#c#d-f#d-#-#a#f-#b#c#ce#.flac,answering_machine,16000,1,12.0386875,FLAC,218349
train,5916,01825517-1b90-4d10-9616-782cebb34f7a.flac,#-#b#-#d#-#-#cebb#f#a.flac,voicemail,16000,1,10.414125,FLAC,203666
train,5917,complete_9c88b1b3-9695-407d-b27d-d57290b29215_normalized.flac,complete_#c#b#b#-#-#d-b#d-d#b#_normalized.flac,human,16000,1,2.519375,FLAC,55640
train,5918,0875dd82-7883-49d0-b9ee-a01a830810ae.flac,#dd#-#-#d#-b#ee-a#a#ae.flac,answering_machine,16000,1,8.6186875,FLAC,198159
train,5919,06e1bb32-856f-431a-bd2f-78d50dfb06ef.flac,#e#bb#-#f-#a-bd#f-#d#dfb#ef.flac,answering_machine,16000,1,13.3250625,FLAC,231643
train,5920,1670a288-2ef7-425d-9b68-163bcfd8e409.flac,#a#-#ef#-#d-#b#-#bcfd#e#.flac,voicemail,16000,1,6.4899375,FLAC,120537
train,5921,15a0f0ae-6694-46e8-b16c-3dca3767c725.flac,#a#f#ae-#-#e#-b#c-#dca#c#.flac,voicemail,16000,1,9.761,FLAC,197837
train,5922,01914f46-92eb-47fa-b2a4-acf9e92232df.flac,#f#-#eb-#fa-b#a#-acf#e#df.flac,ivr,16000,1,13.08,FLAC,247015
train,5923,voicemail_00157.wav,voicemail_#.wav,voicemail,16000,1,8.4781875,WAV,271346
train,5924,carrier_fr_voicemail_00073.wav,carrier_fr_voicemail_#.wav,voicemail,16000,1,10.0,WAV,320044
train,5925,carrier_de_answering_machine_00382.wav,carrier_de_answering_machine_#.wav,answering_machine,16000,1,9.5809375,WAV,306634
train,5926,fr_human_real_00001.wav,fr_human_real_#.wav,human,16000,1,4.778625,WAV,152960
train,5927,08fe8791-0e2c-4f41-bbde-1be119c1637d.flac,#fe#-#e#c-#f#-bbde-#be#c#d.flac,answering_machine,16000,1,3.069,FLAC,60824
train,5928,1a1b9221-1f6d-4e1b-91f4-dfd3cad773f4.flac,#a#b#-#f#d-#e#b-#f#-dfd#cad#f#.flac,answering_machine,16000,1,11.6738125,FLAC,236826
train,5929,01de9f96-2f1c-4218-bb5c-270e5180ff03.flac,#de#f#-#f#c-#-bb#c-#e#ff#.flac,ivr,16000,1,5.96,FLAC,124551
train,5930,carrier_de_answering_machine_00369.wav,carrier_de_answering_machine_#.wav,answering_machine,16000,1,9.3513125,WAV,299286
train,5931,am_00006.wav,am_#.wav,answering_machine,16000,1,9.8575625,WAV,315486
train,5932,0136edd1-f6b1-417c-a364-95240122f010.flac,#edd#-f#b#-#c-a#-#f#.flac,answering_machine,16000,1,5.0346875,FLAC,114417
train,5933,0ccd4b75-529c-4063-af4a-804653e01ecf.flac,#ccd#b#-#c-#-af#a-#e#ecf.flac,voicemail,16000,1,13.2285625,FLAC,265828
train,5934,1db57a9c-1bf7-4d0e-935d-549863d06dd1.flac,#db#a#c-#bf#-#d#e-#d-#d#dd#.flac,voicemail,16000,1,15.3919375,FLAC,302336
train,5935,026518e5-69f5-4521-a75a-68c7bcca94bc.flac,#e#-#f#-#-a#a-#c#bcca#bc.flac,ivr,16000,1,7.24,FLAC,148764
train,5936,incomplete_7c52f789-d623-484d-9c01-8dc6f75b88da_normalized.flac,incomplete_#c#f#-d#-#d-#c#-#dc#f#b#da_normalized.flac,human,16000,1,5.355,FLAC,110220
train,5937,101c5e44-6c66-4d33-9644-2c2cc799b63b.flac,#c#e#-#c#-#d#-#-#c#cc#b#b.flac,voicemail,16000,1,11.6370625,FLAC,216745
train,5938,carrier_de_voicemail_00306.wav,carrier_de_voicemail_#.wav,voicemail,16000,1,10.0,WAV,320044
train,5939,60266442c7abb7f832138307.wav,#c#abb#f#.wav,human,8000,1,11.690625,WAV,93584
train,5940,human_real_00062.wav,human_real_#.wav,human,16000,1,4.644,WAV,148652
train,5941,voicemail_00076.wav,voicemail_#.wav,voicemail,16000,1,9.583875,WAV,306728
train,5942,01019388-7c8d-47ba-9bae-eec43353fb5f.flac,#-#c#d-#ba-#bae-eec#fb#f.flac,answering_machine,16000,1,5.14,FLAC,102725
train,5943,00cb9f0c-3d03-4c6f-a700-f665f7d072fb.flac,#cb#f#c-#d#-#c#f-a#-f#f#d#fb.flac,ivr,16000,1,6.76,FLAC,138451
train,5944,1d3cb1f9-1ce9-4ee3-a3b3-680fd44bcab7.flac,#d#cb#f#-#ce#-#ee#-a#b#-#fd#bcab#.flac,answering_machine,16000,1,6.656,FLAC,132758
train,5945,complete_45a233fe-a2d1-4a4d-9a17-1e278701e3f0_normalized.flac,complete_#a#fe-a#d#-#a#d-#a#-#e#e#f#_normalized.flac,human,16000,1,4.778125,FLAC,95766
train,5946,183f15b4-4867-46a5-954e-53cb01f2922f.flac,#f#b#-#-#a#-#e-#cb#f#f.flac,answering_machine,16000,1,14.46325,FLAC,248861
train,5947,0ec2fb0f-5320-441b-9f4c-ebc47798624e.flac,#ec#fb#f-#-#b-#f#c-ebc#e.flac,voicemail,16000,1,4.770125,FLAC,77471
train,5948,017a524a-1895-425b-9f74-753547fcbb61.flac,#a#a-#-#b-#f#-#fcbb#.flac,ivr,16000,1,12.4,FLAC,249828
train,5949,13f28e94-9e45-4a4c-8fa9-98da3019bd87.flac,#f#e#-#e#-#a#c-#fa#-#da#bd#.flac,voicemail,16000,1,13.788625,FLAC,280591
train,5950,am_00283.wav,am_#.wav,answering_machine,16000,1,10.0,WAV,320044
train,5951,602baedc5f67b421554f64c5.wav,#baedc#f#b#f#c#.wav,human,8000,1,58.453375,WAV,467686
train,5952,1baa688a-9c32-465c-8905-beaf999702a0.flac,#baa#a-#c#-#c-#-beaf#a#.flac,answering_machine,16000,1,16.0,FLAC,333942
train,5953,01f6ea22-cd7d-4bb5-ac41-9e53379b0502.flac,#f#ea#-cd#d-#bb#-ac#-#e#b#.flac,ivr,16000,1,2.64,FLAC,51405
train,5954,013d45e1-836b-41bc-af06-dc8c774c517d.flac,#d#e#-#b-#bc-af#-dc#c#c#d.flac,ivr,16000,1,8.12,FLAC,167001
train,5955,complete_1ed7defd-0c08-451a-a527-d521201e2888_normalized.flac,complete_#ed#defd-#c#-#a-a#-d#e#_normalized.flac,human,16000,1,3.30125,FLAC,67755
train,5956,incomplete_887fb5d1b68f4694a0c689026feb0e8f.flac,incomplete_#fb#d#b#f#a#c#feb#e#f.flac,human,16000,1,6.52325,FLAC,105164
train,5957,09c56bcc-da07-4a00-897c-05ddb998c326.flac,#c#bcc-da#-#a#-#c-#ddb#c#.flac,voicemail,16000,1,12.199375,FLAC,260293
train,5958,0b75cc83-a74e-4131-8f7f-2d0f9e9d5bbe.flac,#b#cc#-a#e-#-#f#f-#d#f#e#d#bbe.flac,answering_machine,16000,1,4.693375,FLAC,94246
train,5959,human_tts_00194.wav,human_tts_#.wav,human,16000,1,2.256,WAV,72236
train,5960,03068dc2-8adc-4acd-ab60-9a01445d37db.flac,#dc#-#adc-#acd-ab#-#a#d#db.flac,ivr,16000,1,2.52,FLAC,49392
train,5961,response_38.wav,response_#.wav,human,8000,1,5.205375,WAV,41702
train,5962,0c3fe3c4-c53a-4fb9-9bfb-4477a2167022.flac,#c#fe#c#-c#a-#fb#-#bfb-#a#.flac,answering_machine,16000,1,11.4306875,FLAC,217315
train,5963,02776b58-0af1-4f40-a04c-476d78215b5d.flac,#b#-#af#-#f#-a#c-#d#b#d.flac,answering_machine,16000,1,12.384125,FLAC,252413
train,5964,1d822ab1-3774-48d1-b559-bc1e5ffbd710.flac,#d#ab#-#-#d#-b#-bc#e#ffbd#.flac,answering_machine,16000,1,9.9885,FLAC,180048
train,5965,am_00199.wav,am_#.wav,answering_machine,16000,1,6.9261875,WAV,221682
train,5966,carrier_de_answering_machine_00368.wav,carrier_de_answering_machine_#.wav,answering_machine,16000,1,7.8568125,WAV,251462
train,5967,complete_a6012320-dcfd-42bd-9d12-97d76e8ea921_normalized.flac,complete_a#-dcfd-#bd-#d#-#d#e#ea#_normalized.flac,human,16000,1,2.592,FLAC,49562
train,5968,human_real_00164.wav,human_real_#.wav,human,16000,1,5.290625,WAV,169344
train,5969,02c91bee-7216-4f61-8d6b-2e5b7bc5d858.flac,#c#bee-#-#f#-#d#b-#e#b#bc#d#.flac,ivr,16000,1,5.48,FLAC,106717
train,5970,human_real_00076.wav,human_real_#.wav,human,16000,1,4.437375,WAV,142040
train,5971,08480757-3bcc-4d08-828a-11b4b24e7a4e.flac,#-#bcc-#d#-#a-#b#b#e#a#e.flac,answering_machine,16000,1,4.693375,FLAC,103886
train,5972,fr_human_tts_00097.wav,fr_human_tts_#.wav,human,16000,1,1.272,WAV,40748
train,5973,incomplete_35eef471b8584f4b98b723168d592d3d.flac,incomplete_#eef#b#f#b#b#d#d#d.flac,human,16000,1,3.6511875,FLAC,60655
train,5974,072a6758-a013-4758-baf5-1ceca96d0a22.flac,#a#-a#-#-baf#-#ceca#d#a#.flac,answering_machine,16000,1,11.063875,FLAC,226273
train,5975,am_00374.wav,am_#.wav,answering_machine,16000,1,10.0,WAV,320044
train,5976,0a281cea-0556-443a-a74e-52053be9dc9d.flac,#a#cea-#-#a-a#e-#be#dc#d.flac,answering_machine,16000,1,14.3811875,FLAC,271786
train,5977,016cc041-24f0-4e40-a3d6-5b28631d0e00.flac,#cc#-#f#-#e#-a#d#-#b#d#e#.flac,answering_machine,16000,1,5.5466875,FLAC,108802
train,5978,02754c47-27c1-49a8-82cf-4931db052931.flac,#c#-#c#-#a#-#cf-#db#.flac,ivr,16000,1,4.12,FLAC,94557
train,5979,incomplete_28df6591aa2d41d69b4c8d1257e7a978.flac,incomplete_#df#aa#d#d#b#c#d#e#a#.flac,human,16000,1,2.7675,FLAC,41815
train,5980,602662abc7abb7f832138220.wav,#abc#abb#f#.wav,human,8000,1,8.96,WAV,71738
train,5981,de_am_00534.wav,de_am_#.wav,answering_machine,16000,1,8.331,WAV,266636
train,5982,092feae7-e021-48c1-897e-245644b0f0b7.flac,#feae#-e#-#c#-#e-#b#f#b#.flac,voicemail,16000,1,5.30575,FLAC,90163
train,5983,am_00291.wav,am_#.wav,answering_machine,16000,1,10.0,WAV,320044
train,5984,0a0b7d13-f28e-43e3-8423-84d309b44dda.flac,#a#b#d#-f#e-#e#-#-#d#b#dda.flac,answering_machine,16000,1,7.3,FLAC,167203
train,5985,02facfdf-2b61-4438-918b-4a4fa00905d7.flac,#facfdf-#b#-#-#b-#a#fa#d#.flac,voicemail,16000,1,6.66,FLAC,134094
train,5986,am_00316.wav,am_#.wav,answering_machine,16000,1,9.327,WAV,298508
train,5987,am_00239.wav,am_#.wav,answering_machine,16000,1,8.9485625,WAV,286398
train,5988,voicemail_00212.wav,voicemail_#.wav,voicemail,16000,1,10.0,WAV,320044
train,5989,198f676a-c623-4519-a636-6cd9be562db2.flac,#f#a-c#-#-a#-#cd#be#db#.flac,answering_machine,16000,1,7.68,FLAC,157886
train,5990,0ee1df4b-3722-4b24-b39f-d007ec607928.flac,#ee#df#b-#-#b#-b#f-d#ec#.flac,answering_machine,16000,1,3.4986875,FLAC,78159
train,5991,incomplete_08b31312-a62d-4e83-8e6a-c4f98f250b51_normalized.flac,incomplete_#b#-a#d-#e#-#e#a-c#f#f#b#_normalized.flac,human,16000,1,4.865,FLAC,91356
train,5992,00bb2569-2630-400c-a07e-6425d97594a0.flac,#bb#-#-#c-a#e-#d#a#.flac,ivr,16000,1,7.0,FLAC,141868
train,5993,0275387f-d40e-41e7-8b09-86e393e31140.flac,#f-d#e-#e#-#b#-#e#e#.flac,ivr,16000,1,10.28,FLAC,180125
train,5994,1843079f-9890-46e2-9237-3a15eb03b230.flac,#f-#-#e#-#-#a#eb#b#.flac,answering_machine,16000,1,6.7555625,FLAC,114191
train,5995,1b22d0ce-4612-4ed9-ada6-cdcee4d005ca.flac,#b#d#ce-#-#ed#-ada#-cdcee#d#ca.flac,answering_machine,16000,1,15.0933125,FLAC,260804
train,5996,018192be-bc3c-43cb-bb5f-bcc9c9ea83a2.flac,#be-bc#c-#cb-bb#f-bcc#c#ea#a#.flac,ivr,16000,1,5.08,FLAC,106463
train,5997,0026e2b8-bd69-491b-a788-bc9aabd45403.flac,#e#b#-bd#-#b-a#-bc#aabd#.flac,ivr,16000,1,5.68,FLAC,113072
train,5998,11369012-ff50-4e42-a1fc-c870aa943e9d.flac,#-ff#-#e#-a#fc-c#aa#e#d.flac,voicemail,16000,1,3.2444375,FLAC,57322
train,5999,response_6.wav,response_#.wav,human,8000,1,5.717375,WAV,45798
train,6000,human_real_00149.wav,human_real_#.wav,human,16000,1,9.898625,WAV,316800
train,6001,0807c4f1-e5aa-4878-acec-255e36831690.flac,#c#f#-e#aa-#-acec-#e#.flac,voicemail,16000,1,11.1779375,FLAC,212591
train,6002,fr_human_real_00030.wav,fr_human_real_#.wav,human,16000,1,5.888,WAV,188460
train,6003,fr_human_real_00016.wav,fr_human_real_#.wav,human,16000,1,6.314625,WAV,202112
train,6004,de_ivr_00508.wav,de_ivr_#.wav,ivr,16000,1,10.0,WAV,320044
train,6005,02f27678-ba33-4e03-ae19-76c22ab4558f.flac,#f#-ba#-#e#-ae#-#c#ab#f.flac,ivr,16000,1,3.32,FLAC,63998
train,6006,es_human_real_00264.wav,es_human_real_#.wav,human,16000,1,6.40875,WAV,205124
train,6007,0133e150-25fc-47e3-bc49-5893634a7ba7.flac,#e#-#fc-#e#-bc#-#a#ba#.flac,ivr,16000,1,3.28,FLAC,67380
train,6008,carrier_es_human_00171.wav,carrier_es_human_#.wav,human,16000,1,2.136,WAV,68396
train,6009,carrier_es_answering_machine_00264.wav,carrier_es_answering_machine_#.wav,answering_machine,16000,1,9.6218125,WAV,307942
train,6010,incomplete_67cb5094-aa35-4801-9b88-3e4748e179fe_normalized.flac,incomplete_#cb#-aa#-#-#b#-#e#e#fe_normalized.flac,human,16000,1,6.72475,FLAC,120506
train,6011,0167b477-4403-48c0-91db-328eefd1de65.flac,#b#-#-#c#-#db-#eefd#de#.flac,ivr,16000,1,4.56,FLAC,95722
train,6012,incomplete_d5d7bbf6-7801-4772-81d8-d15c5640f034_normalized.flac,incomplete_d#d#bbf#-#-#-#d#-d#c#f#_normalized.flac,human,16000,1,3.8225,FLAC,83352
train,6013,11a33642-4e58-49d2-bddc-57aa8de3ea03.flac,#a#-#e#-#d#-bddc-#aa#de#ea#.flac,answering_machine,16000,1,12.2279375,FLAC,261438
train,6014,voicemail_00161.wav,voicemail_#.wav,voicemail,16000,1,10.0,WAV,320044
train,6015,00a46555-f020-4b85-8fef-20e22a6499f0.flac,#a#-f#-#b#-#fef-#e#a#f#.flac,answering_machine,16000,1,13.514625,FLAC,262313
train,6016,incomplete_36d87d6e-190e-4399-9cd7-722fd12b386d_normalized.flac,incomplete_#d#d#e-#e-#-#cd#-#fd#b#d_normalized.flac,human,16000,1,4.256875,FLAC,83726
train,6017,es_ivr_00353.wav,es_ivr_#.wav,ivr,16000,1,10.0,WAV,320044
train,6018,01380c32-e227-4c90-8f39-111767877638.flac,#c#-e#-#c#-#f#-#.flac,ivr,16000,1,4.28,FLAC,77327
train,6019,0072dce3-cc67-4d1a-a0b0-efdd1f18ee25.flac,#dce#-cc#-#d#a-a#b#-efdd#f#ee#.flac,ivr,16000,1,14.84,FLAC,310124
train,6020,0342a73b-a9a8-4d15-88e9-487d8b82276d.flac,#a#b-a#a#-#d#-#e#-#d#b#d.flac,ivr,16000,1,5.6,FLAC,109422
train,6021,01f90109-d9ff-4883-8490-c68a16d99fe2.flac,#f#-d#ff-#-#-c#a#d#fe#.flac,ivr,16000,1,6.32,FLAC,123846
train,6022,am_00328.wav,am_#.wav,answering_machine,16000,1,6.9609375,WAV,222794
train,6023,ivr_00039.wav,ivr_#.wav,ivr,16000,1,9.336,WAV,298796
train,6024,es_human_real_00245.wav,es_human_real_#.wav,human,16000,1,10.0,WAV,320044
train,6025,voicemail_00042.wav,voicemail_#.wav,voicemail,16000,1,9.9661875,WAV,318962
train,6026,001c174a-62cc-45f0-89c0-f7980e1073c9.flac,#c#a-#cc-#f#-#c#-f#e#c#.flac,ivr,16000,1,5.92,FLAC,121860
train,6027,1db8e0f7-2836-4d7a-bb47-87f1e1631b4c.flac,#db#e#f#-#-#d#a-bb#-#f#e#b#c.flac,answering_machine,16000,1,7.936,FLAC,175827
train,6028,voicemail_00399.wav,voicemail_#.wav,voicemail,16000,1,7.6675,WAV,245404
train,6029,00765f90-01d9-4529-8afc-29ca16d08b4c.flac,#f#-#d#-#-#afc-#ca#d#b#c.flac,ivr,16000,1,5.96,FLAC,127255
train,6030,6026630cdc3604f481bcb3a4.wav,#cdc#f#bcb#a#.wav,human,8000,1,9.898625,WAV,79248
train,6031,am_00105.wav,am_#.wav,answering_machine,16000,1,7.2016875,WAV,230498
train,6032,05c84706-1d7b-4c81-90b8-72b1d4a33b17.flac,#c#-#d#b-#c#-#b#-#b#d#a#b#.flac,answering_machine,16000,1,9.0490625,FLAC,175868
train,6033,complete_71d67609-f47d-4a2f-b9c0-0b5ff255a67a_normalized.flac,complete_#d#-f#d-#a#f-b#c#-#b#ff#a#a_normalized.flac,human,16000,1,7.7925,FLAC,152698
train,6034,0219a0dc-634d-4a7a-8b12-98826dfc79b8.flac,#a#dc-#d-#a#a-#b#-#dfc#b#.flac,ivr,16000,1,7.24,FLAC,128655
train,6035,602bae3fbb1e6d0fbce92249.wav,#bae#fbb#e#d#fbce#.wav,human,8000,1,4.266625,WAV,34192
train,6036,fr_human_tts_00123.wav,fr_human_tts_#.wav,human,16000,1,1.368,WAV,43820
train,6037,ivr_00233.wav,ivr_#.wav,ivr,16000,1,8.952,WAV,286508
train,6038,035c51f2-7117-43b8-a3cf-40511c15403e.flac,#c#f#-#-#b#-a#cf-#c#e.flac,ivr,16000,1,9.84,FLAC,207475
train,6039,am_00087.wav,am_#.wav,answering_machine,16000,1,9.736375,WAV,311608
train,6040,07c757ac-b8f7-4668-b073-f380c1756a26.flac,#c#ac-b#f#-#-b#-f#c#a#.flac,voicemail,16000,1,13.9926875,FLAC,266652
train,6041,response_17.wav,response_#.wav,human,8000,1,4.437375,WAV,35558
train,6042,incomplete_6f35fc2e-4e75-45f3-baba-7cdbb59590e3_normalized.flac,incomplete_#f#fc#e-#e#-#f#-baba-#cdbb#e#_normalized.flac,human,16000,1,4.94,FLAC,76997
train,6043,carrier_en_ivr_00473.wav,carrier_en_ivr_#.wav,ivr,16000,1,10.0,WAV,320044
train,6044,12cf2a9b-9071-413c-9111-bc46ce67c150.flac,#cf#a#b-#-#c-#-bc#ce#c#.flac,answering_machine,16000,1,15.5628125,FLAC,302228
train,6045,036ba2f5-ebe8-48d5-b31c-fc2b4dce52ee.flac,#ba#f#-ebe#-#d#-b#c-fc#b#dce#ee.flac,answering_machine,16000,1,3.468125,FLAC,70290
train,6046,response_18.wav,response_#.wav,human,8000,1,12.544,WAV,100410
train,6047,0cb4c5cc-70c3-4bec-a8fc-8163ef25c6a1.flac,#cb#c#cc-#c#-#bec-a#fc-#ef#c#a#.flac,answering_machine,16000,1,2.8478125,FLAC,48093
train,6048,carrier_en_voicemail_00443.wav,carrier_en_voicemail_#.wav,voicemail,16000,1,9.1591875,WAV,293138
train,6049,030ec56d-1189-4cfd-be67-ba1c15d7e03d.flac,#ec#d-#-#cfd-be#-ba#c#d#e#d.flac,ivr,16000,1,4.24,FLAC,84221
train,6050,0ee449f0-9160-4cb7-b712-51f146a32b32.flac,#ee#f#-#-#cb#-b#-#f#a#b#.flac,voicemail,16000,1,10.922625,FLAC,231593
train,6051,0808c23c-a29d-4306-bfb0-8e252f3c36d0.flac,#c#c-a#d-#-bfb#-#e#f#c#d#.flac,answering_machine,16000,1,13.8435,FLAC,249104
train,6052,1d61d40c-bb5c-4a79-9f54-90a287d7703f.flac,#d#d#c-bb#c-#a#-#f#-#a#d#f.flac,voicemail,16000,1,7.4054375,FLAC,158415
train,6053,de_human_tts_00454.wav,de_human_tts_#.wav,human,16000,1,2.064,WAV,66092
train,6054,1c327fb0-ee15-4334-9541-c46d8d190bab.flac,#c#fb#-ee#-#-#-c#d#d#bab.flac,voicemail,16000,1,14.2969375,FLAC,293975
train,6055,0409635e-015e-4e36-ae74-1f09ab000ce9.flac,#e-#e-#e#-ae#-#f#ab#ce#.flac,voicemail,16000,1,14.2973125,FLAC,302252
train,6056,carrier_en_voicemail_00432.wav,carrier_en_voicemail_#.wav,voicemail,16000,1,9.2308125,WAV,295430
train,6057,fr_human_tts_00104.wav,fr_human_tts_#.wav,human,16000,1,2.16,WAV,69164
train,6058,response_8.wav,response_#.wav,human,8000,1,10.410625,WAV,83344
train,6059,incomplete_0cfb735c-7c59-429e-89b2-8102e63d7722_normalized.flac,incomplete_#cfb#c-#c#-#e-#b#-#e#d#_normalized.flac,human,16000,1,5.536,FLAC,113426
train,6060,de_human_real_00428.wav,de_human_real_#.wav,human,16000,1,8.96,WAV,286764
train,6061,CA6957098c8566e7edcc97d93a61de0dbe_0.wav,CA#c#e#edcc#d#a#de#dbe_#.wav,human,8000,1,7.0,WAV,56058
train,6062,carrier_fr_human_00006.wav,carrier_fr_human_#.wav,human,16000,1,1.92,WAV,61484
train,6063,es_am_00377.wav,es_am_#.wav,answering_machine,16000,1,9.290375,WAV,297336
train,6064,human_real_00196.wav,human_real_#.wav,human,16000,1,6.741375,WAV,215768
train,6065,0f6fec40-e312-4f2a-b2d9-032023dc6280.flac,#f#fec#-e#-#f#a-b#d#-#dc#.flac,voicemail,16000,1,12.7310625,FLAC,227883
train,6066,01f6b104-ebd1-4ac4-87bf-436d2946de2d.flac,#f#b#-ebd#-#ac#-#bf-#d#de#d.flac,ivr,16000,1,10.24,FLAC,219471
train,6067,00598e66-95f5-4406-8df9-5ed4df729e12.flac,#e#-#f#-#-#df#-#ed#df#e#.flac,voicemail,16000,1,13.0175625,FLAC,267133
train,6068,04ad0881-54fc-4a6a-a321-c7a6abff88c9.flac,#ad#-#fc-#a#a-a#-c#a#abff#c#.flac,voicemail,16000,1,4.3346875,FLAC,65154
train,6069,04115064-8907-44fa-99c8-b51970844592.flac,#-#-#fa-#c#-b#.flac,answering_machine,16000,1,12.7916875,FLAC,280120
train,6070,0bc1668f-3469-4bbc-a54d-861944af0e7a.flac,#bc#f-#-#bbc-a#d-#af#e#a.flac,voicemail,16000,1,6.2809375,FLAC,110292
train,6071,01dfb6a9-8766-4552-bd75-7fbdf31576ee.flac,#dfb#a#-#-#-bd#-#fbdf#ee.flac,voicemail,16000,1,10.1948125,FLAC,210709
train,6072,00f43f88-07c8-42a6-ac9f-849593000043.flac,#f#f#-#c#-#a#-ac#f-#.flac,ivr,16000,1,11.44,FLAC,240146
train,6073,0c62c042-18ad-4be1-9a73-08160121d775.flac,#c#c#-#ad-#be#-#a#-#d#.flac,answering_machine,16000,1,12.4473125,FLAC,245348
train,6074,095b1beb-3cb6-4387-a7b6-87a09524e39c.flac,#b#beb-#cb#-#-a#b#-#a#e#c.flac,answering_machine,16000,1,12.190125,FLAC,247029
train,6075,0080ee35-1bcf-4658-bc69-810a2a5e3d6b.flac,#ee#-#bcf-#-bc#-#a#a#e#d#b.flac,ivr,16000,1,6.28,FLAC,120131
train,6076,1ce78bc5-9a5f-4100-9dad-64f1f3796254.flac,#ce#bc#-#a#f-#-#dad-#f#f#.flac,answering_machine,16000,1,12.134,FLAC,238922
train,6077,18a0110e-df88-4390-bfa7-250fca6c0334.flac,#a#e-df#-#-bfa#-#fca#c#.flac,voicemail,16000,1,5.0816875,FLAC,99298
train,6078,026a62c5-35b2-4b05-be7b-7b83ef1ff47f.flac,#a#c#-#b#-#b#-be#b-#b#ef#ff#f.flac,ivr,16000,1,5.76,FLAC,116626
train,6079,036772ec-6afa-43f7-bd4d-fda376398292.flac,#ec-#afa-#f#-bd#d-fda#.flac,voicemail,16000,1,14.111875,FLAC,276985
train,6080,am_00347.wav,am_#.wav,answering_machine,16000,1,10.0,WAV,320044
train,6081,complete_58cefc86a5f740ebb889cf19f408b9f4.flac,complete_#cefc#a#f#ebb#cf#f#b#f#.flac,human,16000,1,2.5465625,FLAC,39036
train,6082,am_00170.wav,am_#.wav,answering_machine,16000,1,10.0,WAV,320044
train,6083,0a061d9e-7124-49f4-8a51-f978382d88b4.flac,#a#d#e-#-#f#-#a#-f#d#b#.flac,voicemail,16000,1,11.357625,FLAC,231720
train,6084,incomplete_190870d9-41bf-4b95-aaad-b8ac25230e15_normalized.flac,incomplete_#d#-#bf-#b#-aaad-b#ac#e#_normalized.flac,human,16000,1,3.56825,FLAC,71454
train,6085,0216f3d9-a76e-4050-9403-fa28134c26d6.flac,#f#d#-a#e-#-#-fa#c#d#.flac,answering_machine,16000,1,12.5935,FLAC,237347
train,6086,019d040d-d820-45ad-ae44-5dbfb64b7f6f.flac,#d#d-d#-#ad-ae#-#dbfb#b#f#f.flac,ivr,16000,1,2.8,FLAC,61239
train,6087,ivr_00275.wav,ivr_#.wav,ivr,16000,1,7.968,WAV,255020
train,6088,ivr_00234.wav,ivr_#.wav,ivr,16000,1,7.944,WAV,254252
train,6089,01108853-6117-42ce-b3db-14a60bc0e10a.flac,#-#-#ce-b#db-#a#bc#e#a.flac,ivr,16000,1,9.24,FLAC,186594
train,6090,voicemail_00394.wav,voicemail_#.wav,voicemail,16000,1,9.0434375,WAV,289434
train,6091,de_am_00521.wav,de_am_#.wav,answering_machine,16000,1,10.0,WAV,320044
train,6092,08e98b73-2084-4d5c-be49-cd20834d58a6.flac,#e#b#-#-#d#c-be#-cd#d#a#.flac,answering_machine,16000,1,5.717375,FLAC,110026
train,6093,complete_e41578fb-1ef7-4966-b5f4-be122893c254_normalized.flac,complete_e#fb-#ef#-#-b#f#-be#c#_normalized.flac,human,16000,1,3.14,FLAC,50659
train,6094,0e3e5a8c-f497-4eb4-b78c-d4e7bef74c79.flac,#e#e#a#c-f#-#eb#-b#c-d#e#bef#c#.flac,answering_machine,16000,1,9.9679375,FLAC,169293
train,6095,human_tts_00191.wav,human_tts_#.wav,human,16000,1,2.856,WAV,91436
train,6096,0461699d-ef04-48db-9007-c31482021f4d.flac,#d-ef#-#db-#-c#f#d.flac,voicemail,16000,1,11.9149375,FLAC,257003
train,6097,ivr_00196.wav,ivr_#.wav,ivr,16000,1,10.0,WAV,320044
train,6098,00f4ce07-85e0-4d1c-b2f7-159912af15fd.flac,#f#ce#-#e#-#d#c-b#f#-#af#fd.flac,ivr,16000,1,7.96,FLAC,179561
train,6099,response_27.wav,response_#.wav,human,8000,1,2.87925,WAV,23092
train,6100,198e3110-0452-487f-9836-1eb839ed7740.flac,#e#-#-#f-#-#eb#ed#.flac,answering_machine,16000,1,4.964,FLAC,107613
train,6101,complete_a6760415-1f11-469f-9884-93acb7cfc0bc_normalized.flac,complete_a#-#f#-#f-#-#acb#cfc#bc_normalized.flac,human,16000,1,7.45175,FLAC,141996
train,6102,incomplete_4451d722-d17d-4960-891a-d06ac3d3bbec_normalized.flac,incomplete_#d#-d#d-#-#a-d#ac#d#bbec_normalized.flac,human,16000,1,3.561875,FLAC,66700
train,6103,carrier_en_voicemail_00454.wav,carrier_en_voicemail_#.wav,voicemail,16000,1,10.0,WAV,320044
train,6104,60268f18dc3604f481bcb835.wav,#f#dc#f#bcb#.wav,human,8000,1,2.986625,WAV,23952
train,6105,134ce83b-7fbe-400c-b71e-b3d9c8a9f06e.flac,#ce#b-#fbe-#c-b#e-b#d#c#a#f#e.flac,answering_machine,16000,1,3.7989375,FLAC,53182
train,6106,036e09ae-cd06-4071-90e4-67d33354be52.flac,#e#ae-cd#-#-#e#-#d#be#.flac,voicemail,16000,1,3.871,FLAC,56776
train,6107,02951554-1d86-437a-8a6c-c772ec10ded5.flac,#-#d#-#a-#a#c-c#ec#ded#.flac,ivr,16000,1,7.08,FLAC,119606
train,6108,16a3059f-1181-4e0b-8b06-66d8e4a685bb.flac,#a#f-#-#e#b-#b#-#d#e#a#bb.flac,voicemail,16000,1,7.5464375,FLAC,128621
train,6109,voicemail_00383.wav,voicemail_#.wav,voicemail,16000,1,8.6239375,WAV,276010
train,6110,ivr_00214.wav,ivr_#.wav,ivr,16000,1,7.944,WAV,254252
train,6111,0db08030-278f-4609-b2bb-1f7f887b0f8f.flac,#db#-#f-#-b#bb-#f#f#b#f#f.flac,answering_machine,16000,1,6.741375,FLAC,139408
train,6112,0e8edb96-51be-4358-857d-5e9ee0da8ddd.flac,#e#edb#-#be-#-#d-#e#ee#da#ddd.flac,voicemail,16000,1,10.6336875,FLAC,210461
train,6113,am_00076.wav,am_#.wav,answering_machine,16000,1,10.0,WAV,320044
train,6114,am_00052.wav,am_#.wav,answering_machine,16000,1,10.0,WAV,320044
train,6115,02b10c58-a7ce-4384-8811-bbfebf098ba8.flac,#b#c#-a#ce-#-#-bbfebf#ba#.flac,ivr,16000,1,3.88,FLAC,84620
train,6116,0f0a8135-b222-43c0-95c7-cd60e1cb3603.flac,#f#a#-b#-#c#-#c#-cd#e#cb#.flac,voicemail,16000,1,11.9149375,FLAC,211186
train,6117,voicemail_00154.wav,voicemail_#.wav,voicemail,16000,1,10.0,WAV,320044
train,6118,0216471e-c29d-4d06-9ecd-928f313b2238.flac,#e-c#d-#d#-#ecd-#f#b#.flac,ivr,16000,1,3.84,FLAC,77500
train,6119,complete_ae17001c-8c0f-4439-bd5e-3c76186270f0_normalized.flac,complete_ae#c-#c#f-#-bd#e-#c#f#_normalized.flac,human,16000,1,3.408125,FLAC,75666
train,6120,response_18.wav,response_#.wav,human,8000,1,23.637375,WAV,189158
train,6121,60266486dc3604f481bcb443.wav,#dc#f#bcb#.wav,human,8000,1,16.042625,WAV,128400
train,6122,196d48d3-c54c-47d9-b155-f2bfd57dd990.flac,#d#d#-c#c-#d#-b#-f#bfd#dd#.flac,voicemail,16000,1,11.673625,FLAC,234613
train,6123,10f1bfbb-f62b-496f-a69f-c3137a24658b.flac,#f#bfbb-f#b-#f-a#f-c#a#b.flac,answering_machine,16000,1,4.271375,FLAC,65303
train,6124,carrier_en_human_00400.wav,carrier_en_human_#.wav,human,16000,1,2.328,WAV,74540
train,6125,60266517dc3604f481bcb4c2.wav,#dc#f#bcb#c#.wav,human,8000,1,6.485375,WAV,51942
train,6126,185d2fbc-493b-461c-aeb3-98e8b10fdec4.flac,#d#fbc-#b-#c-aeb#-#e#b#fdec#.flac,voicemail,16000,1,3.75,FLAC,65658
train,6127,carrier_es_ivr_00233.wav,carrier_es_ivr_#.wav,ivr,16000,1,9.552,WAV,305708
train,6128,human_real_00112.wav,human_real_#.wav,human,16000,1,3.328,WAV,106540
train,6129,ivr_00055.wav,ivr_#.wav,ivr,16000,1,9.0,WAV,288044
train,6130,00058036-56ee-411f-9c3b-cfb6c3de6215.flac,#-#ee-#f-#c#b-cfb#c#de#.flac,ivr,16000,1,11.0,FLAC,237780
train,6131,014b7b81-aa38-4f51-93de-5745e95d58c4.flac,#b#b#-aa#-#f#-#de-#e#d#c#.flac,voicemail,16000,1,2.0385625,FLAC,29959
train,6132,00cf781b-f7c3-4143-9e81-0687f6ab3e39.flac,#cf#b-f#c#-#-#e#-#f#ab#e#.flac,ivr,16000,1,7.12,FLAC,131790
train,6133,1c8122cf-9612-4e1d-9375-bb88e9b33142.flac,#c#cf-#-#e#d-#-bb#e#b#.flac,answering_machine,16000,1,10.5260625,FLAC,232500
train,6134,036e161d-abe3-4844-836a-4dba8987aa6f.flac,#e#d-abe#-#-#a-#dba#aa#f.flac,ivr,16000,1,6.16,FLAC,130110
train,6135,01881f41-9aca-474e-ae0f-fff385b71e57.flac,#f#-#aca-#e-ae#f-fff#b#e#.flac,ivr,16000,1,8.12,FLAC,169522
train,6136,0dd08a8f-8a81-4e3c-9663-26ef37b23779.flac,#dd#a#f-#a#-#e#c-#-#ef#b#.flac,voicemail,16000,1,11.8215,FLAC,235433
train,6137,incomplete_2435a4a2-3146-4114-9571-f26dc88690fa_normalized.flac,incomplete_#a#a#-#-#-#-f#dc#fa_normalized.flac,human,16000,1,4.1990625,FLAC,87091
train,6138,voicemail_00248.wav,voicemail_#.wav,voicemail,16000,1,8.2631875,WAV,264466
train,6139,18ceaec5-0661-48c4-975a-370e44ec90d7.flac,#ceaec#-#-#c#-#a-#e#ec#d#.flac,answering_machine,16000,1,12.1921875,FLAC,248877
train,6140,ivr_00167.wav,ivr_#.wav,ivr,16000,1,10.0,WAV,320044
train,6141,human_real_00031.wav,human_real_#.wav,human,16000,1,4.352,WAV,139308
train,6142,voicemail_00051.wav,voicemail_#.wav,voicemail,16000,1,6.7573125,WAV,216278
train,6143,01e23e05-453f-4143-9976-bc45ab3d99fd.flac,#e#e#-#f-#-#-bc#ab#d#fd.flac,ivr,16000,1,5.88,FLAC,116492
train,6144,1e4b81b4-afb4-490c-a3c2-a0e6a19d0964.flac,#e#b#b#-afb#-#c-a#c#-a#e#a#d#.flac,answering_machine,16000,1,7.4858125,FLAC,134215
train,6145,response_31.wav,response_#.wav,human,8000,1,4.522625,WAV,36240
train,6146,complete_0af4216b-a513-49f1-937c-bdf6a0e6f4e1_normalized.flac,complete_#af#b-a#-#f#-#c-bdf#a#e#f#e#_normalized.flac,human,16000,1,5.36625,FLAC,108387
train,6147,00854951-8a9c-40b2-8f12-a7772e41d005.flac,#-#a#c-#b#-#f#-a#e#d#.flac,ivr,16000,1,5.6,FLAC,112964
train,6148,04237d9f-b2a9-4521-908f-6945ee931c7c.flac,#d#f-b#a#-#-#f-#ee#c#c.flac,voicemail,16000,1,4.51625,FLAC,84205
train,6149,0f393b4c-5069-4665-bef6-96f23daaca75.flac,#f#b#c-#-#-bef#-#f#daaca#.flac,answering_machine,16000,1,7.168,FLAC,142561
train,6150,06b8ef29-3035-4c2d-a8d4-9978af2ad979.flac,#b#ef#-#-#c#d-a#d#-#af#ad#.flac,answering_machine,16000,1,10.069375,FLAC,200797
train,6151,carrier_fr_human_00000.wav,carrier_fr_human_#.wav,human,16000,1,2.016,WAV,64556
train,6152,018419f7-c764-48c9-94dc-4cd15f51e9a6.flac,#f#-c#-#c#-#dc-#cd#f#e#a#.flac,voicemail,16000,1,12.4878125,FLAC,270727
train,6153,02ac129c-361e-4be0-8321-b8ec36070b64.flac,#ac#c-#e-#be#-#-b#ec#b#.flac,ivr,16000,1,8.64,FLAC,180785
train,6154,02ce81d6-3af9-4b3f-94ad-e7fb74961269.flac,#ce#d#-#af#-#b#f-#ad-e#fb#.flac,ivr,16000,1,8.28,FLAC,147203
train,6155,CA489e69d088fb9d79300217938cb097c9_0.wav,CA#e#d#fb#d#cb#c#_#.wav,human,8000,1,6.32,WAV,50618
train,6156,185d4829-07d1-4251-b660-ffce55470278.flac,#d#-#d#-#-b#-ffce#.flac,answering_machine,16000,1,6.8266875,FLAC,151739
train,6157,602badc4bb1e6d0fbce92211.wav,#badc#bb#e#d#fbce#.wav,human,8000,1,3.584,WAV,28730
train,6158,00547fa8-218e-4b26-a63d-e0996dc616a1.flac,#fa#-#e-#b#-a#d-e#dc#a#.flac,ivr,16000,1,4.12,FLAC,77019
train,6159,00299c83-1bcd-4c0c-974f-92db6698a73d.flac,#c#-#bcd-#c#c-#f-#db#a#d.flac,ivr,16000,1,9.68,FLAC,185756
train,6160,complete_a488aff2-2611-4b4a-8427-437953b7aa8b_normalized.flac,complete_a#aff#-#-#b#a-#-#b#aa#b_normalized.flac,human,16000,1,4.6125,FLAC,94218
train,6161,005e6fdc-d130-48dd-8351-9e002fa987fd.flac,#e#fdc-d#-#dd-#-#e#fa#fd.flac,ivr,16000,1,9.16,FLAC,163808
train,6162,fr_ivr_00169.wav,fr_ivr_#.wav,ivr,16000,1,9.096,WAV,291116
train,6163,005293ec-f8b8-4851-bb28-51b604542257.flac,#ec-f#b#-#-bb#-#b#.flac,answering_machine,16000,1,3.9229375,FLAC,78704
train,6164,ivr_00391.wav,ivr_#.wav,ivr,16000,1,10.0,WAV,320044
train,6165,CA5957bfbe5945c436a60f52031cb570c4_0.wav,CA#bfbe#c#a#f#cb#c#_#.wav,human,8000,1,19.76,WAV,158138
train,6166,18fd7a0c-8cf1-4855-8d3d-68c59d317bbe.flac,#fd#a#c-#cf#-#-#d#d-#c#d#bbe.flac,answering_machine,16000,1,8.448,FLAC,177295
train,6167,human_real_00005.wav,human_real_#.wav,human,16000,1,4.551125,WAV,145680
train,6168,voicemail_00002.wav,voicemail_#.wav,voicemail,16000,1,7.496875,WAV,239944
train,6169,07fea805-a0ff-431f-b21a-9bd196282495.flac,#fea#-a#ff-#f-b#a-#bd#.flac,answering_machine,16000,1,4.4968125,FLAC,91493
train,6170,incomplete_0cad1dd6-e07c-4eb2-9331-29011a5edc6b_normalized.flac,incomplete_#cad#dd#-e#c-#eb#-#-#a#edc#b_normalized.flac,human,16000,1,3.5146875,FLAC,68629
train,6171,014e1718-a84b-485f-bed7-6f641ea279cb.flac,#e#-a#b-#f-bed#-#f#ea#cb.flac,ivr,16000,1,2.56,FLAC,52993
train,6172,am_00392.wav,am_#.wav,answering_machine,16000,1,9.034625,WAV,289152
train,6173,incomplete_489b2980-e7cd-4127-b379-75f9937da42f_normalized.flac,incomplete_#b#-e#cd-#-b#-#f#da#f_normalized.flac,human,16000,1,7.58,FLAC,126378
train,6174,04b58836-1dba-4d7b-afe2-5df52844fd10.flac,#b#-#dba-#d#b-afe#-#df#fd#.flac,answering_machine,16000,1,8.789375,FLAC,185665
train,6175,0d1599f5-4482-47f5-bc76-41ae324fe0c4.flac,#d#f#-#-#f#-bc#-#ae#fe#c#.flac,answering_machine,16000,1,11.5886875,FLAC,224424
train,6176,02150503-0491-4f7d-ac70-ca914a45a066.flac,#-#-#f#d-ac#-ca#a#a#.flac,ivr,16000,1,14.84,FLAC,259829
train,6177,es_am_00375.wav,es_am_#.wav,answering_machine,16000,1,8.97,WAV,287084
train,6178,1155b499-d725-41d6-bcda-8871530d8cae.flac,#b#-d#-#d#-bcda-#d#cae.flac,answering_machine,16000,1,8.5666875,FLAC,182008
train,6179,0180eae4-844b-4f28-97a6-2bd9a7f8dfc7.flac,#eae#-#b-#f#-#a#-#bd#a#f#dfc#.flac,ivr,16000,1,5.76,FLAC,110383
train,6180,14f28f9f-2f59-411e-965b-61e5289db1e8.flac,#f#f#f-#f#-#e-#b-#e#db#e#.flac,voicemail,16000,1,3.5990625,FLAC,61038
train,6181,0097181d-2184-4a50-82da-ffd7c7561276.flac,#d-#-#a#-#da-ffd#c#.flac,ivr,16000,1,6.68,FLAC,137895
train,6182,complete_b7369282-7142-4c86-87d7-46e555612815_normalized.flac,complete_b#-#-#c#-#d#-#e#_normalized.flac,human,16000,1,3.206875,FLAC,67763
train,6183,00340f5e-55fb-4432-a32f-503d9a4fadcc.flac,#f#e-#fb-#-a#f-#d#a#fadcc.flac,voicemail,16000,1,8.8114375,FLAC,182180
train,6184,incomplete_72a4332e-8f69-4edb-b8a8-c77443b4b314_normalized.flac,incomplete_#a#e-#f#-#edb-b#a#-c#b#b#_normalized.flac,human,16000,1,3.735625,FLAC,85471
train,6185,incomplete_d06b8c8fff5e407bab6bfbb23597597e.flac,incomplete_d#b#c#fff#e#bab#bfbb#e.flac,human,16000,1,3.348875,FLAC,43937
train,6186,0605c3fb-b293-4cbc-84c8-53d2fc5fa300.flac,#c#fb-b#-#cbc-#c#-#d#fc#fa#.flac,voicemail,16000,1,2.464,FLAC,47303
train,6187,028b126b-7438-4da0-9b97-20902fcff5a3.flac,#b#b-#-#da#-#b#-#fcff#a#.flac,voicemail,16000,1,12.6395,FLAC,276824
train,6188,1b8acf8c-7f0b-401e-81e7-7f1c1e28dc31.flac,#b#acf#c-#f#b-#e-#e#-#f#c#e#dc#.flac,voicemail,16000,1,3.7,FLAC,79168
train,6189,0211d8f3-3f9a-4773-8e96-6964a5ea41b7.flac,#d#f#-#f#a-#-#e#-#a#ea#b#.flac,ivr,16000,1,4.96,FLAC,103564
train,6190,0c0e0244-ef7c-474a-bf1c-2dab397fb23c.flac,#c#e#-ef#c-#a-bf#c-#dab#fb#c.flac,answering_machine,16000,1,11.2965,FLAC,232829
train,6191,07dbaf57-fe23-4331-9e5f-21256aefe7a1.flac,#dbaf#-fe#-#-#e#f-#aefe#a#.flac,answering_machine,16000,1,3.669375,FLAC,83906
train,6192,00d7d5fe-4faf-447f-80cc-c51a5ca20d9a.flac,#d#d#fe-#faf-#f-#cc-c#a#ca#d#a.flac,answering_machine,16000,1,14.32425,FLAC,283739
train,6193,ivr_00341.wav,ivr_#.wav,ivr,16000,1,7.944,WAV,254252
train,6194,response_10.wav,response_#.wav,human,8000,1,13.568,WAV,108602
train,6195,carrier_en_answering_machine_00512.wav,carrier_en_answering_machine_#.wav,answering_machine,16000,1,10.0,WAV,320044
train,6196,02719d8f-942c-4aba-97fb-d26fdf60f91c.flac,#d#f-#c-#aba-#fb-d#fdf#f#c.flac,ivr,16000,1,8.2,FLAC,157002
train,6197,0163f65f-b577-4689-863c-b94a659903e2.flac,#f#f-b#-#-#c-b#a#e#.flac,voicemail,16000,1,11.3704375,FLAC,211076
train,6198,ivr_00051.wav,ivr_#.wav,ivr,16000,1,10.0,WAV,320044
train,6199,03c19f63-e43e-419c-9a50-8dc99c5f5ea6.flac,#c#f#-e#e-#c-#a#-#dc#c#f#ea#.flac,answering_machine,16000,1,4.92475,FLAC,84886
train,6200,027dd3c6-6273-4158-8534-dacf0455a321.flac,#dd#c#-#-#-#-dacf#a#.flac,ivr,16000,1,6.32,FLAC,139458
train,6201,60268f25c7abb7f832138bc6.wav,#f#c#abb#f#bc#.wav,human,8000,1,6.78025,WAV,54300
train,6202,135f2ae0-776f-4891-a0fc-ab5db2ae05fd.flac,#f#ae#-#f-#-a#fc-ab#db#ae#fd.flac,answering_machine,16000,1,9.9960625,FLAC,234412
train,6203,14ffee7c-f1c4-46c2-87ba-bad73e5f211d.flac,#ffee#c-f#c#-#c#-#ba-bad#e#f#d.flac,answering_machine,16000,1,5.0244375,FLAC,102385
train,6204,carrier_es_answering_machine_00265.wav,carrier_es_answering_machine_#.wav,answering_machine,16000,1,8.7789375,WAV,280970
train,6205,1a2923c5-5717-4e4e-82bd-f7124af175f3.flac,#a#c#-#-#e#e-#bd-f#af#f#.flac,answering_machine,16000,1,3.925375,FLAC,87903
train,6206,0270bfcc-d003-479b-aa9e-116b98c37c96.flac,#bfcc-d#-#b-aa#e-#b#c#c#.flac,answering_machine,16000,1,8.277375,FLAC,168284
train,6207,complete_591afe7f-d4db-4e30-b795-a9bd561d9e02_normalized.flac,complete_#afe#f-d#db-#e#-b#-a#bd#d#e#_normalized.flac,human,16000,1,2.171875,FLAC,42501
train,6208,incomplete_755dd0a2-0357-40c6-ba0e-66d0374596f5_normalized.flac,incomplete_#dd#a#-#-#c#-ba#e-#d#f#_normalized.flac,human,16000,1,3.475,FLAC,61928
train,6209,08195865-3fb6-4f28-a57a-9bf207dff544.flac,#-#fb#-#f#-a#a-#bf#dff#.flac,voicemail,16000,1,8.0340625,FLAC,144714
train,6210,058e4b67-4969-4f3e-9c7d-ee674332ecdf.flac,#e#b#-#-#f#e-#c#d-ee#ecdf.flac,answering_machine,16000,1,4.2758125,FLAC,64490
train,6211,1bad5efd-c6ee-4f50-84fe-ee3c992967f6.flac,#bad#efd-c#ee-#f#-#fe-ee#c#f#.flac,voicemail,16000,1,5.189625,FLAC,107372
train,6212,am_00285.wav,am_#.wav,answering_machine,16000,1,10.0,WAV,320044
train,6213,complete_e7c8e9fe-a0d0-445c-be77-c89e37c1208a_normalized.flac,complete_e#c#e#fe-a#d#-#c-be#-c#e#c#a_normalized.flac,human,16000,1,3.161375,FLAC,65028
train,6214,003ff3c2-43c1-42b3-a36d-39d1386734f1.flac,#ff#c#-#c#-#b#-a#d-#d#f#.flac,ivr,16000,1,5.8,FLAC,105182
train,6215,1b702293-696a-45ed-a210-2cf5d04d9689.flac,#b#-#a-#ed-a#-#cf#d#d#.flac,voicemail,16000,1,4.39975,FLAC,74071
train,6216,ivr_00046.wav,ivr_#.wav,ivr,16000,1,10.0,WAV,320044
train,6217,ivr_00371.wav,ivr_#.wav,ivr,16000,1,9.72,WAV,311084
train,6218,01aa6bca-4f6e-40ce-8005-a52e0b42874b.flac,#aa#bca-#f#e-#ce-#-a#e#b#b.flac,ivr,16000,1,5.68,FLAC,106119
train,6219,0203d705-cf53-4f31-8f21-594a93435121.flac,#d#-cf#-#f#-#f#-#a#.flac,ivr,16000,1,7.6,FLAC,135678
train,6220,complete_ab9569fe-b1a0-4bac-a8e8-634b4de50f42_normalized.flac,complete_ab#fe-b#a#-#bac-a#e#-#b#de#f#_normalized.flac,human,16000,1,2.1035,FLAC,42059
train,6221,1b8c760b-f8a3-418f-9fd4-5a9747fc81b2.flac,#b#c#b-f#a#-#f-#fd#-#a#fc#b#.flac,answering_machine,16000,1,10.449125,FLAC,206620
train,6222,00382414-c2e6-404e-b8dd-c511b4fade13.flac,#-c#e#-#e-b#dd-c#b#fade#.flac,ivr,16000,1,6.88,FLAC,154293
train,6223,02f8c474-c094-4e47-b9af-e9994ffe064c.flac,#f#c#-c#-#e#-b#af-e#ffe#c.flac,voicemail,16000,1,14.9579375,FLAC,334310
train,6224,0efba258-8b8c-40e2-9d33-f6d2418485e2.flac,#efba#-#b#c-#e#-#d#-f#d#e#.flac,voicemail,16000,1,6.2065,FLAC,122963
train,6225,0968352c-177d-43db-a268-7f2f4a1d377a.flac,#c-#d-#db-a#-#f#f#a#d#a.flac,voicemail,16000,1,7.7246875,FLAC,167027
train,6226,complete_f7a69caa-5813-4848-a245-3e4eccb7c366_normalized.flac,complete_f#a#caa-#-#-a#-#e#eccb#c#_normalized.flac,human,16000,1,8.94375,FLAC,171482
train,6227,00509fad-a137-4f99-87d8-1dbcb62e0d53.flac,#fad-a#-#f#-#d#-#dbcb#e#d#.flac,ivr,16000,1,8.04,FLAC,164879
train,6228,incomplete_456b2834-34ff-4311-8f5a-ac9d28cfb848_normalized.flac,incomplete_#b#-#ff-#-#f#a-ac#d#cfb#_normalized.flac,human,16000,1,4.778125,FLAC,93242
train,6229,055a85e4-b957-45f2-b939-d7e0715f8ce3.flac,#a#e#-b#-#f#-b#-d#e#f#ce#.flac,answering_machine,16000,1,4.5736875,FLAC,86721
train,6230,0ab48886-c1d9-4eb5-8b02-3c2cf3b249d2.flac,#ab#-c#d#-#eb#-#b#-#c#cf#b#d#.flac,voicemail,16000,1,12.9713125,FLAC,248076
train,6231,human_tts_00166.wav,human_tts_#.wav,human,16000,1,1.824,WAV,58412
train,6232,072e2362-0569-478a-ace3-f6b4b183d42f.flac,#e#-#-#a-ace#-f#b#b#d#f.flac,answering_machine,16000,1,3.604,FLAC,80147
train,6233,6026670bc7abb7f83213857e.wav,#bc#abb#f#e.wav,human,8000,1,15.872,WAV,127034
train,6234,1780ce80-d979-4a9a-91ea-8d4c4076aa6b.flac,#ce#-d#-#a#a-#ea-#d#c#aa#b.flac,answering_machine,16000,1,11.740125,FLAC,207382
train,6235,1472070b-a5c7-48d6-b13b-11263b38876f.flac,#b-a#c#-#d#-b#b-#b#f.flac,voicemail,16000,1,11.63375,FLAC,207136
train,6236,60268f0ac7abb7f832138b95.wav,#f#ac#abb#f#b#.wav,human,8000,1,11.861375,WAV,94950
train,6237,1bc2248a-f001-43e8-9503-fbb5ba989d00.flac,#bc#a-f#-#e#-#-fbb#ba#d#.flac,answering_machine,16000,1,5.461375,FLAC,102683
train,6238,01d52114-4048-4954-9399-01ecf73347bf.flac,#d#-#-#-#-#ecf#bf.flac,ivr,16000,1,7.84,FLAC,144860
train,6239,carrier_fr_human_00010.wav,carrier_fr_human_#.wav,human,16000,1,2.856,WAV,91436
train,6240,014f3da0-8351-48b4-b1c8-4b399570950b.flac,#f#da#-#-#b#-b#c#-#b#b.flac,ivr,16000,1,5.08,FLAC,90837
train,6241,02048434-4bf9-44a6-aacb-2deab0eec3d8.flac,#-#bf#-#a#-aacb-#deab#eec#d#.flac,ivr,16000,1,11.32,FLAC,208682
train,6242,0051d062-4f45-404b-a7e1-06b03b77376e.flac,#d#-#f#-#b-a#e#-#b#b#e.flac,answering_machine,16000,1,10.3798125,FLAC,229629
train,6243,11b973b8-ef49-4f63-b17d-2950e70bb741.flac,#b#b#-ef#-#f#-b#d-#e#bb#.flac,answering_machine,16000,1,9.161625,FLAC,151450
train,6244,de_human_real_00421.wav,de_human_real_#.wav,human,16000,1,10.0,WAV,320044
train,6245,human_tts_00190.wav,human_tts_#.wav,human,16000,1,2.448,WAV,78380
train,6246,018ad167-b21b-45ce-b279-3aec5ad7f8dc.flac,#ad#-b#b-#ce-b#-#aec#ad#f#dc.flac,voicemail,16000,1,3.417125,FLAC,63947
train,6247,14d40b37-bf47-4eb1-924f-1921665f65e7.flac,#d#b#-bf#-#eb#-#f-#f#e#.flac,voicemail,16000,1,14.2845,FLAC,304726
train,6248,00fcf45c-d899-459c-8f85-70d43c86d56e.flac,#fcf#c-d#-#c-#f#-#d#c#d#e.flac,ivr,16000,1,9.16,FLAC,175329
train,6249,carrier_fr_voicemail_00084.wav,carrier_fr_voicemail_#.wav,voicemail,16000,1,10.0,WAV,320044
train,6250,04b90378-fbc9-499a-877d-6299a089c407.flac,#b#-fbc#-#a-#d-#a#c#.flac,answering_machine,16000,1,4.354875,FLAC,56738
train,6251,complete_3a232ac4-8116-4ece-8d9e-09228f12f425_normalized.flac,complete_#a#ac#-#-#ece-#d#e-#f#f#_normalized.flac,human,16000,1,4.78,FLAC,75077
train,6252,02db6706-5f7a-453d-88c4-c713b62ac1b2.flac,#db#-#f#a-#d-#c#-c#b#ac#b#.flac,ivr,16000,1,2.32,FLAC,49674
train,6253,034eff5a-b8d3-41ff-9f6e-e599b2c2bc68.flac,#eff#a-b#d#-#ff-#f#e-e#b#c#bc#.flac,ivr,16000,1,5.96,FLAC,117958
train,6254,028c0754-bc14-4083-a282-9084f734a0b4.flac,#c#-bc#-#-a#-#f#a#b#.flac,ivr,16000,1,14.72,FLAC,298403
train,6255,1d7b298e-9654-45c6-9c40-03c5d838352a.flac,#d#b#e-#-#c#-#c#-#c#d#a.flac,answering_machine,16000,1,13.4156875,FLAC,258915
train,6256,am_00027.wav,am_#.wav,answering_machine,16000,1,9.8901875,WAV,316530
train,6257,001b6960-71bf-40e0-ac2a-747bb8ae0578.flac,#b#-#bf-#e#-ac#a-#bb#ae#.flac,ivr,16000,1,8.72,FLAC,174617
train,6258,06584d6f-dac5-4295-b0ff-032966f208e5.flac,#d#f-dac#-#-b#ff-#f#e#.flac,answering_machine,16000,1,12.4964375,FLAC,249048
train,6259,am_00186.wav,am_#.wav,answering_machine,16000,1,10.0,WAV,320044
train,6260,carrier_de_ivr_00363.wav,carrier_de_ivr_#.wav,ivr,16000,1,7.872,WAV,251948
train,6261,carrier_fr_human_00028.wav,carrier_fr_human_#.wav,human,16000,1,3.888,WAV,124460
train,6262,incomplete_b6556bb2-fe92-4803-b18b-80e310967174_normalized.flac,incomplete_b#bb#-fe#-#-b#b-#e#_normalized.flac,human,16000,1,6.1013125,FLAC,123313
train,6263,voicemail_00007.wav,voicemail_#.wav,voicemail,16000,1,9.742,WAV,311788
train,6264,12852a9f-b10c-41fa-b10e-a19529647cf2.flac,#a#f-b#c-#fa-b#e-a#cf#.flac,answering_machine,16000,1,11.7881875,FLAC,209567
train,6265,03b60c5c-6fdb-459a-988a-b37d2fcee89b.flac,#b#c#c-#fdb-#a-#a-b#d#fcee#b.flac,voicemail,16000,1,1.428,FLAC,23726
train,6266,1a8c7a80-8f13-4c26-8a7e-c320485a1118.flac,#a#c#a#-#f#-#c#-#a#e-c#a#.flac,voicemail,16000,1,11.327625,FLAC,244812
train,6267,028cc13a-67f1-4fea-b59e-2d9e847e6785.flac,#cc#a-#f#-#fea-b#e-#d#e#e#.flac,ivr,16000,1,8.76,FLAC,187283
train,6268,60269102c421a821df7c18fe.wav,#c#a#df#c#fe.wav,human,8000,1,3.157375,WAV,25318
train,6269,0f796d34-a3d9-4cf6-a84c-a79fbeea5542.flac,#f#d#-a#d#-#cf#-a#c-a#fbeea#.flac,answering_machine,16000,1,5.5455625,FLAC,95344
train,6270,0d7eea02-6515-43eb-9349-96ba7f1905d2.flac,#d#eea#-#-#eb-#-#ba#f#d#.flac,answering_machine,16000,1,16.0,FLAC,285706
train,6271,de_am_00528.wav,de_am_#.wav,answering_machine,16000,1,10.0,WAV,320044
train,6272,complete_3bf6c628-edf3-4ca3-b752-972164fe1db1_normalized.flac,complete_#bf#c#-edf#-#ca#-b#-#fe#db#_normalized.flac,human,16000,1,2.421375,FLAC,56442
train,6273,0174ff5d-eb57-4a65-9c11-fac2fc0e18fc.flac,#ff#d-eb#-#a#-#c#-fac#fc#e#fc.flac,answering_machine,16000,1,8.833125,FLAC,132398
train,6274,ivr_00349.wav,ivr_#.wav,ivr,16000,1,10.0,WAV,320044
train,6275,1528b23f-7b7b-4258-b305-4bfb5dcee186.flac,#b#f-#b#b-#-b#-#bfb#dcee#.flac,answering_machine,16000,1,12.3546875,FLAC,238443
train,6276,019cd695-2427-4edb-92f6-e2fab5a29682.flac,#cd#-#-#edb-#f#-e#fab#a#.flac,ivr,16000,1,7.72,FLAC,150915
train,6277,human_tts_00012.wav,human_tts_#.wav,human,16000,1,2.64,WAV,84524
train,6278,voicemail_00070.wav,voicemail_#.wav,voicemail,16000,1,10.0,WAV,320044
train,6279,00dbdece-1634-4e19-8d0f-f830e435b06b.flac,#dbdece-#-#e#-#d#f-f#e#b#b.flac,ivr,16000,1,10.84,FLAC,230129
train,6280,0bc896cf-0724-4acb-b9be-91eb5d5aa858.flac,#bc#cf-#-#acb-b#be-#eb#d#aa#.flac,answering_machine,16000,1,8.6186875,FLAC,175245
train,6281,60268b37c7abb7f8321388bf.wav,#b#c#abb#f#bf.wav,human,8000,1,13.653375,WAV,109286
train,6282,response_15.wav,response_#.wav,human,8000,1,3.754625,WAV,30096
train,6283,02696a4f-988d-4ee9-92a2-4a14d62ef7ed.flac,#a#f-#d-#ee#-#a#-#a#d#ef#ed.flac,ivr,16000,1,15.4,FLAC,327407
train,6284,carrier_fr_ivr_00104.wav,carrier_fr_ivr_#.wav,ivr,16000,1,7.584,WAV,242732
train,6285,0229f0f8-1554-445e-9c8d-4c4b239fa444.flac,#f#f#-#-#e-#c#d-#c#b#fa#.flac,ivr,16000,1,7.4,FLAC,138294
train,6286,ivr_00157.wav,ivr_#.wav,ivr,16000,1,10.0,WAV,320044
train,6287,173ca00a-9977-443b-a92f-396a4ddb9564.flac,#ca#a-#-#b-a#f-#a#ddb#.flac,answering_machine,16000,1,9.675125,FLAC,187020
train,6288,1a081b4d-5427-4778-a089-4a26674e79a3.flac,#a#b#d-#-#-a#-#a#e#a#.flac,voicemail,16000,1,14.936125,FLAC,303941
train,6289,complete_ee67fe93-058f-4034-b555-12a93e7e9a3b_normalized.flac,complete_ee#fe#-#f-#-b#-#a#e#e#a#b_normalized.flac,human,16000,1,3.725875,FLAC,80238
train,6290,1c3cdd0a-4c7d-4e2b-85be-fbe83ff19b45.flac,#c#cdd#a-#c#d-#e#b-#be-fbe#ff#b#.flac,answering_machine,16000,1,11.232875,FLAC,225432
train,6291,complete_9ea22247-19e7-4e12-b34a-82443b6292a5_normalized.flac,complete_#ea#-#e#-#e#-b#a-#b#a#_normalized.flac,human,16000,1,6.04125,FLAC,121304
train,6292,voicemail_00358.wav,voicemail_#.wav,voicemail,16000,1,8.240875,WAV,263752
train,6293,04d11947-2e5f-4540-bd7f-5c5f6e6d688f.flac,#d#-#e#f-#-bd#f-#c#f#e#d#f.flac,answering_machine,16000,1,11.6696875,FLAC,196515
train,6294,11a73132-b295-4e4a-9b09-84f99fe75a6e.flac,#a#-b#-#e#a-#b#-#f#fe#a#e.flac,voicemail,16000,1,10.9859375,FLAC,227241
train,6295,incomplete_f595f2c0-15e1-4dd6-b27b-19a0af89cce1_normalized.flac,incomplete_f#f#c#-#e#-#dd#-b#b-#a#af#cce#_normalized.flac,human,16000,1,5.0,FLAC,74711
train,6296,018c086a-2431-48d4-bbc2-523a4b7fa4f1.flac,#c#a-#-#d#-bbc#-#a#b#fa#f#.flac,ivr,16000,1,8.52,FLAC,152386
train,6297,09adf3bf-a2bf-4887-a1b6-1faea9078aa2.flac,#adf#bf-a#bf-#-a#b#-#faea#aa#.flac,voicemail,16000,1,6.4783125,FLAC,125377
train,6298,004a651d-38cd-44a2-9a23-befa3b90b794.flac,#a#d-#cd-#a#-#a#-befa#b#b#.flac,answering_machine,16000,1,11.6275625,FLAC,213538
train,6299,60268ba2c7abb7f83213890c.wav,#ba#c#abb#f#c.wav,human,8000,1,7.850625,WAV,62864
train,6300,human_real_00079.wav,human_real_#.wav,human,16000,1,5.57275,WAV,178372
train,6301,19310271-f717-44c7-824b-98abbdb2e881.flac,#-f#-#c#-#b-#abbdb#e#.flac,voicemail,16000,1,3.467625,FLAC,46420
train,6302,response_51.wav,response_#.wav,human,8000,1,16.384,WAV,131130
train,6303,0b9ea5f6-ac09-4847-ae1e-306f958f6e48.flac,#b#ea#f#-ac#-#-ae#e-#f#f#e#.flac,voicemail,16000,1,15.889,FLAC,307874
train,6304,carrier_en_answering_machine_00498.wav,carrier_en_answering_machine_#.wav,answering_machine,16000,1,9.10175,WAV,291300
train,6305,fr_am_00234.wav,fr_am_#.wav,answering_machine,16000,1,9.5200625,WAV,304686
train,6306,0ec85821-3350-46aa-be3b-60175faff84d.flac,#ec#-#-#aa-be#b-#faff#d.flac,answering_machine,16000,1,14.939375,FLAC,283935
train,6307,09aa28bb-7f2c-4422-8d64-cc96010a9913.flac,#aa#bb-#f#c-#-#d#-cc#a#.flac,voicemail,16000,1,14.7,FLAC,306531
train,6308,60268efbc7abb7f832138b77.wav,#efbc#abb#f#b#.wav,human,8000,1,5.546625,WAV,44432
train,6309,602ba350963e11ccd901cc71.wav,#ba#e#ccd#cc#.wav,human,8000,1,3.754625,WAV,30096
train,6310,042e091f-5283-4b8c-9bec-c7deb5751355.flac,#e#f-#-#b#c-#bec-c#deb#.flac,answering_machine,16000,1,9.8898125,FLAC,217987
train,6311,036ecfc9-0561-4e66-a549-77a337d1a3c3.flac,#ecfc#-#-#e#-a#-#a#d#a#c#.flac,ivr,16000,1,3.84,FLAC,74887
train,6312,0a27094e-ba6a-4c49-89a2-675612ce609d.flac,#a#e-ba#a-#c#-#a#-#ce#d.flac,voicemail,16000,1,3.625125,FLAC,78455
train,6313,human_tts_00081.wav,human_tts_#.wav,human,16000,1,2.904,WAV,92972
train,6314,ivr_00322.wav,ivr_#.wav,ivr,16000,1,10.0,WAV,320044
train,6315,carrier_es_answering_machine_00278.wav,carrier_es_answering_machine_#.wav,answering_machine,16000,1,9.35375,WAV,299364
train,6316,00dcb7a6-3640-4eda-a382-6a7c5f1706cd.flac,#dcb#a#-#-#eda-a#-#a#c#f#cd.flac,ivr,16000,1,9.16,FLAC,192731
train,6317,es_ivr_00355.wav,es_ivr_#.wav,ivr,16000,1,10.0,WAV,320044
train,6318,0fda9899-1398-44b2-ab76-0a489e2372b3.flac,#fda#-#-#b#-ab#-#a#e#b#.flac,voicemail,16000,1,16.0,FLAC,373476
train,6319,1d7ac6f3-c95a-4b44-b7df-cc91fc48668b.flac,#d#ac#f#-c#a-#b#-b#df-cc#fc#b.flac,voicemail,16000,1,13.716,FLAC,272541
train,6320,0021feb7-e9eb-42c8-91b3-8bed864e98de.flac,#feb#-e#eb-#c#-#b#-#bed#e#de.flac,ivr,16000,1,4.92,FLAC,100998
train,6321,carrier_de_ivr_00350.wav,carrier_de_ivr_#.wav,ivr,16000,1,10.0,WAV,320044
train,6322,0067288c-9e41-47f8-8073-9c9405f64254.flac,#c-#e#-#f#-#-#c#f#.flac,answering_machine,16000,1,4.7786875,FLAC,94598
train,6323,602b997e963e11ccd901cbb5.wav,#b#e#e#ccd#cbb#.wav,human,8000,1,9.386625,WAV,75152
train,6324,00849c05-79eb-4dd3-8fb5-e92f757fe227.flac,#c#-#eb-#dd#-#fb#-e#f#fe#.flac,answering_machine,16000,1,11.5973125,FLAC,230474
train,6325,response_3.wav,response_#.wav,human,8000,1,9.642625,WAV,77200
train,6326,01b94d80-53ad-44b8-a003-a7480edb8aa4.flac,#b#d#-#ad-#b#-a#-a#edb#aa#.flac,ivr,16000,1,9.68,FLAC,207227
train,6327,voicemail_00021.wav,voicemail_#.wav,voicemail,16000,1,9.800625,WAV,313664
train,6328,0163aa22-4636-4796-8b13-8675008dcba2.flac,#aa#-#-#-#b#-#dcba#.flac,ivr,16000,1,5.72,FLAC,121357
train,6329,carrier_de_voicemail_00335.wav,carrier_de_voicemail_#.wav,voicemail,16000,1,10.0,WAV,320044
train,6330,carrier_fr_ivr_00121.wav,carrier_fr_ivr_#.wav,ivr,16000,1,10.0,WAV,320044
train,6331,carrier_fr_human_00025.wav,carrier_fr_human_#.wav,human,16000,1,0.912,WAV,29228
train,6332,complete_11c32165-d8db-486f-9744-d1d9e45bfc42_normalized.flac,complete_#c#-d#db-#f-#-d#d#e#bfc#_normalized.flac,human,16000,1,5.38625,FLAC,102508
train,6333,023f3fca-026c-4d42-a9f3-91c40fc5dc02.flac,#f#fca-#c-#d#-a#f#-#c#fc#dc#.flac,ivr,16000,1,15.0,FLAC,331756
train,6334,018d8bf4-7e92-49d2-81de-5d97f78998c8.flac,#d#bf#-#e#-#d#-#de-#d#f#c#.flac,ivr,16000,1,4.64,FLAC,87805
train,6335,10a6d73e-18a1-41f4-bffe-56682b436e16.flac,#a#d#e-#a#-#f#-bffe-#b#e#.flac,voicemail,16000,1,16.0,FLAC,307421
train,6336,voicemail_00317.wav,voicemail_#.wav,voicemail,16000,1,8.3864375,WAV,268410
train,6337,incomplete_e6bd1ffd-d39e-42e9-b15f-8f4a593a8157_normalized.flac,incomplete_e#bd#ffd-d#e-#e#-b#f-#f#a#a#_normalized.flac,human,16000,1,5.52,FLAC,82013
train,6338,incomplete_f69619c8-5846-4c33-86e0-d5d372db8ac2_normalized.flac,incomplete_f#c#-#-#c#-#e#-d#d#db#ac#_normalized.flac,human,16000,1,4.0003125,FLAC,77000
train,6339,03574ba1-7173-427a-8320-dc926f02f5c1.flac,#ba#-#-#a-#-dc#f#f#c#.flac,ivr,16000,1,7.68,FLAC,131022
train,6340,complete_7f160f16-e96b-4e34-a48d-67086b57bf0d_normalized.flac,complete_#f#f#-e#b-#e#-a#d-#b#bf#d_normalized.flac,human,16000,1,2.527,FLAC,59701
train,6341,am_00264.wav,am_#.wav,answering_machine,16000,1,10.0,WAV,320044
train,6342,11d77ffa-af72-4aa4-937c-52e6c4cf9856.flac,#d#ffa-af#-#aa#-#c-#e#c#cf#.flac,voicemail,16000,1,14.9081875,FLAC,326468
train,6343,031dd11a-c6b5-49f0-88e3-1d2c49a8acce.flac,#dd#a-c#b#-#f#-#e#-#d#c#a#acce.flac,ivr,16000,1,8.6,FLAC,170384
train,6344,0b27a1ce-2f13-4e60-bac6-5acfee7de666.flac,#b#a#ce-#f#-#e#-bac#-#acfee#de#.flac,answering_machine,16000,1,4.4368125,FLAC,83845
train,6345,voicemail_00324.wav,voicemail_#.wav,voicemail,16000,1,10.0,WAV,320044
train,6346,06f5ed58-ccaa-4aa4-8606-aa5938eb23b2.flac,#f#ed#-ccaa-#aa#-#-aa#eb#b#.flac,voicemail,16000,1,12.2846875,FLAC,290061
train,6347,15a24894-803e-4a3e-bd15-93018536c796.flac,#a#-#e-#a#e-bd#-#c#.flac,voicemail,16000,1,10.762125,FLAC,210914
train,6348,complete_de965ef9-5047-42d3-808b-8cc14d44d073_normalized.flac,complete_de#ef#-#-#d#-#b-#cc#d#d#_normalized.flac,human,16000,1,3.59975,FLAC,76255
train,6349,am_00011.wav,am_#.wav,answering_machine,16000,1,8.9758125,WAV,287270
train,6350,01580eae-581c-4d27-b4e1-24bc9a02a7c2.flac,#eae-#c-#d#-b#e#-#bc#a#a#c#.flac,ivr,16000,1,3.32,FLAC,62362
train,6351,human_real_00145.wav,human_real_#.wav,human,16000,1,10.0,WAV,320044
train,6352,0845510b-1bcc-4a09-8990-5057b125ac72.flac,#b-#bcc-#a#-#-#b#ac#.flac,voicemail,16000,1,12.9524375,FLAC,248230
train,6353,carrier_fr_voicemail_00072.wav,carrier_fr_voicemail_#.wav,voicemail,16000,1,10.0,WAV,320044
train,6354,incomplete_e9a03769-b7e9-4020-acdb-991c53fae6eb_normalized.flac,incomplete_e#a#-b#e#-#-acdb-#c#fae#eb_normalized.flac,human,16000,1,8.51375,FLAC,162397
train,6355,ivr_00168.wav,ivr_#.wav,ivr,16000,1,9.576,WAV,306476
train,6356,human_real_00060.wav,human_real_#.wav,human,16000,1,5.973375,WAV,191192
train,6357,CA96abd2060705c7bf0efaf6b49758685a_0.wav,CA#abd#c#bf#efaf#b#a_#.wav,human,8000,1,9.06,WAV,72538
train,6358,human_tts_00127.wav,human_tts_#.wav,human,16000,1,0.936,WAV,29996
train,6359,human_real_00150.wav,human_real_#.wav,human,16000,1,5.802625,WAV,185728
train,6360,CA2eba5c350b1958b865a28507ffd11abf_2.wav,CA#eba#c#b#b#a#ffd#abf_#.wav,human,8000,1,8.42,WAV,67418
train,6361,15da1d81-f5e9-4b56-8c7e-7af6b588146c.flac,#da#d#-f#e#-#b#-#c#e-#af#b#c.flac,answering_machine,16000,1,11.736375,FLAC,228733
train,6362,0031982f-c6bc-44b0-82b6-949b2051e8e7.flac,#f-c#bc-#b#-#b#-#b#e#e#.flac,ivr,16000,1,9.8,FLAC,212370
train,6363,carrier_en_human_00398.wav,carrier_en_human_#.wav,human,16000,1,1.344,WAV,43052
train,6364,incomplete_0f72a742-fbc2-4ebf-a758-efe1b1cec70e_normalized.flac,incomplete_#f#a#-fbc#-#ebf-a#-efe#b#cec#e_normalized.flac,human,16000,1,4.69125,FLAC,90142
train,6365,voicemail_00185.wav,voicemail_#.wav,voicemail,16000,1,8.48425,WAV,271540
train,6366,voicemail_00254.wav,voicemail_#.wav,voicemail,16000,1,10.0,WAV,320044
train,6367,09babfee-9ba5-43b3-aabc-a0907b66135e.flac,#babfee-#ba#-#b#-aabc-a#b#e.flac,answering_machine,16000,1,7.25,FLAC,159801
train,6368,09b197e9-8370-4e0f-9b5d-13031b03ab53.flac,#b#e#-#-#e#f-#b#d-#b#ab#.flac,answering_machine,16000,1,13.815375,FLAC,257887
train,6369,fr_human_tts_00098.wav,fr_human_tts_#.wav,human,16000,1,3.912,WAV,125228
train,6370,60268e2bc7abb7f832138ad1.wav,#e#bc#abb#f#ad#.wav,human,8000,1,5.888,WAV,47162
train,6371,01063e98-e5c0-4793-81eb-ec68821cb737.flac,#e#-e#c#-#-#eb-ec#cb#.flac,ivr,16000,1,8.68,FLAC,178745
train,6372,voicemail_00342.wav,voicemail_#.wav,voicemail,16000,1,10.0,WAV,320044
train,6373,ivr_00367.wav,ivr_#.wav,ivr,16000,1,10.0,WAV,320044
train,6374,0c2f9455-4491-42af-a7da-9c2cf8eff7e4.flac,#c#f#-#-#af-a#da-#c#cf#eff#e#.flac,answering_machine,16000,1,10.7719375,FLAC,201552
train,6375,fr_human_real_00011.wav,fr_human_real_#.wav,human,16000,1,10.0,WAV,320044
train,6376,126c68f7-9133-47c6-9c23-f7aa2968dc7f.flac,#c#f#-#-#c#-#c#-f#aa#dc#f.flac,voicemail,16000,1,3.550125,FLAC,50938
train,6377,1b3818f1-eff7-412b-ab1b-486f1d1bd413.flac,#b#f#-eff#-#b-ab#b-#f#d#bd#.flac,voicemail,16000,1,7.116875,FLAC,132153
train,6378,incomplete_9ac44633-0582-4346-88ab-b98152a9c2da_normalized.flac,incomplete_#ac#-#-#-#ab-b#a#c#da_normalized.flac,human,16000,1,3.735625,FLAC,70212
train,6379,02f4ca5c-62b7-46e0-8350-28aa63af64f0.flac,#f#ca#c-#b#-#e#-#-#aa#af#f#.flac,ivr,16000,1,5.92,FLAC,104908
train,6380,1558f89c-8b5a-4ab0-afdf-86319ddf4ee1.flac,#f#c-#b#a-#ab#-afdf-#ddf#ee#.flac,answering_machine,16000,1,11.7294375,FLAC,266842
train,6381,0209c6f6-edce-43bf-a6b3-d48650d795f7.flac,#c#f#-edce-#bf-a#b#-d#d#f#.flac,ivr,16000,1,6.16,FLAC,121325
train,6382,0fa931ae-69fb-4824-b7c7-f169de020879.flac,#fa#ae-#fb-#-b#c#-f#de#.flac,answering_machine,16000,1,11.233625,FLAC,226573
train,6383,response_48.wav,response_#.wav,human,8000,1,57.121125,WAV,457028
train,6384,00341fd1-4e25-416b-a48e-dd26772b980f.flac,#fd#-#e#-#b-a#e-dd#b#f.flac,answering_machine,16000,1,14.08875,FLAC,292283
train,6385,voicemail_00351.wav,voicemail_#.wav,voicemail,16000,1,8.7505,WAV,280060
train,6386,carrier_es_ivr_00251.wav,carrier_es_ivr_#.wav,ivr,16000,1,6.84,WAV,218924
train,6387,complete_ab597309-649c-4887-b160-267f3e56a25b_normalized.flac,complete_ab#-#c-#-b#-#f#e#a#b_normalized.flac,human,16000,1,5.299375,FLAC,113624
train,6388,CA0e0abe64b25225ce0420b67e7f82e649_0.wav,CA#e#abe#b#ce#b#e#f#e#_#.wav,human,8000,1,13.46,WAV,107738
train,6389,058d34b7-fd45-49bc-9069-80c1668b6433.flac,#d#b#-fd#-#bc-#-#c#b#.flac,voicemail,16000,1,16.0,FLAC,296093
train,6390,121de8fd-5537-44a5-a344-ab899ad36c27.flac,#de#fd-#-#a#-a#-ab#ad#c#.flac,voicemail,16000,1,3.3096875,FLAC,63582
train,6391,01876c1e-c993-467d-ab38-1a5a57dab25f.flac,#c#e-c#-#d-ab#-#a#a#dab#f.flac,answering_machine,16000,1,13.860625,FLAC,228824
train,6392,0142736c-ad91-46f3-af0b-4af8dd532091.flac,#c-ad#-#f#-af#b-#af#dd#.flac,ivr,16000,1,4.88,FLAC,106634
train,6393,13c9326a-184c-4481-bde9-62b3b7237f02.flac,#c#a-#c-#-bde#-#b#b#f#.flac,answering_machine,16000,1,2.871875,FLAC,49597
train,6394,fr_voicemail_00157.wav,fr_voicemail_#.wav,voicemail,16000,1,10.0,WAV,320044
train,6395,human_real_00027.wav,human_real_#.wav,human,16000,1,8.618625,WAV,275840
train,6396,125a9058-0786-4589-b37c-22a84d86f168.flac,#a#-#-#-b#c-#a#d#f#.flac,voicemail,16000,1,5.2551875,FLAC,80532
train,6397,ivr_00004.wav,ivr_#.wav,ivr,16000,1,9.0,WAV,288044
train,6398,fr_ivr_00196.wav,fr_ivr_#.wav,ivr,16000,1,8.208,WAV,262700
train,6399,de_am_00532.wav,de_am_#.wav,answering_machine,16000,1,10.0,WAV,320044
train,6400,13807d0d-8966-461d-8441-7c2dffc6381d.flac,#d#d-#-#d-#-#c#dffc#d.flac,voicemail,16000,1,4.0766875,FLAC,74845
train,6401,complete_fce8b5c1db15418b9fd76bd5ec478114.flac,complete_fce#b#c#db#b#fd#bd#ec#.flac,human,16000,1,3.5349375,FLAC,43819
train,6402,0a29d439-b1d0-4bb4-9b62-0beb74b22235.flac,#a#d#-b#d#-#bb#-#b#-#beb#b#.flac,voicemail,16000,1,11.31575,FLAC,228749
train,6403,human_real_00052.wav,human_real_#.wav,human,16000,1,4.551125,WAV,145680
train,6404,complete_3d6df560-8d39-4b38-bc75-93d07c20d8a3_normalized.flac,complete_#d#df#-#d#-#b#-bc#-#d#c#d#a#_normalized.flac,human,16000,1,2.60625,FLAC,58819
train,6405,03f2e842-3158-4680-9327-a1bac190b47f.flac,#f#e#-#-#-#-a#bac#b#f.flac,answering_machine,16000,1,16.0,FLAC,303281
train,6406,human_real_00010.wav,human_real_#.wav,human,16000,1,5.290625,WAV,169344
train,6407,0c3a467e-e006-4a08-a421-2c59a817f341.flac,#c#a#e-e#-#a#-a#-#c#a#f#.flac,voicemail,16000,1,13.7144375,FLAC,267688
train,6408,014ab1e4-e937-40a2-8c29-54e583adc142.flac,#ab#e#-e#-#a#-#c#-#e#adc#.flac,ivr,16000,1,7.2,FLAC,147775
train,6409,fr_am_00240.wav,fr_am_#.wav,answering_machine,16000,1,8.1154375,WAV,259738
train,6410,0704445c-90e0-4945-ac95-9e83d10e6227.flac,#c-#e#-#-ac#-#e#d#e#.flac,answering_machine,16000,1,3.925375,FLAC,70763
train,6411,085fe079-b22a-46cb-a7d2-32f789f3e7eb.flac,#fe#-b#a-#cb-a#d#-#f#f#e#eb.flac,voicemail,16000,1,7.3233125,FLAC,145042
train,6412,complete_ee499457-c2a7-442f-a0eb-4a3a6bc43e47_normalized.flac,complete_ee#-c#a#-#f-a#eb-#a#a#bc#e#_normalized.flac,human,16000,1,5.229875,FLAC,98652
train,6413,0226aaad-d0b0-4196-9bac-b24a0c134afb.flac,#aaad-d#b#-#-#bac-b#a#c#afb.flac,ivr,16000,1,4.48,FLAC,83691
train,6414,08afe5e6-d9a8-4a3e-a487-d6663449db52.flac,#afe#e#-d#a#-#a#e-a#-d#db#.flac,answering_machine,16000,1,15.830125,FLAC,362150
train,6415,0ac823c1-8564-4cf2-b9db-22bee444f8f7.flac,#ac#c#-#-#cf#-b#db-#bee#f#f#.flac,voicemail,16000,1,12.5791875,FLAC,219390
train,6416,1e6101f8-151f-42bc-9677-5d873dfe9202.flac,#e#f#-#f-#bc-#-#d#dfe#.flac,answering_machine,16000,1,7.343625,FLAC,148370
train,6417,am_00018.wav,am_#.wav,answering_machine,16000,1,8.0505,WAV,257660
train,6418,00cae43d-df86-4a39-acd4-12ddac00c37a.flac,#cae#d-df#-#a#-acd#-#ddac#c#a.flac,ivr,16000,1,9.12,FLAC,194800
train,6419,complete_38a02831-9b1c-41d4-9be1-cdcb59f94b45_normalized.flac,complete_#a#-#b#c-#d#-#be#-cdcb#f#b#_normalized.flac,human,16000,1,3.214375,FLAC,66587
train,6420,60266512cfa37e1cf217af96.wav,#cfa#e#cf#af#.wav,human,8000,1,6.229375,WAV,49894
train,6421,03068cdf-0ca7-4369-889b-56485c2965e5.flac,#cdf-#ca#-#-#b-#c#e#.flac,ivr,16000,1,3.16,FLAC,62267
train,6422,015f40e3-ea99-434a-ab90-28053b22e9aa.flac,#f#e#-ea#-#a-ab#-#b#e#aa.flac,ivr,16000,1,4.52,FLAC,96419
train,6423,16ab7ca0-b7ad-4aa2-9354-dd88ff65b06d.flac,#ab#ca#-b#ad-#aa#-#-dd#ff#b#d.flac,answering_machine,16000,1,16.0,FLAC,332383
train,6424,02477159-a5b5-417a-af30-818ccdf26d01.flac,#-a#b#-#a-af#-#ccdf#d#.flac,ivr,16000,1,8.56,FLAC,175412
train,6425,0610eda0-2c20-4547-aea4-21e235a88f2a.flac,#eda#-#c#-#-aea#-#e#a#f#a.flac,answering_machine,16000,1,3.828,FLAC,88816
train,6426,00450432-d958-44b6-8f3d-1782eb646237.flac,#-d#-#b#-#f#d-#eb#.flac,ivr,16000,1,7.2,FLAC,124578
train,6427,de_ivr_00503.wav,de_ivr_#.wav,ivr,16000,1,9.072,WAV,290348
train,6428,carrier_es_answering_machine_00259.wav,carrier_es_answering_machine_#.wav,answering_machine,16000,1,10.0,WAV,320044
train,6429,01f685a6-0df2-4055-aa84-e405e2c29102.flac,#f#a#-#df#-#-aa#-e#e#c#.flac,ivr,16000,1,8.56,FLAC,172718
train,6430,016dfe8e-5a81-4b51-a3d8-df97fd13ec66.flac,#dfe#e-#a#-#b#-a#d#-df#fd#ec#.flac,ivr,16000,1,0.36,FLAC,7938
train,6431,voicemail_00107.wav,voicemail_#.wav,voicemail,16000,1,9.046,WAV,289516
train,6432,am_00008.wav,am_#.wav,answering_machine,16000,1,8.207125,WAV,262672
train,6433,human_tts_00008.wav,human_tts_#.wav,human,16000,1,3.816,WAV,122156
train,6434,04372180-a8bc-4007-8c47-ec2d336ca5ea.flac,#-a#bc-#-#c#-ec#d#ca#ea.flac,voicemail,16000,1,2.338375,FLAC,23598
train,6435,602bacab5f67b421554f6488.wav,#bacab#f#b#f#.wav,human,8000,1,3.242625,WAV,26000
train,6436,1455c572-a83b-40a5-970a-71e2eb615390.flac,#c#-a#b-#a#-#a-#e#eb#.flac,voicemail,16000,1,10.978125,FLAC,213658
train,6437,1adad778-fe4a-4e70-a59b-a162763dce20.flac,#adad#-fe#a-#e#-a#b-a#dce#.flac,answering_machine,16000,1,9.733125,FLAC,196838
train,6438,incomplete_10b2114d-f9cc-46d3-8dd3-ec707ccc80af_normalized.flac,incomplete_#b#d-f#cc-#d#-#dd#-ec#ccc#af_normalized.flac,human,16000,1,3.1275,FLAC,58738
train,6439,01e0673b-4f46-49d1-b1ad-5e3aa0b73d93.flac,#e#b-#f#-#d#-b#ad-#e#aa#b#d#.flac,ivr,16000,1,8.8,FLAC,161199
train,6440,CAbae523df1f901c39484ccdf0c52d2ae9_0.wav,CAbae#df#f#c#ccdf#c#d#ae#_#.wav,human,8000,1,5.44,WAV,43578
train,6441,carrier_en_answering_machine_00503.wav,carrier_en_answering_machine_#.wav,answering_machine,16000,1,9.8525,WAV,315324
train,6442,carrier_es_voicemail_00190.wav,carrier_es_voicemail_#.wav,voicemail,16000,1,9.726875,WAV,311304
train,6443,incomplete_f89a4098-e492-4a58-872d-f714007a9c4e_normalized.flac,incomplete_f#a#-e#-#a#-#d-f#a#c#e_normalized.flac,human,16000,1,3.95625,FLAC,78572
train,6444,04e9dbd6-f275-4d98-82b9-84590af7d555.flac,#e#dbd#-f#-#d#-#b#-#af#d#.flac,answering_machine,16000,1,14.003625,FLAC,301024
train,6445,ivr_00194.wav,ivr_#.wav,ivr,16000,1,10.0,WAV,320044
train,6446,027050c3-a656-46d0-9ef0-336d4f59bbad.flac,#c#-a#-#d#-#ef#-#d#f#bbad.flac,ivr,16000,1,8.08,FLAC,165885
train,6447,carrier_de_voicemail_00336.wav,carrier_de_voicemail_#.wav,voicemail,16000,1,10.0,WAV,320044
train,6448,complete_bdc636a7-e27c-444d-9339-1966625e9d5e_normalized.flac,complete_bdc#a#-e#c-#d-#-#e#d#e_normalized.flac,human,16000,1,4.869375,FLAC,94939
train,6449,167b7675-ee7b-46ae-9c55-d19a290af286.flac,#b#-ee#b-#ae-#c#-d#a#af#.flac,answering_machine,16000,1,3.911,FLAC,53636
train,6450,0c0f03f7-d993-41af-8a68-7f4da7dee739.flac,#c#f#f#-d#-#af-#a#-#f#da#dee#.flac,voicemail,16000,1,5.716,FLAC,139304
train,6451,028df1ad-8a11-4638-b703-27b03f416e7c.flac,#df#ad-#a#-#-b#-#b#f#e#c.flac,answering_machine,16000,1,12.0045625,FLAC,243455
train,6452,response_45.wav,response_#.wav,human,8000,1,17.749375,WAV,142054
train,6453,es_human_real_00286.wav,es_human_real_#.wav,human,16000,1,10.0,WAV,320044
train,6454,03172d35-3fbe-44e3-b2df-4e65c5ba389c.flac,#d#-#fbe-#e#-b#df-#e#c#ba#c.flac,ivr,16000,1,8.8,FLAC,197289
train,6455,120250eb-4230-4fe7-8c6a-88a3221ad9c9.flac,#eb-#-#fe#-#c#a-#a#ad#c#.flac,voicemail,16000,1,16.0,FLAC,309195
train,6456,005d6cec-8e3e-4288-9833-80886172f39d.flac,#d#cec-#e#e-#-#-#f#d.flac,answering_machine,16000,1,8.6186875,FLAC,181139
train,6457,00c1af19-f286-4c4c-9e26-85a60ee4cc03.flac,#c#af#-f#-#c#c-#e#-#a#ee#cc#.flac,ivr,16000,1,10.2,FLAC,170979
train,6458,00ea26d4-28ec-45a2-9884-6c92b9240b35.flac,#ea#d#-#ec-#a#-#-#c#b#b#.flac,ivr,16000,1,5.84,FLAC,124977
train,6459,002077dd-1ca7-430f-b0ee-b006579475d4.flac,#dd-#ca#-#f-b#ee-b#d#.flac,voicemail,16000,1,4.307875,FLAC,67288
train,6460,01014f2f-ef32-4a5e-bb1b-9bbfb4d6cd5b.flac,#f#f-ef#-#a#e-bb#b-#bbfb#d#cd#b.flac,ivr,16000,1,8.24,FLAC,169289
train,6461,carrier_fr_human_00015.wav,carrier_fr_human_#.wav,human,16000,1,2.88,WAV,92204
train,6462,human_real_00016.wav,human_real_#.wav,human,16000,1,3.157375,WAV,101080
train,6463,004a59da-b285-4d8b-93d1-1610a84262d7.flac,#a#da-b#-#d#b-#d#-#a#d#.flac,ivr,16000,1,11.72,FLAC,252594
train,6464,0bd24ebe-f342-4ee0-b7d9-654dad24193a.flac,#bd#ebe-f#-#ee#-b#d#-#dad#a.flac,voicemail,16000,1,7.3023125,FLAC,135158
train,6465,16f7d2d9-7d13-4242-bbdf-c0a144365b69.flac,#f#d#d#-#d#-#-bbdf-c#a#b#.flac,answering_machine,16000,1,8.8746875,FLAC,183129
train,6466,complete_357604b7-e057-4799-8afd-0ed422489d2f_normalized.flac,complete_#b#-e#-#-#afd-#ed#d#f_normalized.flac,human,16000,1,4.423125,FLAC,83844
train,6467,am_00106.wav,am_#.wav,answering_machine,16000,1,8.583125,WAV,274704
train,6468,complete_5573dd33-ee4d-45b0-b41c-f5eac73bd3e2_normalized.flac,complete_#dd#-ee#d-#b#-b#c-f#eac#bd#e#_normalized.flac,human,16000,1,2.771125,FLAC,53597
train,6469,complete_81ae5ee3-d898-4522-9947-fe8c9ebed93d_normalized.flac,complete_#ae#ee#-d#-#-#-fe#c#ebed#d_normalized.flac,human,16000,1,4.59,FLAC,88306
train,6470,human_tts_00063.wav,human_tts_#.wav,human,16000,1,2.736,WAV,87596
train,6471,1e291b14-332c-49e5-a7c1-e9cb3dd6b098.flac,#e#b#-#c-#e#-a#c#-e#cb#dd#b#.flac,answering_machine,16000,1,2.5685,FLAC,42501
train,6472,020de31b-2ec3-47c4-aff8-2104c2ca259a.flac,#de#b-#ec#-#c#-aff#-#c#ca#a.flac,ivr,16000,1,7.28,FLAC,147525
train,6473,023a924f-d9c0-43b0-8cd1-ae313ad72458.flac,#a#f-d#c#-#b#-#cd#-ae#ad#.flac,voicemail,16000,1,7.198125,FLAC,137273
train,6474,incomplete_8042ece1361042ac8d8aff9d31f09b87.flac,incomplete_#ece#ac#d#aff#d#f#b#.flac,human,16000,1,4.9535,FLAC,71326
train,6475,015ad6ba-aa68-4120-8d9e-3104b82d282c.flac,#ad#ba-aa#-#-#d#e-#b#d#c.flac,answering_machine,16000,1,11.77175,FLAC,273065
train,6476,incomplete_f87b118c-b631-4b78-946d-4abc90238f6e_normalized.flac,incomplete_f#b#c-b#-#b#-#d-#abc#f#e_normalized.flac,human,16000,1,3.58875,FLAC,73563
train,6477,1b55b797-8ea8-4f97-a4fe-d20598e48a86.flac,#b#b#-#ea#-#f#-a#fe-d#e#a#.flac,answering_machine,16000,1,4.096,FLAC,88607
train,6478,602ba3f35f67b421554f63eb.wav,#ba#f#f#b#f#eb.wav,human,8000,1,9.984,WAV,79930
train,6479,171f5e14-5f59-41af-b1f3-b75b00253716.flac,#f#e#-#f#-#af-b#f#-b#b#.flac,voicemail,16000,1,12.1073125,FLAC,227883
train,6480,es_ivr_00369.wav,es_ivr_#.wav,ivr,16000,1,7.392,WAV,236588
train,6481,carrier_es_ivr_00244.wav,carrier_es_ivr_#.wav,ivr,16000,1,10.0,WAV,320044
train,6482,167e60c8-3cad-4142-9881-4cc563095860.flac,#e#c#-#cad-#-#-#cc#.flac,answering_machine,16000,1,7.572,FLAC,162324
train,6483,de_human_tts_00446.wav,de_human_tts_#.wav,human,16000,1,2.088,WAV,66860
train,6484,carrier_es_answering_machine_00270.wav,carrier_es_answering_machine_#.wav,answering_machine,16000,1,9.958375,WAV,318712
train,6485,0258865f-a1fe-4324-8d24-5ebe4cc846aa.flac,#f-a#fe-#-#d#-#ebe#cc#aa.flac,ivr,16000,1,6.96,FLAC,126537
train,6486,carrier_fr_human_00021.wav,carrier_fr_human_#.wav,human,16000,1,2.352,WAV,75308
train,6487,complete_c3988e9b-3c50-44d9-bb29-f0dec4b4b63e_normalized.flac,complete_c#e#b-#c#-#d#-bb#-f#dec#b#b#e_normalized.flac,human,16000,1,3.040625,FLAC,62398
train,6488,01b76c3c-dd16-4597-a7f3-5ee6190f2136.flac,#b#c#c-dd#-#-a#f#-#ee#f#.flac,ivr,16000,1,9.88,FLAC,182994
train,6489,02cbb4ba-7cea-4872-8d2e-d7b4514ae9c5.flac,#cbb#ba-#cea-#-#d#e-d#b#ae#c#.flac,ivr,16000,1,12.32,FLAC,260995
train,6490,am_00247.wav,am_#.wav,answering_machine,16000,1,10.0,WAV,320044
train,6491,02325d02-f7e8-4c44-88e3-164fd95789dc.flac,#d#-f#e#-#c#-#e#-#fd#dc.flac,ivr,16000,1,6.56,FLAC,133252
train,6492,01141358-5d8d-4153-9724-ab4457941828.flac,#-#d#d-#-#-ab#.flac,ivr,16000,1,5.92,FLAC,115215
train,6493,CA924d85628f576025e01685f1ff816339_0.wav,CA#d#f#e#f#ff#_#.wav,human,8000,1,10.98,WAV,87898
train,6494,031ed5ad-0893-4000-94a5-08c2c3ae8c4c.flac,#ed#ad-#-#-#a#-#c#c#ae#c#c.flac,ivr,16000,1,7.48,FLAC,169194
train,6495,010ea8c1-a815-468c-a043-024a6fc4460a.flac,#ea#c#-a#-#c-a#-#a#fc#a.flac,voicemail,16000,1,15.810625,FLAC,298230
train,6496,complete_d349902c-2ab8-4e04-8a54-cfb55274f53a_normalized.flac,complete_d#c-#ab#-#e#-#a#-cfb#f#a_normalized.flac,human,16000,1,4.5159375,FLAC,79306
train,6497,033ca00a-3033-4db8-8507-28269d728648.flac,#ca#a-#-#db#-#-#d#.flac,ivr,16000,1,5.04,FLAC,86775
train,6498,602ba4a8963e11ccd901cc9a.wav,#ba#a#e#ccd#cc#a.wav,human,8000,1,16.161125,WAV,129348
train,6499,00c41abf-5308-417d-94ab-21c147a60181.flac,#c#abf-#-#d-#ab-#c#a#.flac,ivr,16000,1,8.64,FLAC,163739
train,6500,am_00064.wav,am_#.wav,answering_machine,16000,1,10.0,WAV,320044
train,6501,15c139e3-6f5b-4653-9934-d00fb04bf067.flac,#c#e#-#f#b-#-#-d#fb#bf#.flac,answering_machine,16000,1,4.673625,FLAC,81121
train,6502,18c75d28-85e5-4fdf-b75f-596e503e650f.flac,#c#d#-#e#-#fdf-b#f-#e#e#f.flac,answering_machine,16000,1,15.64,FLAC,308480
train,6503,0fee5655-ce90-442c-ba06-7d930f1789d7.flac,#fee#-ce#-#c-ba#-#d#f#d#.flac,answering_machine,16000,1,5.8026875,FLAC,102837
train,6504,human_real_00046.wav,human_real_#.wav,human,16000,1,3.413375,WAV,109272
train,6505,0140648d-92fe-46e5-9f27-ac7b4578de3f.flac,#d-#fe-#e#-#f#-ac#b#de#f.flac,ivr,16000,1,11.08,FLAC,235040
train,6506,fr_voicemail_00143.wav,fr_voicemail_#.wav,voicemail,16000,1,7.7383125,WAV,247670
train,6507,voicemail_00397.wav,voicemail_#.wav,voicemail,16000,1,9.245125,WAV,295888
train,6508,carrier_de_voicemail_00338.wav,carrier_de_voicemail_#.wav,voicemail,16000,1,10.0,WAV,320044
train,6509,incomplete_0754b728-265e-41db-a629-41062d604366_normalized.flac,incomplete_#b#-#e-#db-a#-#d#_normalized.flac,human,16000,1,7.32,FLAC,107419
train,6510,069f8bb6-684b-4499-aff4-8d7e5af16a73.flac,#f#bb#-#b-#-aff#-#d#e#af#a#.flac,answering_machine,16000,1,16.0,FLAC,301132
train,6511,incomplete_1edd0953-b6bd-419e-991c-987e8fe74517_normalized.flac,incomplete_#edd#-b#bd-#e-#c-#e#fe#_normalized.flac,human,16000,1,5.2125,FLAC,109069
train,6512,ivr_00328.wav,ivr_#.wav,ivr,16000,1,7.656,WAV,245036
train,6513,02083b2a-6e47-4513-8abb-60547f0602ab.flac,#b#a-#e#-#-#abb-#f#ab.flac,ivr,16000,1,9.96,FLAC,234554
train,6514,incomplete_1dc124c2-97b8-4279-a47a-eb006aa18eb2_normalized.flac,incomplete_#dc#c#-#b#-#-a#a-eb#aa#eb#_normalized.flac,human,16000,1,5.588625,FLAC,107781
train,6515,021f80ad-7f9a-42ee-9f43-79c580289036.flac,#f#ad-#f#a-#ee-#f#-#c#.flac,ivr,16000,1,2.56,FLAC,54729
train,6516,complete_099e395a-4aba-4278-95f3-b485679d5521_normalized.flac,complete_#e#a-#aba-#-#f#-b#d#_normalized.flac,human,16000,1,1.650625,FLAC,34730
train,6517,02a8309a-bbe4-4cd8-9dca-f7288fae2986.flac,#a#a-bbe#-#cd#-#dca-f#fae#.flac,ivr,16000,1,4.48,FLAC,93965
train,6518,human_tts_00035.wav,human_tts_#.wav,human,16000,1,2.688,WAV,86060
train,6519,voicemail_00148.wav,voicemail_#.wav,voicemail,16000,1,7.560125,WAV,241968
train,6520,073e30a1-28b7-4b51-9932-adf5756738ca.flac,#e#a#-#b#-#b#-#-adf#ca.flac,answering_machine,16000,1,10.6035,FLAC,235092
train,6521,000cefad-30e3-4590-a7b1-a83c0d8eba28.flac,#cefad-#e#-#-a#b#-a#c#d#eba#.flac,ivr,16000,1,13.0,FLAC,274117
train,6522,complete_3569fd3f-f533-4495-ae95-3a0c0d299d2c_normalized.flac,complete_#fd#f-f#-#-ae#-#a#c#d#d#c_normalized.flac,human,16000,1,1.7375,FLAC,35146
train,6523,am_00257.wav,am_#.wav,answering_machine,16000,1,10.0,WAV,320044
train,6524,incomplete_07b8c050-02a6-4935-a10a-137339998bee_normalized.flac,incomplete_#b#c#-#a#-#-a#a-#bee_normalized.flac,human,16000,1,4.9875,FLAC,99902
train,6525,081e407c-45a4-4693-99e0-89a7d03aef0d.flac,#e#c-#a#-#-#e#-#a#d#aef#d.flac,voicemail,16000,1,12.2200625,FLAC,258566
train,6526,0fe73593-54f8-4ff3-9838-53ad47c6fdf7.flac,#fe#-#f#-#ff#-#-#ad#c#fdf#.flac,answering_machine,16000,1,13.868375,FLAC,285803
train,6527,es_human_real_00272.wav,es_human_real_#.wav,human,16000,1,3.072,WAV,98348
train,6528,0d8f9833-c7e9-43a5-8c18-df0521a5a8f1.flac,#d#f#-c#e#-#a#-#c#-df#a#a#f#.flac,answering_machine,16000,1,8.83925,FLAC,138147
train,6529,00de8625-7a43-4a4a-ae4d-4ff51f8cd997.flac,#de#-#a#-#a#a-ae#d-#ff#f#cd#.flac,ivr,16000,1,13.56,FLAC,295272
train,6530,02a45d4c-d6f0-4032-b434-6a1f1303ce09.flac,#a#d#c-d#f#-#-b#-#a#f#ce#.flac,voicemail,16000,1,7.9295625,FLAC,113031
train,6531,incomplete_2d44117b-b117-4870-81d8-484090da390d_normalized.flac,incomplete_#d#b-b#-#-#d#-#da#d_normalized.flac,human,16000,1,4.42225,FLAC,94201
train,6532,0d34c8bc-47b5-4eb0-bb60-c78e8b259481.flac,#d#c#bc-#b#-#eb#-bb#-c#e#b#.flac,voicemail,16000,1,5.3289375,FLAC,91452
train,6533,1b9431e9-23bd-4d52-bb86-cd625514b925.flac,#b#e#-#bd-#d#-bb#-cd#b#.flac,voicemail,16000,1,13.0178125,FLAC,284035
train,6534,1e3e5b29-c66c-49ae-8895-ab678f49bebe.flac,#e#e#b#-c#c-#ae-#-ab#f#bebe.flac,answering_machine,16000,1,16.0,FLAC,342519
train,6535,011f34e5-9680-4feb-bb69-3b9ae15a3720.flac,#f#e#-#-#feb-bb#-#b#ae#a#.flac,ivr,16000,1,6.96,FLAC,130633
train,6536,complete_e1a10e729c6741efb45f0f639d571e67.flac,complete_e#a#e#c#efb#f#f#d#e#.flac,human,16000,1,5.604625,FLAC,79172
train,6537,de_human_real_00441.wav,de_human_real_#.wav,human,16000,1,10.0,WAV,320044
train,6538,am_00320.wav,am_#.wav,answering_machine,16000,1,7.0289375,WAV,224970
train,6539,080df1f3-9649-49f4-8284-3ade1e72a97c.flac,#df#f#-#-#f#-#-#ade#e#a#c.flac,answering_machine,16000,1,11.1273125,FLAC,222551
train,6540,03282094-e816-4cea-ae44-ce02437c6d44.flac,#-e#-#cea-ae#-ce#c#d#.flac,answering_machine,16000,1,15.0770625,FLAC,284796
train,6541,ivr_00148.wav,ivr_#.wav,ivr,16000,1,10.0,WAV,320044
train,6542,0365c4a5-27f4-4d68-a1b9-22bb893a97c6.flac,#c#a#-#f#-#d#-a#b#-#bb#a#c#.flac,ivr,16000,1,7.0,FLAC,157842
train,6543,000b4815-4305-4bd8-a589-48d19e4eea24.flac,#b#-#-#bd#-a#-#d#e#eea#.flac,ivr,16000,1,7.16,FLAC,145552
train,6544,fr_voicemail_00130.wav,fr_voicemail_#.wav,voicemail,16000,1,10.0,WAV,320044
train,6545,016bc00e-c801-4dd3-a25f-d04efd795a85.flac,#bc#e-c#-#dd#-a#f-d#efd#a#.flac,voicemail,16000,1,13.225125,FLAC,211496
train,6546,am_00236.wav,am_#.wav,answering_machine,16000,1,10.0,WAV,320044
train,6547,ivr_00300.wav,ivr_#.wav,ivr,16000,1,10.0,WAV,320044
train,6548,00bcd806-7142-4698-b39d-9f5882c4f633.flac,#bcd#-#-#-b#d-#f#c#f#.flac,ivr,16000,1,7.48,FLAC,175102
train,6549,01a9bf38-6600-4bdb-9148-b8c6277fcbc5.flac,#a#bf#-#-#bdb-#-b#c#fcbc#.flac,answering_machine,16000,1,3.3135,FLAC,52494
train,6550,00c972a3-cf56-41d9-8435-f09899c446eb.flac,#c#a#-cf#-#d#-#-f#c#eb.flac,ivr,16000,1,6.8,FLAC,145571
train,6551,00a82233-85c5-4d96-9e61-11b43892bf7c.flac,#a#-#c#-#d#-#e#-#b#bf#c.flac,ivr,16000,1,4.2,FLAC,64896
train,6552,de_human_tts_00456.wav,de_human_tts_#.wav,human,16000,1,1.68,WAV,53804
train,6553,114fa277-e914-44d1-8e46-7d447089da40.flac,#fa#-e#-#d#-#e#-#d#da#.flac,answering_machine,16000,1,7.636,FLAC,143004
train,6554,0d830335-2d34-4100-875e-edd1b9b61cfb.flac,#d#-#d#-#-#e-edd#b#b#cfb.flac,answering_machine,16000,1,5.973375,FLAC,120413
train,6555,0145abf7-8f03-4689-ba2a-04d39ba9ec8a.flac,#abf#-#f#-#-ba#a-#d#ba#ec#a.flac,answering_machine,16000,1,10.3876875,FLAC,217430
train,6556,058abc70-44d7-41f8-a6b5-af07c790b104.flac,#abc#-#d#-#f#-a#b#-af#c#b#.flac,answering_machine,16000,1,4.094125,FLAC,75095
train,6557,voicemail_00348.wav,voicemail_#.wav,voicemail,16000,1,8.082875,WAV,258696
train,6558,es_am_00387.wav,es_am_#.wav,answering_machine,16000,1,9.557125,WAV,305872
train,6559,02f171d5-451d-40a7-9254-286bf1c5dde3.flac,#f#d#-#d-#a#-#-#bf#c#dde#.flac,ivr,16000,1,6.92,FLAC,141645
train,6560,response_41.wav,response_#.wav,human,8000,1,12.885375,WAV,103142
train,6561,18f1a3ff-95e4-4bb2-87d8-9fc990eb832a.flac,#f#a#ff-#e#-#bb#-#d#-#fc#eb#a.flac,voicemail,16000,1,12.129625,FLAC,268042
train,6562,response_13.wav,response_#.wav,human,8000,1,7.424,WAV,59450
train,6563,carrier_fr_voicemail_00048.wav,carrier_fr_voicemail_#.wav,voicemail,16000,1,10.0,WAV,320044
train,6564,carrier_de_voicemail_00316.wav,carrier_de_voicemail_#.wav,voicemail,16000,1,10.0,WAV,320044
train,6565,012a5739-2140-4f68-b7df-14c873571e56.flac,#a#-#-#f#-b#df-#c#e#.flac,voicemail,16000,1,2.596,FLAC,63026
train,6566,response_39.wav,response_#.wav,human,8000,1,5.717375,WAV,45798
train,6567,03328a6a-6c3b-4caf-8813-f04c19682336.flac,#a#a-#c#b-#caf-#-f#c#.flac,voicemail,16000,1,12.1313125,FLAC,267559
train,6568,02d22b51-18aa-439c-9001-d1b8780b0a08.flac,#d#b#-#aa-#c-#-d#b#b#a#.flac,ivr,16000,1,10.2,FLAC,193465
train,6569,es_human_tts_00305.wav,es_human_tts_#.wav,human,16000,1,3.624,WAV,116012
train,6570,incomplete_c7150b46-6e46-406d-89c5-233fa2330b45_normalized.flac,incomplete_c#b#-#e#-#d-#c#-#fa#b#_normalized.flac,human,16000,1,5.245625,FLAC,101559
train,6571,602baae6963e11ccd901cd78.wav,#baae#e#ccd#cd#.wav,human,8000,1,3.754625,WAV,30096
train,6572,de_voicemail_00480.wav,de_voicemail_#.wav,voicemail,16000,1,10.0,WAV,320044
train,6573,01a4d572-247c-4cbc-9659-645e2e45eeee.flac,#a#d#-#c-#cbc-#-#e#e#eeee.flac,voicemail,16000,1,12.3684375,FLAC,257634
train,6574,ivr_00111.wav,ivr_#.wav,ivr,16000,1,9.192,WAV,294188
train,6575,carrier_es_voicemail_00212.wav,carrier_es_voicemail_#.wav,voicemail,16000,1,10.0,WAV,320044
train,6576,fr_am_00229.wav,fr_am_#.wav,answering_machine,16000,1,10.0,WAV,320044
train,6577,1338752d-2551-4f8b-848c-cb237d3bae4c.flac,#d-#-#f#b-#c-cb#d#bae#c.flac,voicemail,16000,1,4.237125,FLAC,67981
train,6578,0051059a-ef2c-46be-9d21-4499a537d092.flac,#a-ef#c-#be-#d#-#a#d#.flac,ivr,16000,1,7.4,FLAC,150353
train,6579,09773171-748f-4b15-b78b-f372c0231bc9.flac,#-#f-#b#-b#b-f#c#bc#.flac,voicemail,16000,1,11.3494375,FLAC,234413
train,6580,voicemail_00298.wav,voicemail_#.wav,voicemail,16000,1,9.388625,WAV,300480
train,6581,voicemail_00014.wav,voicemail_#.wav,voicemail,16000,1,10.0,WAV,320044
train,6582,response_2.wav,response_#.wav,human,8000,1,15.018625,WAV,120208
train,6583,0323a853-db40-4419-88bc-65ef110b8cc2.flac,#a#-db#-#-#bc-#ef#b#cc#.flac,answering_machine,16000,1,12.4516875,FLAC,237662
train,6584,0163c124-47cc-4d71-8e62-da4a7369ab1f.flac,#c#-#cc-#d#-#e#-da#a#ab#f.flac,ivr,16000,1,4.64,FLAC,94313
train,6585,de_human_real_00404.wav,de_human_real_#.wav,human,16000,1,10.0,WAV,320044
train,6586,0e501832-08c4-426f-aada-4d49d85a8f0f.flac,#e#-#c#-#f-aada-#d#d#a#f#f.flac,answering_machine,16000,1,7.168,FLAC,153926
train,6587,602baa5c963e11ccd901cd68.wav,#baa#c#e#ccd#cd#.wav,human,8000,1,19.370625,WAV,155024
train,6588,06eed1bd-07fa-4a25-ae07-93af3c07bbcd.flac,#eed#bd-#fa-#a#-ae#-#af#c#bbcd.flac,voicemail,16000,1,4.4814375,FLAC,78690
train,6589,08abdc3c-8276-410d-a19f-ef66eabfba71.flac,#abdc#c-#-#d-a#f-ef#eabfba#.flac,voicemail,16000,1,6.4899375,FLAC,149495
train,6590,073dfff1-bb3d-4cd3-9283-1689b45b36d4.flac,#dfff#-bb#d-#cd#-#-#b#b#d#.flac,voicemail,16000,1,5.8398125,FLAC,119534
train,6591,0208ad59-dcf6-4811-9f15-b088c8919ab5.flac,#ad#-dcf#-#-#f#-b#c#ab#.flac,ivr,16000,1,3.64,FLAC,75759
train,6592,fr_ivr_00197.wav,fr_ivr_#.wav,ivr,16000,1,7.584,WAV,242732
train,6593,ivr_00016.wav,ivr_#.wav,ivr,16000,1,7.008,WAV,224300
train,6594,00b02a82-2aed-4ce0-89a0-829f687fd0b5.flac,#b#a#-#aed-#ce#-#a#-#f#fd#b#.flac,ivr,16000,1,5.04,FLAC,94854
train,6595,077d11e6-34cf-4a7b-b70c-8dfaa189829c.flac,#d#e#-#cf-#a#b-b#c-#dfaa#c.flac,answering_machine,16000,1,14.0949375,FLAC,250143
train,6596,18de6e4f-a79b-42c4-9cf5-c895c921e946.flac,#de#e#f-a#b-#c#-#cf#-c#c#e#.flac,answering_machine,16000,1,8.6186875,FLAC,172187
train,6597,carrier_fr_answering_machine_00138.wav,carrier_fr_answering_machine_#.wav,answering_machine,16000,1,9.034125,WAV,289136
train,6598,014dcfdf-069a-4be8-b2fe-292d5f3860a9.flac,#dcfdf-#a-#be#-b#fe-#d#f#a#.flac,ivr,16000,1,5.16,FLAC,91990
train,6599,042e7cc3-5300-404d-b08f-291f9a6d5541.flac,#e#cc#-#-#d-b#f-#f#a#d#.flac,voicemail,16000,1,4.011,FLAC,76939
train,6600,am_00254.wav,am_#.wav,answering_machine,16000,1,10.0,WAV,320044
train,6601,complete_a2674bf8-d2c6-4c6c-bd21-7d889ba75701_normalized.flac,complete_a#bf#-d#c#-#c#c-bd#-#d#ba#_normalized.flac,human,16000,1,4.18025,FLAC,78241
train,6602,0184b70b-b5bc-4404-be93-9bf957ae545f.flac,#b#b-b#bc-#-be#-#bf#ae#f.flac,ivr,16000,1,4.2,FLAC,70045
train,6603,00facd1d-a63d-4a04-b045-cfe039fc380d.flac,#facd#d-a#d-#a#-b#-cfe#fc#d.flac,ivr,16000,1,2.08,FLAC,45543
train,6604,am_00251.wav,am_#.wav,answering_machine,16000,1,10.0,WAV,320044
train,6605,08999a48-8d5c-4462-b6c5-edb5dc4ff795.flac,#a#-#d#c-#-b#c#-edb#dc#ff#.flac,answering_machine,16000,1,11.90425,FLAC,263182
train,6606,incomplete_f508c389-5203-485d-ac7c-697fc188651a_normalized.flac,incomplete_f#c#-#-#d-ac#c-#fc#a_normalized.flac,human,16000,1,3.7978125,FLAC,71561
train,6607,00d5fac8-a95b-4f45-9f99-b96ca1a2c87e.flac,#d#fac#-a#b-#f#-#f#-b#ca#a#c#e.flac,ivr,16000,1,5.44,FLAC,120553
train,6608,09e4b788-5d8e-4a37-90b3-d3d4d8c460cd.flac,#e#b#-#d#e-#a#-#b#-d#d#d#c#cd.flac,voicemail,16000,1,10.6630625,FLAC,192737
train,6609,03559663-f1a1-49ed-b337-9b16c797f1a5.flac,#-f#a#-#ed-b#-#b#c#f#a#.flac,ivr,16000,1,5.84,FLAC,120432
train,6610,017eac53-7c04-4868-9207-f7a1fb360d11.flac,#eac#-#c#-#-#-f#a#fb#d#.flac,ivr,16000,1,9.72,FLAC,209668
train,6611,1a297915-42d6-418f-a487-21242810cdc4.flac,#a#-#d#-#f-a#-#cdc#.flac,voicemail,16000,1,6.429,FLAC,125396
train,6612,017ba230-0c4d-46e6-a7c8-4a812cbe7103.flac,#ba#-#c#d-#e#-a#c#-#a#cbe#.flac,ivr,16000,1,6.16,FLAC,109470
train,6613,ivr_00334.wav,ivr_#.wav,ivr,16000,1,10.0,WAV,320044
train,6614,human_real_00091.wav,human_real_#.wav,human,16000,1,9.813375,WAV,314072
train,6615,carrier_en_human_00409.wav,carrier_en_human_#.wav,human,16000,1,2.232,WAV,71468
train,6616,07a93d5d-7911-43d2-b7fd-9f94d2597ec2.flac,#a#d#d-#-#d#-b#fd-#f#d#ec#.flac,answering_machine,16000,1,3.638,FLAC,77376
train,6617,ivr_00374.wav,ivr_#.wav,ivr,16000,1,10.0,WAV,320044
train,6618,incomplete_e3bf9400-f1cf-481a-a639-daa602645d3e_normalized.flac,incomplete_e#bf#-f#cf-#a-a#-daa#d#e_normalized.flac,human,16000,1,2.9803125,FLAC,57616
train,6619,de_voicemail_00477.wav,de_voicemail_#.wav,voicemail,16000,1,9.0205,WAV,288700
train,6620,0130e7f8-64bf-492a-9b3a-e49c67863814.flac,#e#f#-#bf-#a-#b#a-e#c#.flac,ivr,16000,1,3.36,FLAC,56469
train,6621,016c854f-c0c1-4ec8-bd48-a6afa026e15d.flac,#c#f-c#c#-#ec#-bd#-a#afa#e#d.flac,voicemail,16000,1,6.559625,FLAC,116121
train,6622,incomplete_3765e4e7-1bc1-48b6-943a-39ac39fe2914_normalized.flac,incomplete_#e#e#-#bc#-#b#-#a-#ac#fe#_normalized.flac,human,16000,1,9.723625,FLAC,162791
train,6623,0e08ae28-b6c2-41f5-ad98-ddfc9520fd89.flac,#e#ae#-b#c#-#f#-ad#-ddfc#fd#.flac,answering_machine,16000,1,14.53275,FLAC,325815
train,6624,188e9674-edc7-46ff-a1b4-4c837476cc85.flac,#e#-edc#-#ff-a#b#-#c#cc#.flac,answering_machine,16000,1,7.46,FLAC,157436
train,6625,029336c9-b045-4c41-bcce-b317f7106b0e.flac,#c#-b#-#c#-bcce-b#f#b#e.flac,ivr,16000,1,6.44,FLAC,133087
train,6626,036e4ac4-2597-4a27-9980-39521d832e44.flac,#e#ac#-#-#a#-#-#d#e#.flac,ivr,16000,1,8.4,FLAC,148445
train,6627,incomplete_467b5bcf-c085-48b5-8f05-48d78e15d229_normalized.flac,incomplete_#b#bcf-c#-#b#-#f#-#d#e#d#_normalized.flac,human,16000,1,2.60625,FLAC,56398
train,6628,0513854c-f9e1-41ce-87be-6ec98d660e35.flac,#c-f#e#-#ce-#be-#ec#d#e#.flac,voicemail,16000,1,4.133125,FLAC,86599
train,6629,004fe645-3d07-40de-8796-3ceb5ac82c15.flac,#fe#-#d#-#de-#-#ceb#ac#c#.flac,ivr,16000,1,14.36,FLAC,301608
train,6630,0355aead-ef34-4b3b-b6ce-0ab8502992f3.flac,#aead-ef#-#b#b-b#ce-#ab#f#.flac,ivr,16000,1,8.44,FLAC,190044
train,6631,01741f0f-d84a-463b-ae8d-e51724854e7e.flac,#f#f-d#a-#b-ae#d-e#e#e.flac,ivr,16000,1,4.76,FLAC,104557
train,6632,1d7d8a1d-5327-4fb0-a4b3-cb1e86998f5e.flac,#d#d#a#d-#-#fb#-a#b#-cb#e#f#e.flac,voicemail,16000,1,10.988625,FLAC,216136
train,6633,020f3789-8ce3-4bae-b060-ef4bc0bed035.flac,#f#-#ce#-#bae-b#-ef#bc#bed#.flac,voicemail,16000,1,13.164625,FLAC,245605
train,6634,response_2.wav,response_#.wav,human,8000,1,6.4,WAV,51258
train,6635,1b5f2dee-b75c-4326-8109-bc6620be1d8c.flac,#b#f#dee-b#c-#-#-bc#be#d#c.flac,answering_machine,16000,1,11.985625,FLAC,226613
train,6636,00ee9466-0046-40bf-822e-95eef692c723.flac,#ee#-#-#bf-#e-#eef#c#.flac,ivr,16000,1,8.56,FLAC,170032
train,6637,04b4e9c4-75ae-4a58-a1e7-6cabeac69dd9.flac,#b#e#c#-#ae-#a#-a#e#-#cabeac#dd#.flac,voicemail,16000,1,4.609125,FLAC,72372
train,6638,01a723d7-ed1d-40aa-90a2-5c17ef9dd8a6.flac,#a#d#-ed#d-#aa-#a#-#c#ef#dd#a#.flac,answering_machine,16000,1,6.625,FLAC,123676
train,6639,16d1f448-8329-4aa2-9316-8230b58263be.flac,#d#f#-#-#aa#-#-#b#be.flac,answering_machine,16000,1,14.2949375,FLAC,296373
train,6640,09b3e322-8f47-486c-b35b-c7c5ed057680.flac,#b#e#-#f#-#c-b#b-c#c#ed#.flac,voicemail,16000,1,10.5034375,FLAC,207645
train,6641,108c8792-6081-4b04-857a-0a03b023fe9d.flac,#c#-#-#b#-#a-#a#b#fe#d.flac,voicemail,16000,1,10.005125,FLAC,201399
train,6642,carrier_fr_ivr_00127.wav,carrier_fr_ivr_#.wav,ivr,16000,1,10.0,WAV,320044
train,6643,human_tts_00129.wav,human_tts_#.wav,human,16000,1,3.096,WAV,99116
train,6644,carrier_de_human_00282.wav,carrier_de_human_#.wav,human,16000,1,2.064,WAV,66092
train,6645,fr_voicemail_00141.wav,fr_voicemail_#.wav,voicemail,16000,1,8.4735,WAV,271196
train,6646,ivr_00213.wav,ivr_#.wav,ivr,16000,1,7.272,WAV,232748
train,6647,am_00140.wav,am_#.wav,answering_machine,16000,1,9.849,WAV,315212
train,6648,602b9d56bb1e6d0fbce91fa6.wav,#b#d#bb#e#d#fbce#fa#.wav,human,8000,1,6.826625,WAV,54672
train,6649,voicemail_00129.wav,voicemail_#.wav,voicemail,16000,1,8.2446875,WAV,263874
train,6650,complete_df93bb39-96f8-4635-ba97-261c1e578c70_normalized.flac,complete_df#bb#-#f#-#-ba#-#c#e#c#_normalized.flac,human,16000,1,4.34,FLAC,70438
train,6651,carrier_de_voicemail_00300.wav,carrier_de_voicemail_#.wav,voicemail,16000,1,10.0,WAV,320044
train,6652,01ca29d5-ab64-4ce5-b718-acbf7d232ade.flac,#ca#d#-ab#-#ce#-b#-acbf#d#ade.flac,voicemail,16000,1,3.14,FLAC,66114
train,6653,00b47472-1c8e-4cd9-b38e-cdb5439f7208.flac,#b#-#c#e-#cd#-b#e-cdb#f#.flac,ivr,16000,1,8.28,FLAC,186908
train,6654,incomplete_ce65875c-819d-46ae-b12c-7ca74da2ed6b_normalized.flac,incomplete_ce#c-#d-#ae-b#c-#ca#da#ed#b_normalized.flac,human,16000,1,2.816,FLAC,60954
train,6655,007e4e1e-1f03-49e1-bc57-6a18af8bda73.flac,#e#e#e-#f#-#e#-bc#-#a#af#bda#.flac,ivr,16000,1,5.84,FLAC,112641
train,6656,human_real_00111.wav,human_real_#.wav,human,16000,1,2.986625,WAV,95616
train,6657,01b6069e-701c-4203-8e13-d6071809ffda.flac,#b#e-#c-#-#e#-d#ffda.flac,ivr,16000,1,5.24,FLAC,106629
train,6658,fr_voicemail_00160.wav,fr_voicemail_#.wav,voicemail,16000,1,8.7384375,WAV,279674
train,6659,CA01653ecd9f4199972e85c0215d04b609_0.wav,CA#ecd#f#e#c#d#b#_#.wav,human,8000,1,8.4,WAV,67258
train,6660,00d9faf7-1fdf-4b52-bb37-0007a5761c31.flac,#d#faf#-#fdf-#b#-bb#-#a#c#.flac,ivr,16000,1,10.68,FLAC,215288
train,6661,carrier_fr_ivr_00116.wav,carrier_fr_ivr_#.wav,ivr,16000,1,9.24,WAV,295724
train,6662,human_real_00192.wav,human_real_#.wav,human,16000,1,10.0,WAV,320044
train,6663,12efebd5-32f9-4a95-8965-96a5a53f82f3.flac,#efebd#-#f#-#a#-#-#a#a#f#f#.flac,voicemail,16000,1,12.947,FLAC,279383
train,6664,am_00327.wav,am_#.wav,answering_machine,16000,1,10.0,WAV,320044
train,6665,602baabf05f96973d67944b1.wav,#baabf#f#d#b#.wav,human,8000,1,5.632,WAV,45114
train,6666,de_human_real_00438.wav,de_human_real_#.wav,human,16000,1,7.94,WAV,254124
train,6667,6026636ccfa37e1cf217af7c.wav,#ccfa#e#cf#af#c.wav,human,8000,1,9.472,WAV,75834
train,6668,human_real_00128.wav,human_real_#.wav,human,16000,1,10.0,WAV,320044
train,6669,incomplete_027e1b65-d357-4449-94b2-66c8321c67eb_normalized.flac,incomplete_#e#b#-d#-#-#b#-#c#c#eb_normalized.flac,human,16000,1,6.165,FLAC,118297
train,6670,013be3b3-2d3b-48e3-8e85-6094aae00ddc.flac,#be#b#-#d#b-#e#-#e#-#aae#ddc.flac,ivr,16000,1,4.8,FLAC,87457
train,6671,00a3b183-5145-42b8-b17f-a9b6d75dc2df.flac,#a#b#-#-#b#-b#f-a#b#d#dc#df.flac,ivr,16000,1,8.6,FLAC,168839
train,6672,es_voicemail_00340.wav,es_voicemail_#.wav,voicemail,16000,1,8.4415,WAV,270172
train,6673,1ab4b78c-79a2-47e8-92f8-d9efc42a8fc1.flac,#ab#b#c-#a#-#e#-#f#-d#efc#a#fc#.flac,voicemail,16000,1,9.7548125,FLAC,199562
train,6674,carrier_fr_answering_machine_00139.wav,carrier_fr_answering_machine_#.wav,answering_machine,16000,1,9.3453125,WAV,299094
train,6675,complete_a89fdf3f-d117-4a2a-8550-60cf900f3210_normalized.flac,complete_a#fdf#f-d#-#a#a-#-#cf#f#_normalized.flac,human,16000,1,5.0453125,FLAC,108474
train,6676,03452361-ed10-441b-8fd4-1c76e09bb7aa.flac,#-ed#-#b-#fd#-#c#e#bb#aa.flac,ivr,16000,1,6.92,FLAC,145384
train,6677,human_tts_00023.wav,human_tts_#.wav,human,16000,1,2.376,WAV,76076
train,6678,CAd93a6dbe96553f4eb3a093d923b0ec49_0.wav,CAd#a#dbe#f#eb#a#d#b#ec#_#.wav,human,8000,1,11.68,WAV,93498
train,6679,0d4a9801-831d-4ea7-b287-2b34d09cb801.flac,#d#a#-#d-#ea#-b#-#b#d#cb#.flac,voicemail,16000,1,3.3320625,FLAC,59851
train,6680,am_00057.wav,am_#.wav,answering_machine,16000,1,9.9991875,WAV,320018
train,6681,0d40c3c6-83d1-4466-a092-ee81dbd6490a.flac,#d#c#c#-#d#-#-a#-ee#dbd#a.flac,answering_machine,16000,1,7.012,FLAC,137171
train,6682,083bb8bb-8819-4eff-8226-c4d162febedc.flac,#bb#bb-#-#eff-#-c#d#febedc.flac,answering_machine,16000,1,6.229375,FLAC,133959
train,6683,0d30fdb0-38e3-4753-a9f6-90c54e1783eb.flac,#d#fdb#-#e#-#-a#f#-#c#e#eb.flac,voicemail,16000,1,4.0408125,FLAC,68970
train,6684,0cdaf823-95e2-439d-8c1b-92aa2f01bdd3.flac,#cdaf#-#e#-#d-#c#b-#aa#f#bdd#.flac,answering_machine,16000,1,10.4899375,FLAC,174926
train,6685,carrier_en_ivr_00483.wav,carrier_en_ivr_#.wav,ivr,16000,1,10.0,WAV,320044
train,6686,16889415-98a2-4922-881b-dd7c0a1871de.flac,#-#a#-#-#b-dd#c#a#de.flac,answering_machine,16000,1,12.61875,FLAC,244813
train,6687,13c479dd-17cc-4b14-a0ce-44ff65508e35.flac,#c#dd-#cc-#b#-a#ce-#ff#e#.flac,voicemail,16000,1,14.936875,FLAC,302096
train,6688,00ab64e9-f731-4d3d-90a5-8d5994fc2c12.flac,#ab#e#-f#-#d#d-#a#-#d#fc#c#.flac,ivr,16000,1,11.68,FLAC,239984
train,6689,00bba57f-dd21-4ff6-8576-09dea06546fd.flac,#bba#f-dd#-#ff#-#-#dea#fd.flac,ivr,16000,1,1.8,FLAC,31336
train,6690,0331235a-1d28-40cd-aede-b94c479d8155.flac,#a-#d#-#cd-aede-b#c#d#.flac,ivr,16000,1,6.28,FLAC,141875
train,6691,602ba8f705f96973d6794493.wav,#ba#f#f#d#.wav,human,8000,1,26.368,WAV,211002
train,6692,incomplete_98cb10fe-1c3b-404d-8788-9d9c4eee579e_normalized.flac,incomplete_#cb#fe-#c#b-#d-#-#d#c#eee#e_normalized.flac,human,16000,1,3.8025,FLAC,76169
train,6693,voicemail_00003.wav,voicemail_#.wav,voicemail,16000,1,10.0,WAV,320044
train,6694,0235711b-4992-48ea-a60c-194a09fadfd4.flac,#b-#-#ea-a#c-#a#fadfd#.flac,answering_machine,16000,1,5.5315,FLAC,107775
train,6695,es_ivr_00368.wav,es_ivr_#.wav,ivr,16000,1,8.306,WAV,265836
train,6696,14de4354-8e4f-452c-a15d-767ea7bb9cbc.flac,#de#-#e#f-#c-a#d-#ea#bb#cbc.flac,voicemail,16000,1,5.8398125,FLAC,114571
train,6697,00db07c4-0fff-43ea-8330-ed8b931ace9f.flac,#db#c#-#fff-#ea-#-ed#b#ace#f.flac,ivr,16000,1,4.72,FLAC,85250
train,6698,am_00120.wav,am_#.wav,answering_machine,16000,1,10.0,WAV,320044
train,6699,06fbe5c5-6b8d-40b2-a021-58b582f94e35.flac,#fbe#c#-#b#d-#b#-a#-#b#f#e#.flac,voicemail,16000,1,9.197125,FLAC,200007
train,6700,0636f81b-fca2-4594-b9ce-4289081bcf3f.flac,#f#b-fca#-#-b#ce-#bcf#f.flac,voicemail,16000,1,3.9599375,FLAC,61187
train,6701,00d38fd1-8ed1-4302-b3e5-5e79e3358c7a.flac,#d#fd#-#ed#-#-b#e#-#e#e#c#a.flac,ivr,16000,1,12.24,FLAC,274228
train,6702,0216875c-0145-41a1-a2cf-14017d11fd1f.flac,#c-#-#a#-a#cf-#d#fd#f.flac,ivr,16000,1,8.72,FLAC,167310
train,6703,0898d93e-d64e-47a9-be75-5cb50c1909b4.flac,#d#e-d#e-#a#-be#-#cb#c#b#.flac,voicemail,16000,1,2.532,FLAC,63030
train,6704,0bd3f587-83cd-4770-98b9-0f966702cda4.flac,#bd#f#-#cd-#-#b#-#f#cda#.flac,voicemail,16000,1,2.474,FLAC,55687
train,6705,01bfe510-3a3c-4f6f-b874-ea0170e62de4.flac,#bfe#-#a#c-#f#f-b#-ea#e#de#.flac,answering_machine,16000,1,4.693375,FLAC,96268
train,6706,01e0b909-495b-4f77-87a2-f9c90700597c.flac,#e#b#-#b-#f#-#a#-f#c#c.flac,ivr,16000,1,3.8,FLAC,90465
train,6707,02d424b2-ea93-4a64-a121-2945cf04253f.flac,#d#b#-ea#-#a#-a#-#cf#f.flac,answering_machine,16000,1,4.0746875,FLAC,70291
train,6708,12def982-9c31-410e-98fd-9fc7be1d5078.flac,#def#-#c#-#e-#fd-#fc#be#d#.flac,answering_machine,16000,1,13.431875,FLAC,245765
train,6709,14077f53-f4ba-4ab8-8b07-60c58e02fb35.flac,#f#-f#ba-#ab#-#b#-#c#e#fb#.flac,answering_machine,16000,1,3.668,FLAC,76269
train,6710,carrier_fr_voicemail_00067.wav,carrier_fr_voicemail_#.wav,voicemail,16000,1,10.0,WAV,320044
train,6711,ivr_00035.wav,ivr_#.wav,ivr,16000,1,10.0,WAV,320044
train,6712,0cfd136a-6474-4782-8ac9-9967a7a1b94d.flac,#cfd#a-#-#-#ac#-#a#a#b#d.flac,voicemail,16000,1,15.8361875,FLAC,310786
train,6713,0864b621-e68f-4c52-ab77-97c20763b3ac.flac,#b#-e#f-#c#-ab#-#c#b#ac.flac,answering_machine,16000,1,14.6855625,FLAC,284473
train,6714,carrier_fr_human_00026.wav,carrier_fr_human_#.wav,human,16000,1,1.248,WAV,39980
train,6715,incomplete_cfe4f9e0-bfb5-49b9-a450-ed71faf78c02_normalized.flac,incomplete_cfe#f#e#-bfb#-#b#-a#-ed#faf#c#_normalized.flac,human,16000,1,4.454625,FLAC,83827
train,6716,0210970e-40f4-4dd8-81cb-a400201dc9f0.flac,#e-#f#-#dd#-#cb-a#dc#f#.flac,ivr,16000,1,6.12,FLAC,109473
train,6717,am_00361.wav,am_#.wav,answering_machine,16000,1,7.4760625,WAV,239278
train,6718,12d85abe-ca68-43a0-9b51-49db7d6a0548.flac,#d#abe-ca#-#a#-#b#-#db#d#a#.flac,voicemail,16000,1,2.717,FLAC,39168
train,6719,00f0918b-f902-4dd4-be21-631c4e4c1e31.flac,#f#b-f#-#dd#-be#-#c#e#c#e#.flac,ivr,16000,1,6.08,FLAC,130269
train,6720,04498302-4786-4307-8956-69766013fb36.flac,#-#-#-#-#fb#.flac,voicemail,16000,1,13.4575625,FLAC,292336
train,6721,0c9f0d8c-b8b4-421e-bbb3-8c35789bd84b.flac,#c#f#d#c-b#b#-#e-bbb#-#c#bd#b.flac,voicemail,16000,1,11.37275,FLAC,233352
train,6722,incomplete_2e7af498d31f437e9ea1b939e00fb335.flac,incomplete_#e#af#d#f#e#ea#b#e#fb#.flac,human,16000,1,2.755875,FLAC,49543
train,6723,07a949f2-b774-45d7-8389-575173036450.flac,#a#f#-b#-#d#-#-#.flac,voicemail,16000,1,4.6228125,FLAC,94919
train,6724,0beef034-a979-4fee-a2d1-72eccc63e9e9.flac,#beef#-a#-#fee-a#d#-#eccc#e#e#.flac,voicemail,16000,1,12.1094375,FLAC,239346
train,6725,07ea887d-ee27-4971-a8d7-4d60df73c392.flac,#ea#d-ee#-#-a#d#-#d#df#c#.flac,voicemail,16000,1,6.5944375,FLAC,97823
train,6726,incomplete_5f800bc7-2f1d-4bd5-88a0-08dcb574eb35_normalized.flac,incomplete_#f#bc#-#f#d-#bd#-#a#-#dcb#eb#_normalized.flac,human,16000,1,4.256875,FLAC,75524
train,6727,incomplete_92e87e3e-13c6-4852-81f0-4e491dd4bef6_normalized.flac,incomplete_#e#e#e-#c#-#-#f#-#e#dd#bef#_normalized.flac,human,16000,1,4.2315,FLAC,88461
train,6728,human_real_00044.wav,human_real_#.wav,human,16000,1,4.864,WAV,155692
train,6729,0d792b8f-0d65-47c1-a53a-1f673732d061.flac,#d#b#f-#d#-#c#-a#a-#f#d#.flac,voicemail,16000,1,5.03575,FLAC,71523
train,6730,0144e9ba-b269-43c3-8862-4dd9675c911a.flac,#e#ba-b#-#c#-#-#dd#c#a.flac,voicemail,16000,1,11.57725,FLAC,240594
train,6731,ivr_00190.wav,ivr_#.wav,ivr,16000,1,10.0,WAV,320044
train,6732,0a1f4498-c633-49c7-8542-df954e5de1a7.flac,#a#f#-c#-#c#-#-df#e#de#a#.flac,answering_machine,16000,1,4.1478125,FLAC,67065
train,6733,1177f79e-0661-4f85-aa2b-49f254626394.flac,#f#e-#-#f#-aa#b-#f#.flac,voicemail,16000,1,4.4708125,FLAC,84944
train,6734,am_00387.wav,am_#.wav,answering_machine,16000,1,10.0,WAV,320044
train,6735,voicemail_00064.wav,voicemail_#.wav,voicemail,16000,1,8.509875,WAV,272360
train,6736,0ba130eb-43cd-4d27-a269-a636a7df741f.flac,#ba#eb-#cd-#d#-a#-a#a#df#f.flac,voicemail,16000,1,3.8480625,FLAC,56808
train,6737,0911567c-06dd-48f8-b69b-323c5c3cabe7.flac,#c-#dd-#f#-b#b-#c#c#cabe#.flac,voicemail,16000,1,5.524,FLAC,125862
train,6738,ivr_00146.wav,ivr_#.wav,ivr,16000,1,7.272,WAV,232748
train,6739,01d100fd-46b8-4f38-9356-ce91c9386563.flac,#d#fd-#b#-#f#-#-ce#c#.flac,ivr,16000,1,7.28,FLAC,141287
train,6740,1d3813a6-fad8-4148-b2a9-ad9cd42b56d2.flac,#d#a#-fad#-#-b#a#-ad#cd#b#d#.flac,answering_machine,16000,1,9.1488125,FLAC,174166
train,6741,190bb234-c5db-4dcd-b1fc-97adad1df09e.flac,#bb#-c#db-#dcd-b#fc-#adad#df#e.flac,answering_machine,16000,1,14.707625,FLAC,286169
train,6742,incomplete_882b94e8-e3e6-4ffb-81e0-46ea280875a9_normalized.flac,incomplete_#b#e#-e#e#-#ffb-#e#-#ea#a#_normalized.flac,human,16000,1,4.430625,FLAC,92723
train,6743,human_tts_00137.wav,human_tts_#.wav,human,16000,1,2.088,WAV,66860
train,6744,0bad3d12-3b81-4936-8d12-6e8503b46434.flac,#bad#d#-#b#-#-#d#-#e#b#.flac,answering_machine,16000,1,13.8263125,FLAC,283887
train,6745,carrier_fr_voicemail_00036.wav,carrier_fr_voicemail_#.wav,voicemail,16000,1,8.077625,WAV,258528
train,6746,000d52b8-16df-4742-9b2b-a9a58645a9d9.flac,#d#b#-#df-#-#b#b-a#a#a#d#.flac,ivr,16000,1,6.04,FLAC,127383
train,6747,carrier_fr_answering_machine_00163.wav,carrier_fr_answering_machine_#.wav,answering_machine,16000,1,8.4941875,WAV,271858
train,6748,1465ce62-fb5f-43db-a468-6b234c6f3b8f.flac,#ce#-fb#f-#db-a#-#b#c#f#b#f.flac,answering_machine,16000,1,11.5330625,FLAC,248896
train,6749,03624dd4-7165-40aa-b70c-55a6368eac28.flac,#dd#-#-#aa-b#c-#a#eac#.flac,ivr,16000,1,6.96,FLAC,128737
train,6750,1d227aac-3669-4404-953d-b2d571f3df75.flac,#d#aac-#-#-#d-b#d#f#df#.flac,voicemail,16000,1,4.189375,FLAC,61621
train,6751,01e20bec-0991-4a1b-a3af-9c4ac40d39ac.flac,#e#bec-#-#a#b-a#af-#c#ac#d#ac.flac,ivr,16000,1,12.12,FLAC,258458
train,6752,carrier_fr_answering_machine_00130.wav,carrier_fr_answering_machine_#.wav,answering_machine,16000,1,10.0,WAV,320044
train,6753,human_tts_00109.wav,human_tts_#.wav,human,16000,1,2.448,WAV,78380
train,6754,fr_human_tts_00100.wav,fr_human_tts_#.wav,human,16000,1,3.648,WAV,116780
train,6755,complete_eb16c0c9-45ac-4d66-8f2e-f7edfc04ed32_normalized.flac,complete_eb#c#c#-#ac-#d#-#f#e-f#edfc#ed#_normalized.flac,human,16000,1,4.936875,FLAC,108479
train,6756,16d765f1-f4f2-41a9-a801-824dcbd4da81.flac,#d#f#-f#f#-#a#-a#-#dcbd#da#.flac,voicemail,16000,1,3.597125,FLAC,62747
train,6757,0d468b8f-4110-4aff-9d9e-57ac789c15c3.flac,#d#b#f-#-#aff-#d#e-#ac#c#c#.flac,answering_machine,16000,1,16.0,FLAC,302489
train,6758,0c9a22fe-a501-4a8e-a57a-8e7e07594628.flac,#c#a#fe-a#-#a#e-a#a-#e#e#.flac,answering_machine,16000,1,16.0,FLAC,342794
train,6759,195eca3c-5259-4a5c-a479-a0c872fb03a7.flac,#eca#c-#-#a#c-a#-a#c#fb#a#.flac,answering_machine,16000,1,11.9469375,FLAC,232546
train,6760,0223262c-ecaa-4cce-8cb2-40166d1b4b85.flac,#c-ecaa-#cce-#cb#-#d#b#b#.flac,ivr,16000,1,10.24,FLAC,188903
train,6761,0cfd22a0-559b-473b-a746-2042a0e8a62e.flac,#cfd#a#-#b-#b-a#-#a#e#a#e.flac,answering_machine,16000,1,4.82,FLAC,101397
train,6762,117f21c7-946b-40e9-959e-7036a1b78942.flac,#f#c#-#b-#e#-#e-#a#b#.flac,voicemail,16000,1,11.138125,FLAC,221895
train,6763,incomplete_5fcf928f-49cc-44ad-bbc3-b54f5bb7225e_normalized.flac,incomplete_#fcf#f-#cc-#ad-bbc#-b#f#bb#e_normalized.flac,human,16000,1,2.627625,FLAC,53318
train,6764,0414bd69-489a-4512-8067-c85c09e1f39c.flac,#bd#-#a-#-#-c#c#e#f#c.flac,answering_machine,16000,1,11.9994375,FLAC,240908
train,6765,voicemail_00104.wav,voicemail_#.wav,voicemail,16000,1,10.0,WAV,320044
train,6766,voicemail_00392.wav,voicemail_#.wav,voicemail,16000,1,10.0,WAV,320044
train,6767,60268d83c7abb7f832138a55.wav,#d#c#abb#f#a#.wav,human,8000,1,5.461375,WAV,43750
train,6768,fr_human_tts_00110.wav,fr_human_tts_#.wav,human,16000,1,2.736,WAV,87596
train,6769,17df2c9b-2a06-41f0-96f9-9614868a47cf.flac,#df#c#b-#a#-#f#-#f#-#a#cf.flac,answering_machine,16000,1,3.172,FLAC,66531
train,6770,01412369-0bfc-4759-994d-6a3aa760aa45.flac,#-#bfc-#-#d-#a#aa#aa#.flac,ivr,16000,1,2.48,FLAC,50304
train,6771,004da9b4-23e1-4bd0-a217-79206f2d983b.flac,#da#b#-#e#-#bd#-a#-#f#d#b.flac,ivr,16000,1,5.96,FLAC,116245
train,6772,complete_0cef0e28-2a63-4138-9b2c-7ede96110806_normalized.flac,complete_#cef#e#-#a#-#-#b#c-#ede#_normalized.flac,human,16000,1,5.7,FLAC,89783
train,6773,ivr_00340.wav,ivr_#.wav,ivr,16000,1,9.384,WAV,300332
train,6774,0f29a11b-7941-4884-b29c-edf5834b2cff.flac,#f#a#b-#-#-b#c-edf#b#cff.flac,answering_machine,16000,1,11.77375,FLAC,215588
train,6775,602663c1c7abb7f8321382ce.wav,#c#c#abb#f#ce.wav,human,8000,1,17.749375,WAV,142054
train,6776,602ba9c25f67b421554f6459.wav,#ba#c#f#b#f#.wav,human,8000,1,3.925375,WAV,31462
train,6777,01c5c686-7504-443e-9864-bd580ede9ebf.flac,#c#c#-#-#e-#-bd#ede#ebf.flac,ivr,16000,1,7.72,FLAC,167954
train,6778,ivr_00297.wav,ivr_#.wav,ivr,16000,1,10.0,WAV,320044
train,6779,am_00156.wav,am_#.wav,answering_machine,16000,1,10.0,WAV,320044
train,6780,am_00074.wav,am_#.wav,answering_machine,16000,1,9.568875,WAV,306248
train,6781,1a485e6a-dc87-420c-b590-64999765c4c5.flac,#a#e#a-dc#-#c-b#-#c#c#.flac,voicemail,16000,1,14.326625,FLAC,284447
train,6782,0d8bb906-01c1-48e0-9a70-cf40d92448bb.flac,#d#bb#-#c#-#e#-#a#-cf#d#bb.flac,answering_machine,16000,1,15.1045625,FLAC,306497
train,6783,incomplete_748045a9-8db1-4850-aaf7-75a905297ebe_normalized.flac,incomplete_#a#-#db#-#-aaf#-#a#ebe_normalized.flac,human,16000,1,7.5,FLAC,144184
train,6784,voicemail_00032.wav,voicemail_#.wav,voicemail,16000,1,9.4094375,WAV,301146
train,6785,1bb17e37-6ed1-46d7-b898-a4ffd5429741.flac,#bb#e#-#ed#-#d#-b#-a#ffd#.flac,answering_machine,16000,1,3.524875,FLAC,56621
train,6786,voicemail_00045.wav,voicemail_#.wav,voicemail,16000,1,9.1859375,WAV,293994
train,6787,fr_ivr_00179.wav,fr_ivr_#.wav,ivr,16000,1,8.832,WAV,282668
train,6788,0f2cf766-d2b7-44c5-a103-7c46950594a6.flac,#f#cf#-d#b#-#c#-a#-#c#a#.flac,answering_machine,16000,1,14.664125,FLAC,263282
train,6789,1b47efb0-7f48-49c2-a583-38d4b8b91462.flac,#b#efb#-#f#-#c#-a#-#d#b#b#.flac,voicemail,16000,1,12.25675,FLAC,245064
train,6790,0caf07c8-fd19-4b3a-ade7-1b3b887e0738.flac,#caf#c#-fd#-#b#a-ade#-#b#b#e#.flac,voicemail,16000,1,16.0,FLAC,334517
train,6791,0066608c-4bb8-4ff1-a7ac-56bd0f82ebaf.flac,#c-#bb#-#ff#-a#ac-#bd#f#ebaf.flac,ivr,16000,1,9.04,FLAC,180309
train,6792,fr_human_real_00033.wav,fr_human_real_#.wav,human,16000,1,10.0,WAV,320044
train,6793,159c300a-2b4a-424b-a600-9d942ac7d6a5.flac,#c#a-#b#a-#b-a#-#d#ac#d#a#.flac,voicemail,16000,1,3.515,FLAC,62331
train,6794,response_50.wav,response_#.wav,human,8000,1,11.093375,WAV,88806
train,6795,05db50bb-4d0b-4e4e-b890-c1763e35fe14.flac,#db#bb-#d#b-#e#e-b#-c#e#fe#.flac,voicemail,16000,1,14.1569375,FLAC,319956
train,6796,incomplete_337e925605174f80b3a51be5c68144aa.flac,incomplete_#e#f#b#a#be#c#aa.flac,human,16000,1,3.6628125,FLAC,62769
train,6797,06986dc7-6ad3-4414-bde4-47acb6b29258.flac,#dc#-#ad#-#-bde#-#acb#b#.flac,voicemail,16000,1,4.331,FLAC,92698
train,6798,00d2ad33-f5f3-4bb3-87a0-8cb0249fc5a8.flac,#d#ad#-f#f#-#bb#-#a#-#cb#fc#a#.flac,voicemail,16000,1,14.9663125,FLAC,263502
train,6799,complete_037e72aa-1b0b-4edc-9c40-3af8f891cace_normalized.flac,complete_#e#aa-#b#b-#edc-#c#-#af#f#cace_normalized.flac,human,16000,1,3.2925,FLAC,70916
train,6800,111c6998-36d1-42d4-a947-c93583702c8b.flac,#c#-#d#-#d#-a#-c#c#b.flac,answering_machine,16000,1,9.6249375,FLAC,189111
train,6801,incomplete_566d2999-3eaa-4733-b946-7150c345ee68_normalized.flac,incomplete_#d#-#eaa-#-b#-#c#ee#_normalized.flac,human,16000,1,4.167625,FLAC,80912
train,6802,response_22.wav,response_#.wav,human,8000,1,3.669375,WAV,29414
train,6803,0b39a9b9-3d24-4aeb-bde8-41f1eea2bf37.flac,#b#a#b#-#d#-#aeb-bde#-#f#eea#bf#.flac,voicemail,16000,1,10.513625,FLAC,181986
train,6804,1d486d31-5e6f-4740-9b13-4cbe191eb905.flac,#d#d#-#e#f-#-#b#-#cbe#eb#.flac,voicemail,16000,1,5.20125,FLAC,107803
train,6805,complete_37e3a4a710154f4698fe43ba95143e11.flac,complete_#e#a#a#f#fe#ba#e#.flac,human,16000,1,1.511625,FLAC,13958
train,6806,fr_human_real_00013.wav,fr_human_real_#.wav,human,16000,1,5.717375,WAV,183000
train,6807,ivr_00247.wav,ivr_#.wav,ivr,16000,1,8.600875,WAV,275272
train,6808,13bb2171-ea68-4774-a198-c62d8e5938e4.flac,#bb#-ea#-#-a#-c#d#e#e#.flac,voicemail,16000,1,15.4274375,FLAC,288644
train,6809,0695341d-e7f9-482a-95ac-77758c9761b3.flac,#d-e#f#-#a-#ac-#c#b#.flac,answering_machine,16000,1,3.5996875,FLAC,69383
train,6810,016c0849-982c-4357-810b-6c4140f5bdad.flac,#c#-#c-#-#b-#c#f#bdad.flac,answering_machine,16000,1,7.936,FLAC,169367
train,6811,093f0573-32a0-4377-9a88-b37aff2aee61.flac,#f#-#a#-#-#a#-b#aff#aee#.flac,answering_machine,16000,1,10.6441875,FLAC,206317
train,6812,00ebdca2-68fc-4c48-b70c-1b2141daf60f.flac,#ebdca#-#fc-#c#-b#c-#b#daf#f.flac,ivr,16000,1,5.72,FLAC,116266
train,6813,0249a0da-fcff-4c29-8ac3-a88517d1c00d.flac,#a#da-fcff-#c#-#ac#-a#d#c#d.flac,ivr,16000,1,5.8,FLAC,114021
train,6814,response_12.wav,response_#.wav,human,8000,1,3.072,WAV,24634
train,6815,incomplete_3e52bbd5-0606-4b4e-ae7f-437b5c9c302a_normalized.flac,incomplete_#e#bbd#-#-#b#e-ae#f-#b#c#c#a_normalized.flac,human,16000,1,2.996,FLAC,64041
train,6816,1ba33000-1586-4747-acfe-4c7d51798c52.flac,#ba#-#-#-acfe-#c#d#c#.flac,voicemail,16000,1,14.244375,FLAC,273315
train,6817,01b1527e-26e8-406d-8f22-b76e4a8b59c8.flac,#b#e-#e#-#d-#f#-b#e#a#b#c#.flac,ivr,16000,1,5.04,FLAC,92347
train,6818,138c9a6b-a5e3-4e04-aa72-a91c1579dd32.flac,#c#a#b-a#e#-#e#-aa#-a#c#dd#.flac,voicemail,16000,1,14.5881875,FLAC,304540
train,6819,02c59f94-5ac3-4c96-92ef-c2346bb45a78.flac,#c#f#-#ac#-#c#-#ef-c#bb#a#.flac,ivr,16000,1,10.24,FLAC,185351
train,6820,0b57da92-a00a-4696-bafe-a87998557e1c.flac,#b#da#-a#a-#-bafe-a#e#c.flac,answering_machine,16000,1,2.132,FLAC,47283
train,6821,0311c6c8-859d-42de-9a44-6f4794e491a7.flac,#c#c#-#d-#de-#a#-#f#e#a#.flac,voicemail,16000,1,12.5995,FLAC,245747
train,6822,02dd0c05-6de7-4874-b099-0c41f4ae760a.flac,#dd#c#-#de#-#-b#-#c#f#ae#a.flac,ivr,16000,1,7.44,FLAC,137507
train,6823,149da3d0-b963-4154-b0bb-666f4bbf8808.flac,#da#d#-b#-#-b#bb-#f#bbf#.flac,voicemail,16000,1,11.5085625,FLAC,216767
train,6824,016a7cf0-a504-43f2-b61e-7d7fbd89279c.flac,#a#cf#-a#-#f#-b#e-#d#fbd#c.flac,ivr,16000,1,7.32,FLAC,135014
train,6825,carrier_en_answering_machine_00502.wav,carrier_en_answering_machine_#.wav,answering_machine,16000,1,8.0549375,WAV,257802
train,6826,1862db8d-2b49-454b-b62d-6a7587bdf6c1.flac,#db#d-#b#-#b-b#d-#a#bdf#c#.flac,voicemail,16000,1,16.0,FLAC,304756
train,6827,incomplete_0159b1d5-ab04-4e13-a4a5-f635cce4d774_normalized.flac,incomplete_#b#d#-ab#-#e#-a#a#-f#cce#d#_normalized.flac,human,16000,1,8.465625,FLAC,161110
train,6828,0029a93b-ced5-4386-a669-cea59242fad5.flac,#a#b-ced#-#-a#-cea#fad#.flac,answering_machine,16000,1,4.87525,FLAC,79897
train,6829,de_human_real_00420.wav,de_human_real_#.wav,human,16000,1,7.28,WAV,233004
train,6830,16568a30-6363-44da-877b-1765038512fe.flac,#a#-#-#da-#b-#fe.flac,answering_machine,16000,1,10.115875,FLAC,181261
train,6831,complete_59ddaf1d-40a0-426c-b3c7-1782a7cdd87a_normalized.flac,complete_#ddaf#d-#a#-#c-b#c#-#a#cdd#a_normalized.flac,human,16000,1,4.394625,FLAC,96345
train,6832,incomplete_ff24d522-473b-4398-8285-03219f993be3_normalized.flac,incomplete_ff#d#-#b-#-#-#f#be#_normalized.flac,human,16000,1,8.22325,FLAC,153308
train,6833,incomplete_3b6ac8e32d034236b1bcd20901afc53b.flac,incomplete_#b#ac#e#d#b#bcd#afc#b.flac,human,16000,1,4.1860625,FLAC,60129
train,6834,voicemail_00269.wav,voicemail_#.wav,voicemail,16000,1,9.668625,WAV,309440
train,6835,00f0d47b-d067-4424-89ea-2d1ca7ab876a.flac,#f#d#b-d#-#-#ea-#d#ca#ab#a.flac,ivr,16000,1,5.96,FLAC,125722
train,6836,0b2f2100-4565-4f7d-afbe-54a699c77319.flac,#b#f#-#-#f#d-afbe-#a#c#.flac,answering_machine,16000,1,5.8026875,FLAC,124449
train,6837,055d2c29-6235-4060-9bbc-50742bbe8c04.flac,#d#c#-#-#-#bbc-#bbe#c#.flac,answering_machine,16000,1,16.0,FLAC,332633
train,6838,14a59395-bf83-4571-8f9e-738d49d9b967.flac,#a#-bf#-#-#f#e-#d#d#b#.flac,answering_machine,16000,1,12.715375,FLAC,258516
train,6839,14f89b5e-e0d0-4bfe-86ba-c8d0a731e84e.flac,#f#b#e-e#d#-#bfe-#ba-c#d#a#e#e.flac,answering_machine,16000,1,3.669,FLAC,78625
train,6840,de_human_real_00406.wav,de_human_real_#.wav,human,16000,1,7.082625,WAV,226688
train,6841,am_00288.wav,am_#.wav,answering_machine,16000,1,9.30825,WAV,297908
train,6842,complete_16007c5c-ca6c-4249-a3bf-cbb7d697a470_normalized.flac,complete_#c#c-ca#c-#-a#bf-cbb#d#a#_normalized.flac,human,16000,1,2.976,FLAC,58513
train,6843,02ab1000-d576-43ca-a668-d271fc2b193b.flac,#ab#-d#-#ca-a#-d#fc#b#b.flac,answering_machine,16000,1,10.3536875,FLAC,198709
train,6844,00478079-c51b-4512-9967-a4376ba27f03.flac,#-c#b-#-#-a#ba#f#.flac,ivr,16000,1,8.88,FLAC,160601
train,6845,0dc5346e-de15-45e6-8e4a-4b7eb84a57c5.flac,#dc#e-de#-#e#-#e#a-#b#eb#a#c#.flac,answering_machine,16000,1,9.557375,FLAC,195437
train,6846,064c1613-579e-4101-8d5f-14e4b9fbb207.flac,#c#-#e-#-#d#f-#e#b#fbb#.flac,answering_machine,16000,1,3.6395,FLAC,63410
train,6847,1d338aaa-8311-455f-97a5-3c7763394e37.flac,#d#aaa-#-#f-#a#-#c#e#.flac,voicemail,16000,1,6.7918125,FLAC,98250
train,6848,02df59b0-f7d9-4208-8758-106ded28a263.flac,#df#b#-f#d#-#-#-#ded#a#.flac,ivr,16000,1,5.32,FLAC,102449
train,6849,complete_17d91e6b-75ed-400f-ae12-91f808631975_normalized.flac,complete_#d#e#b-#ed-#f-ae#-#f#_normalized.flac,human,16000,1,4.388125,FLAC,86275
train,6850,human_real_00173.wav,human_real_#.wav,human,16000,1,10.0,WAV,320044
train,6851,fr_human_real_00055.wav,fr_human_real_#.wav,human,16000,1,10.0,WAV,320044
train,6852,14ad0b55-c3a5-4cb2-890e-9fd672bf9ec5.flac,#ad#b#-c#a#-#cb#-#e-#fd#bf#ec#.flac,answering_machine,16000,1,9.216,FLAC,196630
train,6853,carrier_fr_voicemail_00063.wav,carrier_fr_voicemail_#.wav,voicemail,16000,1,10.0,WAV,320044
train,6854,am_00334.wav,am_#.wav,answering_machine,16000,1,10.0,WAV,320044
train,6855,011fc9bd-4c85-4c02-83f1-c0bdcf9a3217.flac,#fc#bd-#c#-#c#-#f#-c#bdcf#a#.flac,ivr,16000,1,10.16,FLAC,204058
train,6856,000e4fe1-9677-4894-8ffa-e86b2aff28b1.flac,#e#fe#-#-#-#ffa-e#b#aff#b#.flac,ivr,16000,1,4.04,FLAC,75775
train,6857,029b6b3d-efb7-471f-bb5d-e08c32acd075.flac,#b#b#d-efb#-#f-bb#d-e#c#acd#.flac,ivr,16000,1,8.12,FLAC,173160
train,6858,0122e751-9406-46f2-9c31-517122229841.flac,#e#-#-#f#-#c#-#.flac,answering_machine,16000,1,15.808125,FLAC,299289
train,6859,0fa53345-81ab-49c0-9831-fec0f541ea8e.flac,#fa#-#ab-#c#-#-fec#f#ea#e.flac,voicemail,16000,1,4.62075,FLAC,71930
train,6860,001db9fa-c4ac-4e8f-94e1-39c780794242.flac,#db#fa-c#ac-#e#f-#e#-#c#.flac,ivr,16000,1,6.4,FLAC,133774
train,6861,human_real_00040.wav,human_real_#.wav,human,16000,1,8.874625,WAV,284032
train,6862,02d075e9-5fcd-44c2-8431-c8ee35bc99d6.flac,#d#e#-#fcd-#c#-#-c#ee#bc#d#.flac,ivr,16000,1,10.72,FLAC,225990
train,6863,60268d32c7abb7f832138a18.wav,#d#c#abb#f#a#.wav,human,8000,1,14.582125,WAV,116716
train,6864,1a82d06e-c92c-46db-9fdb-64a731fbb9d8.flac,#a#d#e-c#c-#db-#fdb-#a#fbb#d#.flac,answering_machine,16000,1,3.056375,FLAC,55055
train,6865,0297efe2-82f1-46ed-bde4-1ea2dc7990d6.flac,#efe#-#f#-#ed-bde#-#ea#dc#d#.flac,ivr,16000,1,7.2,FLAC,159163
train,6866,60268ab1c7abb7f832138879.wav,#ab#c#abb#f#.wav,human,8000,1,4.778625,WAV,38288
train,6867,human_tts_00197.wav,human_tts_#.wav,human,16000,1,3.144,WAV,100652
train,6868,carrier_fr_voicemail_00059.wav,carrier_fr_voicemail_#.wav,voicemail,16000,1,10.0,WAV,320044
train,6869,response_2.wav,response_#.wav,human,8000,1,11.434625,WAV,91536
train,6870,08546111-b4a2-45db-a506-1cb90f7fd312.flac,#-b#a#-#db-a#-#cb#f#fd#.flac,voicemail,16000,1,12.87375,FLAC,278089
train,6871,01b18958-ff79-4aa4-89d8-ac76e41456d1.flac,#b#-ff#-#aa#-#d#-ac#e#d#.flac,ivr,16000,1,4.72,FLAC,85524
train,6872,1e4be91a-d77a-422b-ae73-14a6d61b6056.flac,#e#be#a-d#a-#b-ae#-#a#d#b#.flac,voicemail,16000,1,15.8105625,FLAC,357017
train,6873,025b5119-87c5-4b3e-8ebc-c0d49f83b57f.flac,#b#-#c#-#b#e-#ebc-c#d#f#b#f.flac,ivr,16000,1,3.52,FLAC,67553
train,6874,087f76e1-73f3-460b-8e5f-65c9b8887b8d.flac,#f#e#-#f#-#b-#e#f-#c#b#b#d.flac,voicemail,16000,1,12.9394375,FLAC,267833
train,6875,6026671edc3604f481bcb5b6.wav,#edc#f#bcb#b#.wav,human,8000,1,6.4,WAV,51258
train,6876,025111bd-4a1b-4317-82ce-575e17358194.flac,#bd-#a#b-#-#ce-#e#.flac,ivr,16000,1,9.36,FLAC,187006
train,6877,complete_1866c4db-c3a6-4525-8655-409d2279307a_normalized.flac,complete_#c#db-c#a#-#-#-#d#a_normalized.flac,human,16000,1,5.299375,FLAC,110541
train,6878,human_real_00072.wav,human_real_#.wav,human,16000,1,3.328,WAV,106540
train,6879,incomplete_35504bc8-e217-4f75-88c9-864f674f7ca9_normalized.flac,incomplete_#bc#-e#-#f#-#c#-#f#f#ca#_normalized.flac,human,16000,1,3.784375,FLAC,83478
train,6880,019ed04e-ca70-49d8-a4aa-5a70c1ba7745.flac,#ed#e-ca#-#d#-a#aa-#a#c#ba#.flac,answering_machine,16000,1,5.8026875,FLAC,120390
train,6881,073c24d6-7ac5-4350-a049-f6fc5ab7d7e1.flac,#c#d#-#ac#-#-a#-f#fc#ab#d#e#.flac,voicemail,16000,1,15.6773125,FLAC,296223
train,6882,incomplete_038f99c9-31f6-469c-a5d8-42c5d035ff70_normalized.flac,incomplete_#f#c#-#f#-#c-a#d#-#c#d#ff#_normalized.flac,human,16000,1,8.390625,FLAC,156326
train,6883,fr_am_00227.wav,fr_am_#.wav,answering_machine,16000,1,8.254375,WAV,264184
train,6884,1430a729-05cc-4d71-b779-3202dc9001d1.flac,#a#-#cc-#d#-b#-#dc#d#.flac,answering_machine,16000,1,14.867125,FLAC,331469
train,6885,fr_human_tts_00092.wav,fr_human_tts_#.wav,human,16000,1,2.52,WAV,80684
train,6886,voicemail_00015.wav,voicemail_#.wav,voicemail,16000,1,10.0,WAV,320044
train,6887,02408b8c-e349-410b-9e1e-c425715f8274.flac,#b#c-e#-#b-#e#e-c#f#.flac,answering_machine,16000,1,12.599625,FLAC,251660
train,6888,02271558-0622-4605-bbb8-d7cdc87d5380.flac,#-#-#-bbb#-d#cdc#d#.flac,ivr,16000,1,5.08,FLAC,100828
train,6889,00793376-646f-4a29-91ec-3ec366d915b7.flac,#-#f-#a#-#ec-#ec#d#b#.flac,ivr,16000,1,11.72,FLAC,253421
train,6890,00c3b9a7-fd9d-4d32-90ac-046d480c3743.flac,#c#b#a#-fd#d-#d#-#ac-#d#c#.flac,ivr,16000,1,7.88,FLAC,151303
train,6891,ivr_00205.wav,ivr_#.wav,ivr,16000,1,9.96,WAV,318764
train,6892,incomplete_25b741e47d864a149ec84f7f2667e4da.flac,incomplete_#b#e#d#a#ec#f#f#e#da.flac,human,16000,1,7.5986875,FLAC,95760
train,6893,0758f6f7-8ef6-4bd3-b483-5c7f10bbd90f.flac,#f#f#-#ef#-#bd#-b#-#c#f#bbd#f.flac,voicemail,16000,1,4.6234375,FLAC,82978
train,6894,0dc585d1-194d-4f49-9574-1c5dea1b2c4c.flac,#dc#d#-#d-#f#-#-#c#dea#b#c#c.flac,voicemail,16000,1,16.0,FLAC,267176
train,6895,198ee2ec-632c-4482-89f4-a7d61288c6d8.flac,#ee#ec-#c-#-#f#-a#d#c#d#.flac,voicemail,16000,1,7.652,FLAC,172790
train,6896,complete_2889cec1-c2cb-453b-bcc8-73a1c74ee70d_normalized.flac,complete_#cec#-c#cb-#b-bcc#-#a#c#ee#d_normalized.flac,human,16000,1,2.176,FLAC,38554
train,6897,1b558d0d-e435-4473-b659-6a084063f201.flac,#b#d#d-e#-#-b#-#a#f#.flac,answering_machine,16000,1,2.356,FLAC,50563
train,6898,0a946b3d-88ae-48ea-916d-6731da001718.flac,#a#b#d-#ae-#ea-#d-#da#.flac,voicemail,16000,1,16.0,FLAC,288784
train,6899,de_ivr_00501.wav,de_ivr_#.wav,ivr,16000,1,7.512,WAV,240428
train,6900,incomplete_149049a9-985e-43fd-add1-f1e0dc9eecfe_normalized.flac,incomplete_#a#-#e-#fd-add#-f#e#dc#eecfe_normalized.flac,human,16000,1,6.1275,FLAC,121858
train,6901,es_human_real_00282.wav,es_human_real_#.wav,human,16000,1,9.642625,WAV,308608
train,6902,complete_69a7e19c-e76c-4a0a-8f0e-847ed0f9e9f8_normalized.flac,complete_#a#e#c-e#c-#a#a-#f#e-#ed#f#e#f#_normalized.flac,human,16000,1,4.69125,FLAC,102815
train,6903,0731fab7-f711-46c8-80d0-208b8f9363ff.flac,#fab#-f#-#c#-#d#-#b#f#ff.flac,answering_machine,16000,1,13.5018125,FLAC,279280
train,6904,voicemail_00229.wav,voicemail_#.wav,voicemail,16000,1,7.57475,WAV,242436
train,6905,602baba9bb1e6d0fbce921a9.wav,#baba#bb#e#d#fbce#a#.wav,human,8000,1,4.522625,WAV,36240
train,6906,0ed5c70a-ec97-4e29-a215-d1dc900d4ddd.flac,#ed#c#a-ec#-#e#-a#-d#dc#d#ddd.flac,voicemail,16000,1,2.02,FLAC,41593
train,6907,carrier_en_voicemail_00451.wav,carrier_en_voicemail_#.wav,voicemail,16000,1,10.0,WAV,320044
train,6908,es_voicemail_00326.wav,es_voicemail_#.wav,voicemail,16000,1,7.8488125,WAV,251206
train,6909,response_30.wav,response_#.wav,human,8000,1,6.485375,WAV,51942
train,6910,human_tts_00163.wav,human_tts_#.wav,human,16000,1,1.536,WAV,49196
train,6911,00710154-6352-423c-b192-51953a7f7a69.flac,#-#-#c-b#-#a#f#a#.flac,answering_machine,16000,1,13.515625,FLAC,263071
train,6912,voicemail_00387.wav,voicemail_#.wav,voicemail,16000,1,7.38675,WAV,236420
train,6913,09b9b17d-326f-4e63-9db7-c2b2cb7346c5.flac,#b#b#d-#f-#e#-#db#-c#b#cb#c#.flac,voicemail,16000,1,7.1894375,FLAC,146147
train,6914,02dbd647-a0b3-4480-a980-46b499c14adb.flac,#dbd#-a#b#-#-a#-#b#c#adb.flac,ivr,16000,1,3.84,FLAC,80937
train,6915,020aa607-b20d-4282-b23d-9d5aa2f423bd.flac,#aa#-b#d-#-b#d-#d#aa#f#bd.flac,ivr,16000,1,4.44,FLAC,85864
train,6916,0025d6e2-f31d-4946-bd2e-399b3d780032.flac,#d#e#-f#d-#-bd#e-#b#d#.flac,ivr,16000,1,4.64,FLAC,82633
train,6917,am_00051.wav,am_#.wav,answering_machine,16000,1,10.0,WAV,320044
train,6918,18ce1a5b-31d9-4d21-92a5-ac9c29e0b6d9.flac,#ce#a#b-#d#-#d#-#a#-ac#c#e#b#d#.flac,voicemail,16000,1,3.9089375,FLAC,67193
train,6919,complete_e2c9033e-0f1d-4b1d-ba22-68495f58a7b5_normalized.flac,complete_e#c#e-#f#d-#b#d-ba#-#f#a#b#_normalized.flac,human,16000,1,3.3386875,FLAC,75268
train,6920,602663eac421a821df7c171f.wav,#eac#a#df#c#f.wav,human,8000,1,7.424,WAV,59450
train,6921,carrier_es_answering_machine_00268.wav,carrier_es_answering_machine_#.wav,answering_machine,16000,1,10.0,WAV,320044
train,6922,0334b0e6-6500-4920-bd77-7f0fe35fd99e.flac,#b#e#-#-#-bd#-#f#fe#fd#e.flac,ivr,16000,1,14.44,FLAC,323029
train,6923,incomplete_06d4b078-4214-485a-b005-33eb49ad20de_normalized.flac,incomplete_#d#b#-#-#a-b#-#eb#ad#de_normalized.flac,human,16000,1,5.1,FLAC,81748
train,6924,04f4903a-2527-4c66-9df7-cb0f7b0946ff.flac,#f#a-#-#c#-#df#-cb#f#b#ff.flac,answering_machine,16000,1,5.820625,FLAC,119803
train,6925,602ba832963e11ccd901cd12.wav,#ba#e#ccd#cd#.wav,human,8000,1,6.485375,WAV,51942
train,6926,602ba8b0bb1e6d0fbce92106.wav,#ba#b#bb#e#d#fbce#.wav,human,8000,1,13.568,WAV,108602
train,6927,complete_4b1b6ebefb124c959431b8b2dff5c380.flac,complete_#b#b#ebefb#c#b#b#dff#c#.flac,human,16000,1,2.314,FLAC,38841
train,6928,0f546526-7f1d-473a-a9fc-2c91e57e6f51.flac,#f#-#f#d-#a-a#fc-#c#e#e#f#.flac,voicemail,16000,1,3.536625,FLAC,60637
train,6929,151d3611-b83a-4f95-b858-f826ef1633ec.flac,#d#-b#a-#f#-b#-f#ef#ec.flac,answering_machine,16000,1,5.973375,FLAC,118327
train,6930,13723892-5292-486a-897e-764510afa585.flac,#-#-#a-#e-#afa#.flac,answering_machine,16000,1,4.6091875,FLAC,73723
train,6931,0092353b-a9db-4b82-b7e5-6b8887b0ba0a.flac,#b-a#db-#b#-b#e#-#b#b#ba#a.flac,ivr,16000,1,10.56,FLAC,204428
train,6932,151331d2-321c-4048-8ea5-82c6173f1c4f.flac,#d#-#c-#-#ea#-#c#f#c#f.flac,voicemail,16000,1,3.518,FLAC,68063
train,6933,12541b61-9c95-4d28-b230-7dd78bc725e6.flac,#b#-#c#-#d#-b#-#dd#bc#e#.flac,answering_machine,16000,1,12.8771875,FLAC,263681
train,6934,es_human_real_00281.wav,es_human_real_#.wav,human,16000,1,6.873125,WAV,219984
train,6935,ivr_00316.wav,ivr_#.wav,ivr,16000,1,8.448,WAV,270380
train,6936,184f44d2-097b-4cb9-8345-6d831617b23b.flac,#f#d#-#b-#cb#-#-#d#b#b.flac,answering_machine,16000,1,11.2965625,FLAC,220298
train,6937,ivr_00236.wav,ivr_#.wav,ivr,16000,1,8.448,WAV,270380
train,6938,01bc2dae-3786-4fd0-a84d-3d7953b6c6bf.flac,#bc#dae-#-#fd#-a#d-#d#b#c#bf.flac,ivr,16000,1,6.76,FLAC,125019
train,6939,030a6434-a740-4837-83b4-7174bcee313d.flac,#a#-a#-#-#b#-#bcee#d.flac,ivr,16000,1,6.4,FLAC,134313
train,6940,carrier_de_ivr_00360.wav,carrier_de_ivr_#.wav,ivr,16000,1,10.0,WAV,320044
train,6941,carrier_fr_ivr_00125.wav,carrier_fr_ivr_#.wav,ivr,16000,1,10.0,WAV,320044
train,6942,0126ed5f-bddf-4d5c-a4bf-669475fcc7b6.flac,#ed#f-bddf-#d#c-a#bf-#fcc#b#.flac,ivr,16000,1,7.4,FLAC,154465
train,6943,02ef3543-a604-498f-8db3-2d1f1e847a1b.flac,#ef#-a#-#f-#db#-#d#f#e#a#b.flac,ivr,16000,1,10.32,FLAC,198347
train,6944,voicemail_00093.wav,voicemail_#.wav,voicemail,16000,1,10.0,WAV,320044
train,6945,carrier_en_voicemail_00437.wav,carrier_en_voicemail_#.wav,voicemail,16000,1,10.0,WAV,320044
train,6946,60268eb5dc3604f481bcb7fe.wav,#eb#dc#f#bcb#fe.wav,human,8000,1,4.522625,WAV,36240
train,6947,04880f5a-3c69-4c78-8462-903048d2b90b.flac,#f#a-#c#-#c#-#-#d#b#b.flac,voicemail,16000,1,3.988875,FLAC,73223
train,6948,17ec67ba-e344-4858-b1df-6f49280e1da9.flac,#ec#ba-e#-#-b#df-#f#e#da#.flac,answering_machine,16000,1,11.1786875,FLAC,240877
train,6949,0364a9a4-aea5-42a9-bc03-b2775640d835.flac,#a#a#-aea#-#a#-bc#-b#d#.flac,ivr,16000,1,3.88,FLAC,73806
train,6950,ivr_00228.wav,ivr_#.wav,ivr,16000,1,8.5649375,WAV,274122
train,6951,incomplete_ad9677d0-5ee0-4f91-9565-0629265f6bc1_normalized.flac,incomplete_ad#d#-#ee#-#f#-#-#f#bc#_normalized.flac,human,16000,1,3.30125,FLAC,64947
train,6952,am_00217.wav,am_#.wav,answering_machine,16000,1,10.0,WAV,320044
train,6953,incomplete_7e900638-dffa-4377-bf15-6a07c9e003ee_normalized.flac,incomplete_#e#-dffa-#-bf#-#a#c#e#ee_normalized.flac,human,16000,1,5.2125,FLAC,106991
train,6954,de_human_real_00408.wav,de_human_real_#.wav,human,16000,1,10.0,WAV,320044
train,6955,complete_2d49ca662daa4065a6ee1c9f6ab0d91e.flac,complete_#d#ca#daa#a#ee#c#f#ab#d#e.flac,human,16000,1,5.4535,FLAC,90379
train,6956,005b0b72-bc2f-4ab3-bdc4-57a61c9fb920.flac,#b#b#-bc#f-#ab#-bdc#-#a#c#fb#.flac,ivr,16000,1,6.08,FLAC,123208
train,6957,human_tts_00041.wav,human_tts_#.wav,human,16000,1,2.256,WAV,72236
train,6958,am_00266.wav,am_#.wav,answering_machine,16000,1,9.5894375,WAV,306906
train,6959,029f48b2-b6d9-4ab9-896d-ed33655b7d70.flac,#f#b#-b#d#-#ab#-#d-ed#b#d#.flac,ivr,16000,1,8.8,FLAC,189450
train,6960,voicemail_00222.wav,voicemail_#.wav,voicemail,16000,1,10.0,WAV,320044
train,6961,1cb1d947-ad5e-4d8d-8d1f-0f510d492de0.flac,#cb#d#-ad#e-#d#d-#d#f-#f#d#de#.flac,voicemail,16000,1,11.5570625,FLAC,243024
train,6962,0a05b438-9d9c-4b0b-a6c3-d2a86b277eeb.flac,#a#b#-#d#c-#b#b-a#c#-d#a#b#eeb.flac,answering_machine,16000,1,4.5226875,FLAC,95860
train,6963,0178af0b-e087-4475-b2f8-ce6ab0d09b8c.flac,#af#b-e#-#-b#f#-ce#ab#d#b#c.flac,ivr,16000,1,4.08,FLAC,75256
train,6964,complete_ee55c012-4865-46b4-a9d9-386f8e2a0638_normalized.flac,complete_ee#c#-#-#b#-a#d#-#f#e#a#_normalized.flac,human,16000,1,2.61725,FLAC,58391
train,6965,15ab6a22-0e11-4a53-81ec-b5ea911798d2.flac,#ab#a#-#e#-#a#-#ec-b#ea#d#.flac,voicemail,16000,1,13.7118125,FLAC,299546
train,6966,incomplete_25004d75-975c-4a70-a631-a5efad65093e_normalized.flac,incomplete_#d#-#c-#a#-a#-a#efad#e_normalized.flac,human,16000,1,3.388125,FLAC,72544
train,6967,02ba5df0-336e-4dcb-b496-4f0e227ce6c6.flac,#ba#df#-#e-#dcb-b#-#f#e#ce#c#.flac,ivr,16000,1,3.32,FLAC,70874
train,6968,00b90208-ee08-4c25-97db-0ec113093b2e.flac,#b#-ee#-#c#-#db-#ec#b#e.flac,ivr,16000,1,5.52,FLAC,113536
train,6969,13999726-0e35-4b74-bf54-916fcbed6c1b.flac,#-#e#-#b#-bf#-#fcbed#c#b.flac,answering_machine,16000,1,7.79175,FLAC,140162
train,6970,incomplete_568ac191-3b42-4f18-bdcc-4a882b274f59_normalized.flac,incomplete_#ac#-#b#-#f#-bdcc-#a#b#f#_normalized.flac,human,16000,1,4.951875,FLAC,97433
train,6971,00a65c6e-9f1c-4b4d-aa3c-d02f481667f4.flac,#a#c#e-#f#c-#b#d-aa#c-d#f#f#.flac,ivr,16000,1,1.92,FLAC,37257
train,6972,0541478d-c0bd-468d-8f7e-b69f7345ae3b.flac,#d-c#bd-#d-#f#e-b#f#ae#b.flac,voicemail,16000,1,13.7335,FLAC,246403
train,6973,0d36e0c7-a964-4225-b1d1-963f2d060657.flac,#d#e#c#-a#-#-b#d#-#f#d#.flac,answering_machine,16000,1,6.4,FLAC,148972
train,6974,125325c8-87e4-49e6-8919-efcbbeec638e.flac,#c#-#e#-#e#-#-efcbbeec#e.flac,answering_machine,16000,1,10.9121875,FLAC,203291
train,6975,60268f96c7abb7f832138ccb.wav,#f#c#abb#f#ccb.wav,human,8000,1,4.644,WAV,37210
train,6976,1789e1a8-5717-4ae9-ae83-4dc9f315ffad.flac,#e#a#-#-#ae#-ae#-#dc#f#ffad.flac,answering_machine,16000,1,13.8558125,FLAC,295809
train,6977,030d2ba7-5289-4ab6-a08d-a71f282f8bbf.flac,#d#ba#-#-#ab#-a#d-a#f#f#bbf.flac,answering_machine,16000,1,13.2963125,FLAC,268394
train,6978,052e5a6f-9f05-42a7-882e-5e03a80d8cb2.flac,#e#a#f-#f#-#a#-#e-#e#a#d#cb#.flac,voicemail,16000,1,4.308,FLAC,88590
train,6979,03686149-a2ae-493e-9868-cdb47ea245bf.flac,#-a#ae-#e-#-cdb#ea#bf.flac,ivr,16000,1,8.48,FLAC,177302
train,6980,carrier_de_voicemail_00334.wav,carrier_de_voicemail_#.wav,voicemail,16000,1,10.0,WAV,320044
train,6981,1ddf0fa8-d80f-4811-b9d3-0db528c64b93.flac,#ddf#fa#-d#f-#-b#d#-#db#c#b#.flac,voicemail,16000,1,6.8963125,FLAC,92814
train,6982,0194ea03-2e5a-4b5a-bca6-34be802187c5.flac,#ea#-#e#a-#b#a-bca#-#be#c#.flac,ivr,16000,1,6.0,FLAC,119379
train,6983,058939fb-c94c-4640-b098-3b2e47aa6cb3.flac,#fb-c#c-#-b#-#b#e#aa#cb#.flac,answering_machine,16000,1,4.2380625,FLAC,82433
train,6984,ivr_00281.wav,ivr_#.wav,ivr,16000,1,10.0,WAV,320044
train,6985,1593da66-e1f8-4f3f-b40e-29c30086add0.flac,#da#-e#f#-#f#f-b#e-#c#add#.flac,voicemail,16000,1,12.6440625,FLAC,175192
train,6986,0b81a010-b93e-45a7-b871-1723d85d47f3.flac,#b#a#-b#e-#a#-b#-#d#d#f#.flac,answering_machine,16000,1,5.8026875,FLAC,117544
train,6987,incomplete_2f2a9eac-42f0-404a-b58a-5839e6b8af73_normalized.flac,incomplete_#f#a#eac-#f#-#a-b#a-#e#b#af#_normalized.flac,human,16000,1,6.255,FLAC,117117
train,6988,ivr_00215.wav,ivr_#.wav,ivr,16000,1,10.0,WAV,320044
train,6989,human_real_00088.wav,human_real_#.wav,human,16000,1,4.437375,WAV,142040
train,6990,am_00330.wav,am_#.wav,answering_machine,16000,1,10.0,WAV,320044
train,6991,00bce99c-96d7-4b09-b6ab-ed409e98f965.flac,#bce#c-#d#-#b#-b#ab-ed#e#f#.flac,ivr,16000,1,2.92,FLAC,57417
train,6992,0157b0b1-5de3-4fdb-b353-0979fccf2bab.flac,#b#b#-#de#-#fdb-b#-#fccf#bab.flac,ivr,16000,1,3.36,FLAC,68732
train,6993,incomplete_79457d90b96141cba75a0cd1c919cb06.flac,incomplete_#d#b#cba#a#cd#c#cb#.flac,human,16000,1,2.302375,FLAC,38867
train,6994,0cd1005a-1a75-4133-8079-661d6f3f4c00.flac,#cd#a-#a#-#-#-#d#f#f#c#.flac,voicemail,16000,1,3.4871875,FLAC,54974
train,6995,ivr_00161.wav,ivr_#.wav,ivr,16000,1,9.384,WAV,300332
train,6996,response_19.wav,response_#.wav,human,8000,1,2.645375,WAV,21222
train,6997,05dee186-c276-4567-abe6-e10bbe22e7e9.flac,#dee#-c#-#-abe#-e#bbe#e#e#.flac,answering_machine,16000,1,3.7849375,FLAC,52920
train,6998,1611acf2-49a9-4a92-a9f7-a556b0d96530.flac,#acf#-#a#-#a#-a#f#-a#b#d#.flac,answering_machine,16000,1,4.036,FLAC,79055
train,6999,0c397775-a18f-4dfe-8389-5cd5a2aab033.flac,#c#-a#f-#dfe-#-#cd#a#aab#.flac,answering_machine,16000,1,6.772,FLAC,152980
train,7000,0629c28c-6b42-4db4-9abc-65ff3d0cc75d.flac,#c#c-#b#-#db#-#abc-#ff#d#cc#d.flac,voicemail,16000,1,3.86,FLAC,81282
train,7001,02487237-c527-41b6-ab9f-6cd39d970001.flac,#-c#-#b#-ab#f-#cd#d#.flac,ivr,16000,1,10.16,FLAC,211411
train,7002,60265e0ec7abb7f83213813f.wav,#e#ec#abb#f#f.wav,human,8000,1,6.058625,WAV,48528
train,7003,complete_55dddab0-b256-4c30-90bf-90f727d88247_normalized.flac,complete_#dddab#-b#-#c#-#bf-#f#d#_normalized.flac,human,16000,1,4.239375,FLAC,89705
train,7004,60268f59c7abb7f832138c36.wav,#f#c#abb#f#c#.wav,human,8000,1,15.104,WAV,120890
train,7005,voicemail_00011.wav,voicemail_#.wav,voicemail,16000,1,10.0,WAV,320044
train,7006,es_voicemail_00325.wav,es_voicemail_#.wav,voicemail,16000,1,7.940125,WAV,254128
train,7007,10f0360e-63d9-4f36-a8fc-f52d2e0b2ec7.flac,#f#e-#d#-#f#-a#fc-f#d#e#b#ec#.flac,voicemail,16000,1,16.0,FLAC,320633
train,7008,human_tts_00101.wav,human_tts_#.wav,human,16000,1,2.04,WAV,65324
train,7009,1c1e18da-2cb7-476b-9cfe-6825d19b78f9.flac,#c#e#da-#cb#-#b-#cfe-#d#b#f#.flac,voicemail,16000,1,4.462875,FLAC,79407
train,7010,60266603c7abb7f83213841f.wav,#c#abb#f#f.wav,human,8000,1,13.141375,WAV,105190
train,7011,18d9ac06-ed1a-4280-ad90-dba2e5711da7.flac,#d#ac#-ed#a-#-ad#-dba#e#da#.flac,voicemail,16000,1,4.855875,FLAC,98967
train,7012,am_00144.wav,am_#.wav,answering_machine,16000,1,9.9266875,WAV,317698
train,7013,human_tts_00070.wav,human_tts_#.wav,human,16000,1,2.112,WAV,67628
train,7014,07d0923e-7e62-4ece-9ce9-8a47b2a16833.flac,#d#e-#e#-#ece-#ce#-#a#b#a#.flac,voicemail,16000,1,11.7833125,FLAC,230951
train,7015,01bef022-774c-4abe-a641-365ca953356f.flac,#bef#-#c-#abe-a#-#ca#f.flac,voicemail,16000,1,7.3240625,FLAC,155585
train,7016,0106b6ff-9a6a-4443-bf92-7a1182fe290e.flac,#b#ff-#a#a-#-bf#-#a#fe#e.flac,ivr,16000,1,3.2,FLAC,72890
train,7017,021b96ba-fae5-4d81-aaf6-2ffb62ae8270.flac,#b#ba-fae#-#d#-aaf#-#ffb#ae#.flac,ivr,16000,1,8.28,FLAC,176392
train,7018,CA7889473676f2c3877cd6b5238461f2b3_0.wav,CA#f#c#cd#b#f#b#_#.wav,human,8000,1,7.08,WAV,56698
train,7019,074b5d3d-580c-4a01-a212-7905ea31ee4f.flac,#b#d#d-#c-#a#-a#-#ea#ee#f.flac,voicemail,16000,1,14.381,FLAC,275230
train,7020,0be87871-c923-414d-9cdf-b7aea34c9960.flac,#be#-c#-#d-#cdf-b#aea#c#.flac,answering_machine,16000,1,6.741375,FLAC,135370
train,7021,de_am_00527.wav,de_am_#.wav,answering_machine,16000,1,9.1211875,WAV,291922
train,7022,fr_ivr_00186.wav,fr_ivr_#.wav,ivr,16000,1,10.0,WAV,320044
train,7023,142874b4-4d7c-41ea-8b9a-604200622940.flac,#b#-#d#c-#ea-#b#a-#.flac,voicemail,16000,1,3.35525,FLAC,56978
train,7024,015006a2-9319-46ee-9415-03b676748fd0.flac,#a#-#-#ee-#-#b#fd#.flac,ivr,16000,1,8.76,FLAC,161462
train,7025,human_tts_00092.wav,human_tts_#.wav,human,16000,1,2.544,WAV,81452
train,7026,am_00007.wav,am_#.wav,answering_machine,16000,1,10.0,WAV,320044
train,7027,complete_035a9f86-ac92-494e-8108-11922539da10_normalized.flac,complete_#a#f#-ac#-#e-#-#da#_normalized.flac,human,16000,1,4.03875,FLAC,71165
train,7028,00211738-3a9b-422a-80c6-aa348ee20c4a.flac,#-#a#b-#a-#c#-aa#ee#c#a.flac,answering_machine,16000,1,7.424,FLAC,143679
train,7029,00461d90-887e-4ce2-af6a-1bcde0b23549.flac,#d#-#e-#ce#-af#a-#bcde#b#.flac,ivr,16000,1,10.6,FLAC,223175
train,7030,192cb8f2-eb26-4fa6-9c0a-eba50b57bfba.flac,#cb#f#-eb#-#fa#-#c#a-eba#b#bfba.flac,voicemail,16000,1,2.2156875,FLAC,37576
train,7031,human_tts_00044.wav,human_tts_#.wav,human,16000,1,2.64,WAV,84524
train,7032,059e40d5-de9c-4d90-9662-a48faf0e18ba.flac,#e#d#-de#c-#d#-#-a#faf#e#ba.flac,voicemail,16000,1,13.9305,FLAC,283928
train,7033,complete_584ee0f3-590d-4338-bdeb-d370a65406bc_normalized.flac,complete_#ee#f#-#d-#-bdeb-d#a#bc_normalized.flac,human,16000,1,4.58,FLAC,78611
train,7034,ivr_00187.wav,ivr_#.wav,ivr,16000,1,10.0,WAV,320044
train,7035,complete_9729d9c4-dc6c-4030-99b5-a213bab1ceb2_normalized.flac,complete_#d#c#-dc#c-#-#b#-a#bab#ceb#_normalized.flac,human,16000,1,4.274375,FLAC,84816
train,7036,1257cc69-9337-494c-b307-bf45c44a08bf.flac,#cc#-#-#c-b#-bf#c#a#bf.flac,answering_machine,16000,1,13.174375,FLAC,267676
train,7037,complete_f067da6f-be40-46c9-8140-91e357fc889a_normalized.flac,complete_f#da#f-be#-#c#-#-#e#fc#a_normalized.flac,human,16000,1,4.235,FLAC,82548
train,7038,171342d6-2d17-4203-a1ec-9607fa63f6c5.flac,#d#-#d#-#-a#ec-#fa#f#c#.flac,answering_machine,16000,1,10.9653125,FLAC,234405
train,7039,019648f3-a277-4c7e-a67f-ffaea946a4fa.flac,#f#-a#-#c#e-a#f-ffaea#a#fa.flac,ivr,16000,1,4.24,FLAC,89392
train,7040,602ba9e6bb1e6d0fbce92146.wav,#ba#e#bb#e#d#fbce#.wav,human,8000,1,9.045375,WAV,72422
train,7041,15d66d30-f45d-4d52-b204-80328802d9b5.flac,#d#d#-f#d-#d#-b#-#d#b#.flac,voicemail,16000,1,10.121375,FLAC,189509
train,7042,fr_human_real_00050.wav,fr_human_real_#.wav,human,16000,1,4.778625,WAV,152960
train,7043,0e4c1025-4f27-4f40-8b0f-d83c5bd641ea.flac,#e#c#-#f#-#f#-#b#f-d#c#bd#ea.flac,answering_machine,16000,1,15.5116875,FLAC,296485
train,7044,60268e19c7abb7f832138ac3.wav,#e#c#abb#f#ac#.wav,human,8000,1,4.864,WAV,38970
train,7045,02895185-3d12-43ee-a600-c48a23812991.flac,#-#d#-#ee-a#-c#a#.flac,ivr,16000,1,8.0,FLAC,185655
train,7046,carrier_en_answering_machine_00504.wav,carrier_en_answering_machine_#.wav,answering_machine,16000,1,10.0,WAV,320044
train,7047,02481405-37c2-470a-89a2-7615a479f4ac.flac,#-#c#-#a-#a#-#a#f#ac.flac,voicemail,16000,1,13.8879375,FLAC,265717
train,7048,027e15c3-0f5c-455e-ae43-0f895b574d1d.flac,#e#c#-#f#c-#e-ae#-#f#b#d#d.flac,ivr,16000,1,6.72,FLAC,114447
train,7049,complete_a26ef809-79b3-4c0c-ba37-4d052f1c21e3_normalized.flac,complete_a#ef#-#b#-#c#c-ba#-#d#f#c#e#_normalized.flac,human,16000,1,5.397375,FLAC,113777
train,7050,0e5deb8f-34d2-4dac-9b45-7e62b14e549a.flac,#e#deb#f-#d#-#dac-#b#-#e#b#e#a.flac,voicemail,16000,1,14.8455625,FLAC,278989
train,7051,003a67c4-d42c-421f-9d42-c11f99356bba.flac,#a#c#-d#c-#f-#d#-c#f#bba.flac,voicemail,16000,1,12.091625,FLAC,257296
train,7052,ivr_00003.wav,ivr_#.wav,ivr,16000,1,9.504,WAV,304172
train,7053,voicemail_00092.wav,voicemail_#.wav,voicemail,16000,1,9.1960625,WAV,294318
train,7054,6026900fc421a821df7c18eb.wav,#fc#a#df#c#eb.wav,human,8000,1,7.253375,WAV,58086
train,7055,incomplete_2bc6d7cd-a39c-4819-a2b4-d5d416b9ce8a_normalized.flac,incomplete_#bc#d#cd-a#c-#-a#b#-d#d#b#ce#a_normalized.flac,human,16000,1,3.615,FLAC,67855
train,7056,am_00195.wav,am_#.wav,answering_machine,16000,1,10.0,WAV,320044
train,7057,14a26247-b2cb-49fd-8d92-31bfa9593a43.flac,#a#-b#cb-#fd-#d#-#bfa#a#.flac,answering_machine,16000,1,4.9938125,FLAC,105722
train,7058,voicemail_00149.wav,voicemail_#.wav,voicemail,16000,1,7.5873125,WAV,242838
train,7059,02382e64-7e9a-4109-99e0-6730f67c6400.flac,#e#-#e#a-#-#e#-#f#c#.flac,ivr,16000,1,3.32,FLAC,66685
train,7060,0333156a-9313-4a6f-a7d3-800e839b2804.flac,#a-#-#a#f-a#d#-#e#b#.flac,answering_machine,16000,1,6.276,FLAC,118242
train,7061,human_tts_00085.wav,human_tts_#.wav,human,16000,1,1.824,WAV,58412
train,7062,1acaacab-8299-484f-8cd6-f51fb4bc7bb9.flac,#acaacab-#-#f-#cd#-f#fb#bc#bb#.flac,answering_machine,16000,1,8.7584375,FLAC,184621
train,7063,014f988e-b8ae-45b5-85f3-5d53a5834701.flac,#f#e-b#ae-#b#-#f#-#d#a#.flac,ivr,16000,1,6.16,FLAC,135317
train,7064,carrier_en_answering_machine_00517.wav,carrier_en_answering_machine_#.wav,answering_machine,16000,1,10.0,WAV,320044
train,7065,fr_human_real_00036.wav,fr_human_real_#.wav,human,16000,1,9.130625,WAV,292224
train,7066,05f3a770-7d26-4c23-961b-02e18b89813a.flac,#f#a#-#d#-#c#-#b-#e#b#a.flac,voicemail,16000,1,4.7608125,FLAC,97253
train,7067,0099ba6d-d520-4e74-80ac-babb2a517b79.flac,#ba#d-d#-#e#-#ac-babb#a#b#.flac,ivr,16000,1,8.72,FLAC,184897
train,7068,0e8fd2a7-8a24-42a1-9774-07fab7c3015a.flac,#e#fd#a#-#a#-#a#-#-#fab#c#a.flac,answering_machine,16000,1,3.8185625,FLAC,57309
train,7069,human_real_00193.wav,human_real_#.wav,human,16000,1,9.642625,WAV,308608
train,7070,60265e6cc421a821df7c16c6.wav,#e#cc#a#df#c#c#.wav,human,8000,1,8.448,WAV,67642
train,7071,1d239dd3-3eeb-46c5-a530-bd6ff880ba82.flac,#d#dd#-#eeb-#c#-a#-bd#ff#ba#.flac,answering_machine,16000,1,16.0,FLAC,267182
train,7072,19ba2ea0-e801-4de5-8b35-180bc9cc500a.flac,#ba#ea#-e#-#de#-#b#-#bc#cc#a.flac,answering_machine,16000,1,6.997375,FLAC,154329
train,7073,18a60811-7224-4fc5-a9e6-8b12a93c0f44.flac,#a#-#-#fc#-a#e#-#b#a#c#f#.flac,voicemail,16000,1,11.134625,FLAC,227038
train,7074,complete_e2ef2831e12647f5924947a8bd5ac9c6.flac,complete_e#ef#e#f#a#bd#ac#c#.flac,human,16000,1,1.395375,FLAC,15062
train,7075,020fee41-0be6-493f-809d-ac1e59db9b34.flac,#fee#-#be#-#f-#d-ac#e#db#b#.flac,ivr,16000,1,12.56,FLAC,261669
train,7076,00cba5ea-ca43-4507-9bac-196bf5a388e1.flac,#cba#ea-ca#-#-#bac-#bf#a#e#.flac,ivr,16000,1,8.6,FLAC,169620
train,7077,incomplete_a0957101-0024-48aa-aadd-7dcf6d6ea805_normalized.flac,incomplete_a#-#-#aa-aadd-#dcf#d#ea#_normalized.flac,human,16000,1,2.784,FLAC,56933
train,7078,carrier_fr_ivr_00095.wav,carrier_fr_ivr_#.wav,ivr,16000,1,10.0,WAV,320044
train,7079,1c594986-43b2-4d9c-b6d2-9ceec7da23c9.flac,#c#-#b#-#d#c-b#d#-#ceec#da#c#.flac,voicemail,16000,1,4.0521875,FLAC,60033
train,7080,110e9679-db39-4d14-80ba-3785d0abbbe3.flac,#e#-db#-#d#-#ba-#d#abbbe#.flac,answering_machine,16000,1,14.495,FLAC,291292
train,7081,ivr_00362.wav,ivr_#.wav,ivr,16000,1,9.576,WAV,306476
train,7082,0c96a614-32c0-4603-a459-bb05262e2278.flac,#c#a#-#c#-#-a#-bb#e#.flac,answering_machine,16000,1,10.4749375,FLAC,214569
train,7083,human_real_00093.wav,human_real_#.wav,human,16000,1,3.622375,WAV,115960
train,7084,ivr_00318.wav,ivr_#.wav,ivr,16000,1,10.0,WAV,320044
train,7085,voicemail_00068.wav,voicemail_#.wav,voicemail,16000,1,9.99225,WAV,319796
train,7086,de_human_real_00435.wav,de_human_real_#.wav,human,16000,1,10.0,WAV,320044
train,7087,0a7556d6-1cf7-4edb-acfa-708a0c9ba7bb.flac,#a#d#-#cf#-#edb-acfa-#a#c#ba#bb.flac,answering_machine,16000,1,15.2031875,FLAC,294488
train,7088,09ada59d-ffa1-4064-b602-e2dd1f8f18e9.flac,#ada#d-ffa#-#-b#-e#dd#f#f#e#.flac,voicemail,16000,1,15.18475,FLAC,323893
train,7089,027abf27-94b8-486d-b02c-3bf9e87ea1bb.flac,#abf#-#b#-#d-b#c-#bf#e#ea#bb.flac,ivr,16000,1,3.6,FLAC,74247
train,7090,07583a0a-e4e3-4bb9-9b6a-fad34309eff2.flac,#a#a-e#e#-#bb#-#b#a-fad#eff#.flac,answering_machine,16000,1,2.728625,FLAC,41068
train,7091,voicemail_00289.wav,voicemail_#.wav,voicemail,16000,1,10.0,WAV,320044
train,7092,ivr_00392.wav,ivr_#.wav,ivr,16000,1,10.0,WAV,320044
train,7093,09372e72-e745-4e13-b286-88b09888dd35.flac,#e#-e#-#e#-b#-#b#dd#.flac,voicemail,16000,1,12.854,FLAC,254513
train,7094,127952f8-1554-48a3-b3fa-03cd20b1d187.flac,#f#-#-#a#-b#fa-#cd#b#d#.flac,voicemail,16000,1,10.4233125,FLAC,181761
train,7095,carrier_fr_ivr_00093.wav,carrier_fr_ivr_#.wav,ivr,16000,1,10.0,WAV,320044
train,7096,00a41069-fe6f-47d4-b308-5c8e44e0a358.flac,#a#-fe#f-#d#-b#-#c#e#e#a#.flac,ivr,16000,1,6.28,FLAC,129701
train,7097,00957735-2424-4b84-94a3-fc33d3310ebc.flac,#-#-#b#-#a#-fc#d#ebc.flac,ivr,16000,1,12.76,FLAC,240328
train,7098,00494bda-3594-478c-9bda-9a825ec7c10c.flac,#bda-#-#c-#bda-#a#ec#c#c.flac,ivr,16000,1,7.96,FLAC,143815
train,7099,01ac0fdb-92bf-4e1d-8ccf-f715aa6b9d9b.flac,#ac#fdb-#bf-#e#d-#ccf-f#aa#b#d#b.flac,ivr,16000,1,6.08,FLAC,115236
train,7100,1de5940c-1de4-405e-a6f7-b3ff79ece88a.flac,#de#c-#de#-#e-a#f#-b#ff#ece#a.flac,voicemail,16000,1,13.4835625,FLAC,278927
train,7101,1b465e5f-1f40-446d-894d-53bc3f25ec79.flac,#b#e#f-#f#-#d-#d-#bc#f#ec#.flac,answering_machine,16000,1,12.58425,FLAC,278015
train,7102,complete_067463fa-1737-4645-8e4c-a01e11e2d1c1_normalized.flac,complete_#fa-#-#-#e#c-a#e#e#d#c#_normalized.flac,human,16000,1,2.668125,FLAC,56525
train,7103,incomplete_d247cffd-c5a8-455b-9d0a-316406384666_normalized.flac,incomplete_d#cffd-c#a#-#b-#d#a-#_normalized.flac,human,16000,1,6.320625,FLAC,123626
train,7104,00246b3f-9e51-4edd-ad95-21658764a54f.flac,#b#f-#e#-#edd-ad#-#a#f.flac,ivr,16000,1,10.0,FLAC,201174
train,7105,09264e3f-04e5-444a-bc30-958bad645817.flac,#e#f-#e#-#a-bc#-#bad#.flac,voicemail,16000,1,14.0025,FLAC,258825
train,7106,ivr_00255.wav,ivr_#.wav,ivr,16000,1,10.0,WAV,320044
train,7107,response_6.wav,response_#.wav,human,8000,1,9.898625,WAV,79248
train,7108,incomplete_4ea7f6e528374eefb4e53bf29cd7f1dd.flac,incomplete_#ea#f#e#eefb#e#bf#cd#f#dd.flac,human,16000,1,3.7325625,FLAC,61878
train,7109,am_00210.wav,am_#.wav,answering_machine,16000,1,10.0,WAV,320044
train,7110,0171164e-e9c0-415e-94e4-e9f0b0bcf44f.flac,#e-e#c#-#e-#e#-e#f#b#bcf#f.flac,ivr,16000,1,6.08,FLAC,119600
train,7111,0301121a-fc16-443b-82ca-ec830074e60e.flac,#a-fc#-#b-#ca-ec#e#e.flac,ivr,16000,1,6.52,FLAC,125661
train,7112,1119cd39-9a50-432b-a5bf-b3116b7a5a70.flac,#cd#-#a#-#b-a#bf-b#b#a#a#.flac,voicemail,16000,1,9.8889375,FLAC,190871
train,7113,0b1098b4-0736-4549-84c7-dc5a19a66c4d.flac,#b#b#-#-#-#c#-dc#a#a#c#d.flac,voicemail,16000,1,2.292,FLAC,44853
train,7114,1c6c9051-eda9-48dd-b963-e76bd5fc8f74.flac,#c#c#-eda#-#dd-b#-e#bd#fc#f#.flac,answering_machine,16000,1,12.304625,FLAC,257463
train,7115,1bd9fa71-efe2-4283-bbef-77de1eb89d91.flac,#bd#fa#-efe#-#-bbef-#de#eb#d#.flac,answering_machine,16000,1,10.9145625,FLAC,229831
train,7116,complete_aa2d32fdaa984443b8424be3d60bd48e.flac,complete_aa#d#fdaa#b#be#d#bd#e.flac,human,16000,1,2.814,FLAC,36817
train,7117,60268eacdc3604f481bcb7f8.wav,#eacdc#f#bcb#f#.wav,human,8000,1,10.410625,WAV,83344
train,7118,1a153b32-96b0-4be0-a9d0-61df5498f50a.flac,#a#b#-#b#-#be#-a#d#-#df#f#a.flac,voicemail,16000,1,11.643625,FLAC,253570
train,7119,027f7703-95dd-40d1-a841-ea30af57db87.flac,#f#-#dd-#d#-a#-ea#af#db#.flac,ivr,16000,1,11.44,FLAC,252848
train,7120,018095d3-77d9-4254-a599-4e3c1296d000.flac,#d#-#d#-#-a#-#e#c#d#.flac,ivr,16000,1,5.84,FLAC,116698
train,7121,09ee396a-4d4a-460f-ba23-cd9e27bad3c9.flac,#ee#a-#d#a-#f-ba#-cd#e#bad#c#.flac,answering_machine,16000,1,4.6456875,FLAC,57798
train,7122,1782c95c-5daf-4fc0-a16b-2816ffcffe57.flac,#c#c-#daf-#fc#-a#b-#ffcffe#.flac,voicemail,16000,1,12.08075,FLAC,264274
train,7123,am_00091.wav,am_#.wav,answering_machine,16000,1,8.7763125,WAV,280886
train,7124,122fb919-8ab4-422f-bc47-bb2cafa995f4.flac,#fb#-#ab#-#f-bc#-bb#cafa#f#.flac,voicemail,16000,1,9.855125,FLAC,210860
train,7125,complete_82fcc99d-7f42-4b02-ba06-c8c51f5775f0_normalized.flac,complete_#fcc#d-#f#-#b#-ba#-c#c#f#f#_normalized.flac,human,16000,1,4.1706875,FLAC,83754
train,7126,human_real_00107.wav,human_real_#.wav,human,16000,1,10.0,WAV,320044
train,7127,ivr_00325.wav,ivr_#.wav,ivr,16000,1,9.4108125,WAV,301190
train,7128,incomplete_f87316be-b221-4de6-bb5a-7b7c03037572_normalized.flac,incomplete_f#be-b#-#de#-bb#a-#b#c#_normalized.flac,human,16000,1,5.55,FLAC,112938
train,7129,006b20bc-0d1c-4c1a-986f-12405b579145.flac,#b#bc-#d#c-#c#a-#f-#b#.flac,ivr,16000,1,7.32,FLAC,155782
train,7130,0d50843d-c2a8-4a24-bafe-a1868dd0c30b.flac,#d#d-c#a#-#a#-bafe-a#dd#c#b.flac,voicemail,16000,1,12.3569375,FLAC,253675
train,7131,0028cf13-8024-486a-a53f-8cfa5278a1d6.flac,#cf#-#-#a-a#f-#cfa#a#d#.flac,ivr,16000,1,8.2,FLAC,170624
train,7132,human_tts_00077.wav,human_tts_#.wav,human,16000,1,2.664,WAV,85292
train,7133,0b9d3b9f-eede-4ba8-9879-7f46e181024f.flac,#b#d#b#f-eede-#ba#-#-#f#e#f.flac,voicemail,16000,1,16.0,FLAC,357241
train,7134,human_real_00195.wav,human_real_#.wav,human,16000,1,10.0,WAV,320044
train,7135,0358f0ef-70e9-4ea7-8853-ce060fdd5bde.flac,#f#ef-#e#-#ea#-#-ce#fdd#bde.flac,ivr,16000,1,4.04,FLAC,81875
train,7136,carrier_en_answering_machine_00499.wav,carrier_en_answering_machine_#.wav,answering_machine,16000,1,9.54875,WAV,305604
train,7137,complete_99cd94c781144bd7b3c26ffa7a486b1d.flac,complete_#cd#c#bd#b#c#ffa#a#b#d.flac,human,16000,1,3.6860625,FLAC,57758
train,7138,1897a153-a778-47a4-b52e-b1aea0326060.flac,#a#-a#-#a#-b#e-b#aea#.flac,voicemail,16000,1,8.0529375,FLAC,143884
train,7139,am_00063.wav,am_#.wav,answering_machine,16000,1,9.0080625,WAV,288302
train,7140,095c734c-576e-4cea-b333-5f1d26ce979f.flac,#c#c-#e-#cea-b#-#f#d#ce#f.flac,voicemail,16000,1,3.1100625,FLAC,37126
train,7141,CA6015682691911f84264dddfd3e1055ac_0.wav,CA#f#dddfd#e#ac_#.wav,human,8000,1,10.4,WAV,83258
train,7142,complete_741526f3-5663-498f-9f00-9bb55e14bf9c_normalized.flac,complete_#f#-#-#f-#f#-#bb#e#bf#c_normalized.flac,human,16000,1,3.06375,FLAC,64049
train,7143,13654ce3-935c-4158-8512-b5c95aa449ba.flac,#ce#-#c-#-#-b#c#aa#ba.flac,answering_machine,16000,1,10.752,FLAC,228075
train,7144,complete_511c1511-27c3-4e6c-b5f9-60c1f0bb9d59_normalized.flac,complete_#c#-#c#-#e#c-b#f#-#c#f#bb#d#_normalized.flac,human,16000,1,8.41875,FLAC,165500
train,7145,ivr_00193.wav,ivr_#.wav,ivr,16000,1,7.08,WAV,226604
train,7146,094c295a-c7f6-471a-9b27-a02e1aebb5e9.flac,#c#a-c#f#-#a-#b#-a#e#aebb#e#.flac,voicemail,16000,1,4.051875,FLAC,70860
train,7147,response_1.wav,response_#.wav,human,8000,1,4.864,WAV,38970
train,7148,02c0fb05-85eb-4e5f-957f-3d88da935ce5.flac,#c#fb#-#eb-#e#f-#f-#d#da#ce#.flac,ivr,16000,1,8.28,FLAC,187205
train,7149,0dcadede-713c-40be-bc41-4de97a065cf2.flac,#dcadede-#c-#be-bc#-#de#a#cf#.flac,answering_machine,16000,1,14.6605625,FLAC,272477
train,7150,1e30f6f9-ebbd-4654-8ab7-5b0832731787.flac,#e#f#f#-ebbd-#-#ab#-#b#.flac,answering_machine,16000,1,5.024,FLAC,103488
train,7151,0f935a56-6c74-48ac-b369-39eecff7b211.flac,#f#a#-#c#-#ac-b#-#eecff#b#.flac,answering_machine,16000,1,9.7290625,FLAC,183902
train,7152,am_00226.wav,am_#.wav,answering_machine,16000,1,10.0,WAV,320044
train,7153,CA0328509faeb8f8683c4e920b91d583e5_0.wav,CA#faeb#f#c#e#b#d#e#_#.wav,human,8000,1,24.24,WAV,193978
train,7154,60268f79c7abb7f832138c7f.wav,#f#c#abb#f#c#f.wav,human,8000,1,15.36,WAV,122938
train,7155,complete_cce39c55-2987-4bc5-adb5-a106a7d9180f_normalized.flac,complete_cce#c#-#-#bc#-adb#-a#a#d#f_normalized.flac,human,16000,1,4.08,FLAC,65573
train,7156,carrier_fr_voicemail_00078.wav,carrier_fr_voicemail_#.wav,voicemail,16000,1,10.0,WAV,320044
train,7157,voicemail_00281.wav,voicemail_#.wav,voicemail,16000,1,8.562625,WAV,274048
train,7158,fr_human_real_00063.wav,fr_human_real_#.wav,human,16000,1,10.0,WAV,320044
train,7159,179c10ea-e2a7-4388-9747-e9ae82920d45.flac,#c#ea-e#a#-#-#-e#ae#d#.flac,answering_machine,16000,1,2.2186875,FLAC,48679
train,7160,0f2f7cda-40c7-4da4-a348-0a1cae3b5be6.flac,#f#f#cda-#c#-#da#-a#-#a#cae#b#be#.flac,answering_machine,16000,1,12.5555,FLAC,263554
train,7161,0902db02-dac5-47da-9a1d-68ccd8068e12.flac,#db#-dac#-#da-#a#d-#ccd#e#.flac,voicemail,16000,1,4.99225,FLAC,97726
train,7162,0537be0e-8e0d-4fe5-8d18-12dbffebfaa2.flac,#be#e-#e#d-#fe#-#d#-#dbffebfaa#.flac,voicemail,16000,1,6.6989375,FLAC,99033
train,7163,009550be-f5f9-415c-acbd-2ed40ebaa31c.flac,#be-f#f#-#c-acbd-#ed#ebaa#c.flac,ivr,16000,1,6.04,FLAC,127624
train,7164,human_tts_00148.wav,human_tts_#.wav,human,16000,1,2.928,WAV,93740
train,7165,incomplete_1a97635736db4953b583e997755110c7.flac,incomplete_#a#db#b#e#c#.flac,human,16000,1,1.488375,FLAC,22039
train,7166,0f774f9e-8d9e-455f-a6d2-f2cecad68ca8.flac,#f#f#e-#d#e-#f-a#d#-f#cecad#ca#.flac,voicemail,16000,1,14.234,FLAC,272395
train,7167,fr_human_real_00025.wav,fr_human_real_#.wav,human,16000,1,1.962625,WAV,62848
train,7168,60268ebec7abb7f832138b2a.wav,#ebec#abb#f#b#a.wav,human,8000,1,5.717375,WAV,45798
train,7169,carrier_de_voicemail_00326.wav,carrier_de_voicemail_#.wav,voicemail,16000,1,10.0,WAV,320044
train,7170,ivr_00061.wav,ivr_#.wav,ivr,16000,1,7.968,WAV,255020
train,7171,1894767f-b245-4e6c-b7c2-3c4c9ab05d92.flac,#f-b#-#e#c-b#c#-#c#c#ab#d#.flac,answering_machine,16000,1,3.7546875,FLAC,86369
train,7172,voicemail_00097.wav,voicemail_#.wav,voicemail,16000,1,5.9411875,WAV,190162
train,7173,003ac71d-20a7-4575-8b5f-c2d4c4da4c72.flac,#ac#d-#a#-#-#b#f-c#d#c#da#c#.flac,ivr,16000,1,8.0,FLAC,167305
train,7174,0067756b-3dda-495e-8450-bcef274b2a65.flac,#b-#dda-#e-#-bcef#b#a#.flac,ivr,16000,1,5.04,FLAC,102121
train,7175,CA8c4cd70068d3b7bb5d553f82cac714d5_0.wav,CA#c#cd#d#b#bb#d#f#cac#d#_#.wav,human,8000,1,12.2,WAV,97658
train,7176,am_00308.wav,am_#.wav,answering_machine,16000,1,10.0,WAV,320044
train,7177,carrier_fr_ivr_00106.wav,carrier_fr_ivr_#.wav,ivr,16000,1,10.0,WAV,320044
train,7178,0728b1e6-368e-453d-b7e4-0a2959e084ce.flac,#b#e#-#e-#d-b#e#-#a#e#ce.flac,voicemail,16000,1,9.3608125,FLAC,158605
train,7179,06b2fc81-6418-412d-8aba-a288246aa323.flac,#b#fc#-#-#d-#aba-a#aa#.flac,answering_machine,16000,1,10.8940625,FLAC,203490
train,7180,voicemail_00096.wav,voicemail_#.wav,voicemail,16000,1,8.2373125,WAV,263638
train,7181,0736eefa-8592-407c-9c08-41897fcaec4a.flac,#eefa-#-#c-#c#-#fcaec#a.flac,answering_machine,16000,1,5.2906875,FLAC,117087
train,7182,02c57d2c-94b4-46a4-b3a3-7f2b11a3c1c5.flac,#c#d#c-#b#-#a#-b#a#-#f#b#a#c#c#.flac,ivr,16000,1,3.24,FLAC,65366
train,7183,ivr_00145.wav,ivr_#.wav,ivr,16000,1,7.944,WAV,254252
train,7184,response_41.wav,response_#.wav,human,8000,1,9.898625,WAV,79248
train,7185,01f0f499-c7ab-4d8b-a60a-7457a94c4bc5.flac,#f#f#-c#ab-#d#b-a#a-#a#c#bc#.flac,ivr,16000,1,9.68,FLAC,186897
train,7186,0275cc98-a583-4760-b426-276328297d5d.flac,#cc#-a#-#-b#-#d#d.flac,ivr,16000,1,4.84,FLAC,92730
train,7187,human_tts_00174.wav,human_tts_#.wav,human,16000,1,2.376,WAV,76076
train,7188,de_human_real_00436.wav,de_human_real_#.wav,human,16000,1,7.253375,WAV,232152
train,7189,voicemail_00215.wav,voicemail_#.wav,voicemail,16000,1,10.0,WAV,320044
train,7190,de_voicemail_00481.wav,de_voicemail_#.wav,voicemail,16000,1,9.3058125,WAV,297830
train,7191,11adad32-bc72-4078-9a8b-e0a50e4c4b52.flac,#adad#-bc#-#-#a#b-e#a#e#c#b#.flac,answering_machine,16000,1,9.045375,FLAC,196635
train,7192,incomplete_d4bdb2b4-ad2b-4f30-a71c-c3ec26c75dac_normalized.flac,incomplete_d#bdb#b#-ad#b-#f#-a#c-c#ec#c#dac_normalized.flac,human,16000,1,4.48,FLAC,72682
train,7193,incomplete_529918f8-52b2-4554-a23b-c8e6934d753f_normalized.flac,incomplete_#f#-#b#-#-a#b-c#e#d#f_normalized.flac,human,16000,1,4.2965625,FLAC,77552
train,7194,02933393-a324-4b0b-8635-455fa757e864.flac,#-a#-#b#b-#-#fa#e#.flac,ivr,16000,1,12.24,FLAC,198882
train,7195,CA335348bb406cc4c35c25eddcff5ab781_0.wav,CA#bb#cc#c#c#eddcff#ab#_#.wav,human,8000,1,7.84,WAV,62778
train,7196,human_tts_00189.wav,human_tts_#.wav,human,16000,1,2.76,WAV,88364
train,7197,1e5c0ee9-1511-4c53-b278-b2fe3753a006.flac,#e#c#ee#-#-#c#-b#-b#fe#a#.flac,voicemail,16000,1,11.14575,FLAC,215626
train,7198,ivr_00207.wav,ivr_#.wav,ivr,16000,1,10.0,WAV,320044
train,7199,060d5e71-c367-41b9-80dd-4feb47d594f1.flac,#d#e#-c#-#b#-#dd-#feb#d#f#.flac,answering_machine,16000,1,2.4243125,FLAC,37135
train,7200,incomplete_50ca10ffc8fd40a4b790d2c8fde94588.flac,incomplete_#ca#ffc#fd#a#b#d#c#fde#.flac,human,16000,1,3.348875,FLAC,41826
train,7201,fr_am_00236.wav,fr_am_#.wav,answering_machine,16000,1,8.4359375,WAV,269994
train,7202,0489f8d0-ef3e-4f07-9f43-c1438fbc1c54.flac,#f#d#-ef#e-#f#-#f#-c#fbc#c#.flac,voicemail,16000,1,4.39675,FLAC,80083
train,7203,01ab1ed9-0d18-42dd-bf64-7a14909dab18.flac,#ab#ed#-#d#-#dd-bf#-#a#dab#.flac,voicemail,16000,1,16.0,FLAC,346261
train,7204,0e2b2424-1445-4d97-8f09-facef2f3e960.flac,#e#b#-#-#d#-#f#-facef#f#e#.flac,voicemail,16000,1,2.8749375,FLAC,47903
train,7205,complete_54d6ae1c31da470fab895f7fb8cbed37.flac,complete_#d#ae#c#da#fab#f#fb#cbed#.flac,human,16000,1,4.907,FLAC,85526
train,7206,1a5bc5eb-e4d6-4ca0-b59a-269760cc6170.flac,#a#bc#eb-e#d#-#ca#-b#a-#cc#.flac,voicemail,16000,1,13.0618125,FLAC,257552
train,7207,01e4fd22-fda7-43dc-a3ed-b70679be2a79.flac,#e#fd#-fda#-#dc-a#ed-b#be#a#.flac,ivr,16000,1,3.0,FLAC,53569
train,7208,0d59ec04-110f-4055-b7bb-d88a59acd0fb.flac,#d#ec#-#f-#-b#bb-d#a#acd#fb.flac,voicemail,16000,1,12.390375,FLAC,241696
train,7209,09a637f7-6c79-4c49-adcd-2c127ff71684.flac,#a#f#-#c#-#c#-adcd-#c#ff#.flac,answering_machine,16000,1,6.8266875,FLAC,134980
train,7210,complete_af21ab99-8971-48a5-bc11-ab9e33baf90b_normalized.flac,complete_af#ab#-#-#a#-bc#-ab#e#baf#b_normalized.flac,human,16000,1,3.712,FLAC,73352
train,7211,am_00026.wav,am_#.wav,answering_machine,16000,1,7.5669375,WAV,242186
train,7212,002bf713-f34d-4081-b1cf-5a32d4d7e898.flac,#bf#-f#d-#-b#cf-#a#d#d#e#.flac,ivr,16000,1,7.76,FLAC,168672
train,7213,human_tts_00059.wav,human_tts_#.wav,human,16000,1,2.76,WAV,88364
train,7214,ivr_00290.wav,ivr_#.wav,ivr,16000,1,9.984,WAV,319532
train,7215,incomplete_90394d57-9d06-49b9-b66a-1a491d4c6b13_normalized.flac,incomplete_#d#-#d#-#b#-b#a-#a#d#c#b#_normalized.flac,human,16000,1,3.8225,FLAC,83860
train,7216,020d64fa-de04-4b02-bb77-1e365c2973e6.flac,#d#fa-de#-#b#-bb#-#e#c#e#.flac,ivr,16000,1,3.92,FLAC,69590
train,7217,05a5805f-a875-40e6-8552-5086ca04ef00.flac,#a#f-a#-#e#-#-#ca#ef#.flac,voicemail,16000,1,14.2951875,FLAC,305583
train,7218,15db7fc7-3a9e-4190-957d-a628adf47595.flac,#db#fc#-#a#e-#-#d-a#adf#.flac,voicemail,16000,1,8.8533125,FLAC,155080
train,7219,00dd6c2d-b894-4203-9577-e7d33338b59a.flac,#dd#c#d-b#-#-#-e#d#b#a.flac,ivr,16000,1,6.64,FLAC,136798
train,7220,carrier_fr_voicemail_00045.wav,carrier_fr_voicemail_#.wav,voicemail,16000,1,10.0,WAV,320044
train,7221,complete_176e8720-3cfc-4661-a484-bd9dfff46a91_normalized.flac,complete_#e#-#cfc-#-a#-bd#dfff#a#_normalized.flac,human,16000,1,5.11125,FLAC,103175
train,7222,CAf60d13c0c8cc5dae2313ebd46a4e9f19_0.wav,CAf#d#c#c#cc#dae#ebd#a#e#f#_#.wav,human,8000,1,11.96,WAV,95738
train,7223,1b113aae-1af3-4c58-a2c9-6e39cf72e2f9.flac,#b#aae-#af#-#c#-a#c#-#e#cf#e#f#.flac,answering_machine,16000,1,11.105125,FLAC,221671
train,7224,human_tts_00176.wav,human_tts_#.wav,human,16000,1,2.592,WAV,82988
train,7225,1402e62f-4f2f-4755-b69c-516a8b023a3e.flac,#e#f-#f#f-#-b#c-#a#b#a#e.flac,answering_machine,16000,1,11.7854375,FLAC,208906
train,7226,1ae49105-c7f1-4714-8818-7a77359907b2.flac,#ae#-c#f#-#-#-#a#b#.flac,voicemail,16000,1,16.0,FLAC,380256
train,7227,1b6f16c3-707a-46a9-8fb6-6aaeb377ed9e.flac,#b#f#c#-#a-#a#-#fb#-#aaeb#ed#e.flac,answering_machine,16000,1,13.2369375,FLAC,217952
train,7228,00c31f09-7f06-41ed-a366-95603cc84517.flac,#c#f#-#f#-#ed-a#-#cc#.flac,ivr,16000,1,6.44,FLAC,137335
train,7229,03d4ec8a-c3d2-4503-a22c-c06d9dd8818f.flac,#d#ec#a-c#d#-#-a#c-c#d#dd#f.flac,voicemail,16000,1,3.34725,FLAC,61561
train,7230,1316c538-0732-4eb0-a5ec-deb34e18b522.flac,#c#-#-#eb#-a#ec-deb#e#b#.flac,answering_machine,16000,1,14.5091875,FLAC,296484
train,7231,02ca67cb-fbb6-480e-8651-a7d785e98457.flac,#ca#cb-fbb#-#e-#-a#d#e#.flac,ivr,16000,1,5.64,FLAC,99542
train,7232,1c0bf3eb-d55c-4d85-ae57-7151e885a7c7.flac,#c#bf#eb-d#c-#d#-ae#-#e#a#c#.flac,answering_machine,16000,1,5.9770625,FLAC,106337
train,7233,fr_human_real_00003.wav,fr_human_real_#.wav,human,16000,1,3.584,WAV,114732
train,7234,034bf2cb-747e-4223-a9ca-057db1b04268.flac,#bf#cb-#e-#-a#ca-#db#b#.flac,voicemail,16000,1,9.502125,FLAC,185880
train,7235,complete_895aafd7-0eca-406e-a4af-b86cb44731f8_normalized.flac,complete_#aafd#-#eca-#e-a#af-b#cb#f#_normalized.flac,human,16000,1,5.67,FLAC,121056
train,7236,carrier_de_human_00281.wav,carrier_de_human_#.wav,human,16000,1,2.856,WAV,91436
train,7237,am_00228.wav,am_#.wav,answering_machine,16000,1,9.036625,WAV,289216
train,7238,ivr_00365.wav,ivr_#.wav,ivr,16000,1,7.752,WAV,248108
train,7239,0d0ddaa5-054e-46e6-870d-d53ca6b0d351.flac,#d#ddaa#-#e-#e#-#d-d#ca#b#d#.flac,answering_machine,16000,1,5.9466875,FLAC,117871
train,7240,0242d005-a0d1-47aa-bbb5-4b42b69f188e.flac,#d#-a#d#-#aa-bbb#-#b#b#f#e.flac,answering_machine,16000,1,11.5148125,FLAC,210935
train,7241,1d99d85a-a114-4c99-a657-34ac30ae8bf0.flac,#d#d#a-a#-#c#-a#-#ac#ae#bf#.flac,answering_machine,16000,1,11.43025,FLAC,204913
train,7242,response_4.wav,response_#.wav,human,8000,1,7.424,WAV,59450
train,7243,602665f5c421a821df7c175a.wav,#f#c#a#df#c#a.wav,human,8000,1,7.616125,WAV,60988
train,7244,fr_voicemail_00135.wav,fr_voicemail_#.wav,voicemail,16000,1,9.7545,WAV,312188
train,7245,1c4acd6c-d54b-474b-994d-64dfb6ddb3c4.flac,#c#acd#c-d#b-#b-#d-#dfb#ddb#c#.flac,voicemail,16000,1,3.43625,FLAC,51166
train,7246,1894aaa1-dc7b-48ce-b8f4-539f73660e95.flac,#aaa#-dc#b-#ce-b#f#-#f#e#.flac,answering_machine,16000,1,7.936,FLAC,164025
train,7247,0d7044af-e714-451c-a393-d3bc71928564.flac,#d#af-e#-#c-a#-d#bc#.flac,answering_machine,16000,1,12.1153125,FLAC,220443
train,7248,13679d8d-a098-4969-a4c3-cc40992407a4.flac,#d#d-a#-#-a#c#-cc#a#.flac,voicemail,16000,1,10.7046875,FLAC,192369
train,7249,01db2a14-dc65-4c78-90aa-d1eef96de999.flac,#db#a#-dc#-#c#-#aa-d#eef#de#.flac,answering_machine,16000,1,7.253375,FLAC,145383
train,7250,complete_5783ac48-c9d7-4609-8476-83a61664c1a7_normalized.flac,complete_#ac#-c#d#-#-#-#a#c#a#_normalized.flac,human,16000,1,2.464,FLAC,54147
train,7251,response_19.wav,response_#.wav,human,8000,1,4.010625,WAV,32144
train,7252,02374aa1-b0d4-45c1-ae65-6a97c7c77263.flac,#aa#-b#d#-#c#-ae#-#a#c#c#.flac,ivr,16000,1,3.44,FLAC,69325
train,7253,081a40df-73d5-4dc8-9360-481764065de8.flac,#a#df-#d#-#dc#-#-#de#.flac,answering_machine,16000,1,4.4179375,FLAC,84859
train,7254,19814a61-a57f-407b-93b9-0ab122f2b8b7.flac,#a#-a#f-#b-#b#-#ab#f#b#b#.flac,voicemail,16000,1,9.447,FLAC,174613
train,7255,013119da-5492-4e2b-9ced-8a215fa84bfa.flac,#da-#-#e#b-#ced-#a#fa#bfa.flac,ivr,16000,1,3.16,FLAC,64013
train,7256,fr_am_00238.wav,fr_am_#.wav,answering_machine,16000,1,9.0991875,WAV,291218
train,7257,human_tts_00055.wav,human_tts_#.wav,human,16000,1,1.272,WAV,40748
train,7258,026fd269-4c92-42af-a382-585fb56d8f23.flac,#fd#-#c#-#af-a#-#fb#d#f#.flac,ivr,16000,1,4.96,FLAC,111025
train,7259,am_00171.wav,am_#.wav,answering_machine,16000,1,10.0,WAV,320044
train,7260,0decfc2d-bd0d-4073-99c8-dfe9cec84820.flac,#decfc#d-bd#d-#-#c#-dfe#cec#.flac,voicemail,16000,1,7.808375,FLAC,142244
train,7261,1a2c7159-b200-429b-9af7-c2f999f7329f.flac,#a#c#-b#-#b-#af#-c#f#f#f.flac,answering_machine,16000,1,14.1109375,FLAC,277365
train,7262,18aa68df-7acb-4069-b9df-baa3acf09ca9.flac,#aa#df-#acb-#-b#df-baa#acf#ca#.flac,answering_machine,16000,1,10.8825,FLAC,222110
train,7263,incomplete_726b2a2b-dacb-4d2f-86c8-6fa117081a99_normalized.flac,incomplete_#b#a#b-dacb-#d#f-#c#-#fa#a#_normalized.flac,human,16000,1,4.96375,FLAC,101975
train,7264,am_00398.wav,am_#.wav,answering_machine,16000,1,10.0,WAV,320044
train,7265,06d9e07e-c257-4e8e-9be6-3e048452a7e8.flac,#d#e#e-c#-#e#e-#be#-#e#a#e#.flac,voicemail,16000,1,11.58075,FLAC,232745
train,7266,carrier_de_voicemail_00307.wav,carrier_de_voicemail_#.wav,voicemail,16000,1,10.0,WAV,320044
train,7267,0a33bfd9-41f8-47a6-8e4d-ee3f26e51865.flac,#a#bfd#-#f#-#a#-#e#d-ee#f#e#.flac,voicemail,16000,1,12.4425625,FLAC,219878
train,7268,0795c166-d717-423d-b755-bdbd51c2c791.flac,#c#-d#-#d-b#-bdbd#c#c#.flac,voicemail,16000,1,10.998125,FLAC,231755
train,7269,174ab275-c6ca-45ad-ba76-f2c516f97cc4.flac,#ab#-c#ca-#ad-ba#-f#c#f#cc#.flac,voicemail,16000,1,7.2440625,FLAC,135354
train,7270,ivr_00395.wav,ivr_#.wav,ivr,16000,1,9.792,WAV,313388
train,7271,complete_75da1564-9323-40b9-a6b6-373fb18a3e77_normalized.flac,complete_#da#-#-#b#-a#b#-#fb#a#e#_normalized.flac,human,16000,1,5.415,FLAC,120521
train,7272,027bc438-31a1-4a8f-8372-a0fcc06b2585.flac,#bc#-#a#-#a#f-#-a#fcc#b#.flac,voicemail,16000,1,7.326,FLAC,151668
train,7273,ivr_00252.wav,ivr_#.wav,ivr,16000,1,10.0,WAV,320044
train,7274,171bbfd6-d120-4d02-b6c1-da1463a24297.flac,#bbfd#-d#-#d#-b#c#-da#a#.flac,answering_machine,16000,1,11.823375,FLAC,254445
train,7275,0191e4a9-6f7b-4b63-be81-05761e1ed1bd.flac,#e#a#-#f#b-#b#-be#-#e#ed#bd.flac,ivr,16000,1,10.48,FLAC,202306
train,7276,16c4c4aa-f7fc-475d-b35e-43390cac27af.flac,#c#c#aa-f#fc-#d-b#e-#cac#af.flac,answering_machine,16000,1,6.5706875,FLAC,131747
train,7277,05126c64-3733-47c7-9f17-e5783c9b3049.flac,#c#-#-#c#-#f#-e#c#b#.flac,voicemail,16000,1,12.298375,FLAC,238496
train,7278,10c7d8e5-03ce-4446-bd4d-a3c19dfd4d51.flac,#c#d#e#-#ce-#-bd#d-a#c#dfd#d#.flac,answering_machine,16000,1,13.5101875,FLAC,263440
train,7279,fr_human_real_00015.wav,fr_human_real_#.wav,human,16000,1,3.754625,WAV,120192
train,7280,02d3d6ef-c6bc-49df-a63b-9528cbcd04eb.flac,#d#d#ef-c#bc-#df-a#b-#cbcd#eb.flac,ivr,16000,1,4.68,FLAC,88433
train,7281,0059c16d-85ca-4621-b8eb-cc4b229ee6d6.flac,#c#d-#ca-#-b#eb-cc#b#ee#d#.flac,ivr,16000,1,5.44,FLAC,91235
train,7282,000cbed0-28da-40ff-a51c-e234d4dee703.flac,#cbed#-#da-#ff-a#c-e#d#dee#.flac,ivr,16000,1,6.6,FLAC,122854
train,7283,voicemail_00262.wav,voicemail_#.wav,voicemail,16000,1,10.0,WAV,320044
train,7284,voicemail_00356.wav,voicemail_#.wav,voicemail,16000,1,10.0,WAV,320044
train,7285,019751ab-87cd-4962-aa1b-89a58f522cc6.flac,#ab-#cd-#-aa#b-#a#f#cc#.flac,ivr,16000,1,10.4,FLAC,196213
train,7286,02add9ac-17fe-41e4-b453-754057d37f08.flac,#add#ac-#fe-#e#-b#-#d#f#.flac,answering_machine,16000,1,14.018875,FLAC,266131
train,7287,16604b5e-1213-49c9-b6f5-b593f8aa48f4.flac,#b#e-#-#c#-b#f#-b#f#aa#f#.flac,answering_machine,16000,1,4.0728125,FLAC,77984
train,7288,carrier_en_answering_machine_00500.wav,carrier_en_answering_machine_#.wav,answering_machine,16000,1,10.0,WAV,320044
train,7289,carrier_es_ivr_00245.wav,carrier_es_ivr_#.wav,ivr,16000,1,10.0,WAV,320044
train,7290,human_tts_00142.wav,human_tts_#.wav,human,16000,1,3.048,WAV,97580
train,7291,1964fdc0-ed8a-4185-b638-45a9fda77b4b.flac,#fdc#-ed#a-#-b#-#a#fda#b#b.flac,voicemail,16000,1,11.26725,FLAC,223767
train,7292,026de40d-da9a-4147-9d37-b1bc0f31fcd0.flac,#de#d-da#a-#-#d#-b#bc#f#fcd#.flac,ivr,16000,1,2.56,FLAC,59455
train,7293,human_real_00065.wav,human_real_#.wav,human,16000,1,10.0,WAV,320044
train,7294,1b94245f-10cc-4031-9d49-739e27bbc45e.flac,#b#f-#cc-#-#d#-#e#bbc#e.flac,answering_machine,16000,1,6.5706875,FLAC,119361
train,7295,14460d39-19d3-482d-be54-38a3789b0a65.flac,#d#-#d#-#d-be#-#a#b#a#.flac,voicemail,16000,1,12.2895,FLAC,240086
train,7296,ivr_00109.wav,ivr_#.wav,ivr,16000,1,9.0,WAV,288044
train,7297,voicemail_00274.wav,voicemail_#.wav,voicemail,16000,1,10.0,WAV,320044
train,7298,01897116-dd9a-42a7-a9f4-dec84aec0883.flac,#-dd#a-#a#-a#f#-dec#aec#.flac,ivr,16000,1,6.92,FLAC,127113
train,7299,carrier_es_human_00182.wav,carrier_es_human_#.wav,human,16000,1,3.096,WAV,99116
train,7300,human_tts_00122.wav,human_tts_#.wav,human,16000,1,4.224,WAV,135212
train,7301,01e6ee56-165c-4abc-80c8-52dc0b92dacc.flac,#e#ee#-#c-#abc-#c#-#dc#b#dacc.flac,ivr,16000,1,7.84,FLAC,156187
train,7302,15307705-554d-429e-9cb4-084876ab0919.flac,#-#d-#e-#cb#-#ab#.flac,voicemail,16000,1,13.5055625,FLAC,227003
train,7303,incomplete_c94b3d4a-31c3-42ea-baea-388e83fcfa3d_normalized.flac,incomplete_c#b#d#a-#c#-#ea-baea-#e#fcfa#d_normalized.flac,human,16000,1,3.140625,FLAC,60495
train,7304,carrier_es_human_00186.wav,carrier_es_human_#.wav,human,16000,1,2.04,WAV,65324
train,7305,063ffc97-46ae-4ee0-abc1-bef6c7c4d1f1.flac,#ffc#-#ae-#ee#-abc#-bef#c#c#d#f#.flac,voicemail,16000,1,11.6460625,FLAC,218135
train,7306,02c101f9-9d87-4e6a-bda5-12724aaef7ad.flac,#c#f#-#d#-#e#a-bda#-#aaef#ad.flac,answering_machine,16000,1,12.394875,FLAC,228997
train,7307,human_tts_00087.wav,human_tts_#.wav,human,16000,1,2.208,WAV,70700
train,7308,0fefa524-5506-40b3-af43-94ecf5385fdf.flac,#fefa#-#-#b#-af#-#ecf#fdf.flac,answering_machine,16000,1,5.461375,FLAC,115244
train,7309,15065cbf-ea07-447d-8c21-d733c6d32ac1.flac,#cbf-ea#-#d-#c#-d#c#d#ac#.flac,voicemail,16000,1,11.9265,FLAC,269097
train,7310,complete_49fe640b-0b54-4b82-b1f3-7cc16318f8c2_normalized.flac,complete_#fe#b-#b#-#b#-b#f#-#cc#f#c#_normalized.flac,human,16000,1,2.519375,FLAC,47377
train,7311,17009e21-48eb-431c-a6f9-d3ae975e86b1.flac,#e#-#eb-#c-a#f#-d#ae#e#b#.flac,answering_machine,16000,1,9.3113125,FLAC,171670
train,7312,0d2785cb-1eac-4de2-8942-476ef85c5d53.flac,#d#cb-#eac-#de#-#-#ef#c#d#.flac,answering_machine,16000,1,9.6426875,FLAC,210067
train,7313,incomplete_a7fd3b19-ff2a-47e1-95dd-7fa21bd0878f_normalized.flac,incomplete_a#fd#b#-ff#a-#e#-#dd-#fa#bd#f_normalized.flac,human,16000,1,7.8186875,FLAC,160934
train,7314,fr_voicemail_00133.wav,fr_voicemail_#.wav,voicemail,16000,1,10.0,WAV,320044
train,7315,11360374-4da1-4662-8a3e-ec9ec9cc5f97.flac,#-#da#-#-#a#e-ec#ec#cc#f#.flac,voicemail,16000,1,13.1986875,FLAC,282757
train,7316,incomplete_118ee77e-aa0f-46a7-9c3d-d7c24a55f505_normalized.flac,incomplete_#ee#e-aa#f-#a#-#c#d-d#c#a#f#_normalized.flac,human,16000,1,6.765,FLAC,143244
train,7317,voicemail_00325.wav,voicemail_#.wav,voicemail,16000,1,10.0,WAV,320044
train,7318,07722ac7-7f2c-4d4e-bf5a-716c572d4ca1.flac,#ac#-#f#c-#d#e-bf#a-#c#d#ca#.flac,answering_machine,16000,1,16.0,FLAC,293607
train,7319,016170ba-bdc5-4849-b2af-34a5481c7619.flac,#ba-bdc#-#-b#af-#a#c#.flac,ivr,16000,1,8.6,FLAC,174997
train,7320,voicemail_00087.wav,voicemail_#.wav,voicemail,16000,1,9.3318125,WAV,298662
train,7321,complete_331a31cd-1abf-4c36-89b9-917d91883803_normalized.flac,complete_#a#cd-#abf-#c#-#b#-#d#_normalized.flac,human,16000,1,3.08,FLAC,44852
train,7322,045f1271-d785-4d1a-bb42-948021fdfe5e.flac,#f#-d#-#d#a-bb#-#fdfe#e.flac,answering_machine,16000,1,12.4933125,FLAC,267975
train,7323,complete_a40b8baa4ac64e16afbdc03042648d72.flac,complete_a#b#baa#ac#e#afbdc#d#.flac,human,16000,1,1.6046875,FLAC,22852
train,7324,0c08390b-1533-45fe-b53f-8737a6175989.flac,#c#b-#-#fe-b#f-#a#.flac,voicemail,16000,1,16.0,FLAC,326128
train,7325,carrier_es_answering_machine_00261.wav,carrier_es_answering_machine_#.wav,answering_machine,16000,1,9.9158125,WAV,317350
train,7326,02b14cfb-c8e0-49bb-8a90-17bd1ea11873.flac,#b#cfb-c#e#-#bb-#a#-#bd#ea#.flac,voicemail,16000,1,12.87175,FLAC,288806
train,7327,028651bb-d54e-421a-b25a-174227a72ed1.flac,#bb-d#e-#a-b#a-#a#ed#.flac,answering_machine,16000,1,7.253375,FLAC,151316
train,7328,09b18a32-982a-4d92-9ecb-d80ee22420bb.flac,#b#a#-#a-#d#-#ecb-d#ee#bb.flac,answering_machine,16000,1,4.702625,FLAC,70245
train,7329,0f2cf575-7a27-4548-8d6a-0f6fa8437c49.flac,#f#cf#-#a#-#-#d#a-#f#fa#c#.flac,voicemail,16000,1,12.3949375,FLAC,240881
train,7330,response_29.wav,response_#.wav,human,8000,1,3.71525,WAV,29780
train,7331,0d5606d1-57d9-4cd2-9710-d2613347692f.flac,#d#d#-#d#-#cd#-#-d#f.flac,voicemail,16000,1,16.0,FLAC,305044
train,7332,60266480dc3604f481bcb43e.wav,#dc#f#bcb#e.wav,human,8000,1,8.704,WAV,69690
train,7333,incomplete_fd3d4789-24c5-4470-b755-05361667d794_normalized.flac,incomplete_fd#d#-#c#-#-b#-#d#_normalized.flac,human,16000,1,3.3066875,FLAC,68743
train,7334,am_00386.wav,am_#.wav,answering_machine,16000,1,9.9069375,WAV,317066
train,7335,035b8338-82ee-4798-bdde-430f466d74ec.flac,#b#-#ee-#-bdde-#f#d#ec.flac,ivr,16000,1,10.08,FLAC,221580
train,7336,03d76e6d-d197-49aa-817c-a3ed0e3915f8.flac,#d#e#d-d#-#aa-#c-a#ed#e#f#.flac,answering_machine,16000,1,9.48575,FLAC,138364
train,7337,1a42032b-dbc1-4f50-9dc8-005641b980c4.flac,#a#b-dbc#-#f#-#dc#-#b#c#.flac,answering_machine,16000,1,3.9461875,FLAC,68714
train,7338,fr_human_real_00039.wav,fr_human_real_#.wav,human,16000,1,3.328,WAV,106540
train,7339,response_7.wav,response_#.wav,human,8000,1,6.4,WAV,51258
train,7340,fr_ivr_00180.wav,fr_ivr_#.wav,ivr,16000,1,8.016,WAV,256556
train,7341,human_real_00092.wav,human_real_#.wav,human,16000,1,4.949375,WAV,158424
train,7342,1a2f22ac-2ef9-472c-b9cc-9810e5b867ab.flac,#a#f#ac-#ef#-#c-b#cc-#e#b#ab.flac,voicemail,16000,1,14.2163125,FLAC,325968
train,7343,01bb137d-2e06-405c-ad48-18e9b1edc202.flac,#bb#d-#e#-#c-ad#-#e#b#edc#.flac,ivr,16000,1,5.48,FLAC,115487
train,7344,013f6f34-3c8d-4abf-8301-94844f590e0e.flac,#f#f#-#c#d-#abf-#-#f#e#e.flac,ivr,16000,1,8.12,FLAC,167130
train,7345,carrier_de_human_00299.wav,carrier_de_human_#.wav,human,16000,1,2.736,WAV,87596
train,7346,complete_3a706ed4-53e0-41f2-9ba0-1cddba2b7097_normalized.flac,complete_#a#ed#-#e#-#f#-#ba#-#cddba#b#_normalized.flac,human,16000,1,2.693125,FLAC,53565
train,7347,incomplete_293d65fc-20a4-4906-a044-b3c714661ba3_normalized.flac,incomplete_#d#fc-#a#-#-a#-b#c#ba#_normalized.flac,human,16000,1,4.011,FLAC,74291
train,7348,es_human_tts_00303.wav,es_human_tts_#.wav,human,16000,1,2.328,WAV,74540
train,7349,0bef2a98-c323-47e9-8363-7738d2e3c952.flac,#bef#a#-c#-#e#-#-#d#e#c#.flac,answering_machine,16000,1,7.7980625,FLAC,140028
train,7350,0274f1d1-ffb7-4eff-959e-54d7a52dff8f.flac,#f#d#-ffb#-#eff-#e-#d#a#dff#f.flac,ivr,16000,1,5.08,FLAC,90594
train,7351,19bbd7f3-6982-47c7-8261-6d303f324464.flac,#bbd#f#-#-#c#-#-#d#f#.flac,answering_machine,16000,1,4.608,FLAC,92123
train,7352,0a6eabd9-987a-48e2-9d18-76b6176b18af.flac,#a#eabd#-#a-#e#-#d#-#b#b#af.flac,answering_machine,16000,1,12.38675,FLAC,236168
train,7353,11148032-f16d-47c9-b515-b111c012691d.flac,#-f#d-#c#-b#-b#c#d.flac,voicemail,16000,1,3.876,FLAC,90019
train,7354,00e3468b-1e3b-410a-a10c-432a5939e3f1.flac,#e#b-#e#b-#a-a#c-#a#e#f#.flac,ivr,16000,1,10.0,FLAC,206409
train,7355,response_27.wav,response_#.wav,human,8000,1,8.874625,WAV,71056
train,7356,0326159e-8a11-4703-938f-e4be3e9b4cca.flac,#e-#a#-#-#f-e#be#e#b#cca.flac,ivr,16000,1,5.04,FLAC,98173
train,7357,016d67f2-5afd-4ba8-b8a2-12585cd82896.flac,#d#f#-#afd-#ba#-b#a#-#cd#.flac,ivr,16000,1,6.56,FLAC,127349
train,7358,02c3f381-595b-4bdc-8974-3e9feaa1fd25.flac,#c#f#-#b-#bdc-#-#e#feaa#fd#.flac,answering_machine,16000,1,12.432625,FLAC,254545
train,7359,012d3dcd-963a-4280-bc54-b9df86eebcd0.flac,#d#dcd-#a-#-bc#-b#df#eebcd#.flac,ivr,16000,1,3.08,FLAC,60226
train,7360,complete_2c25579f-1139-4079-9cae-7f14bf63194c_normalized.flac,complete_#c#f-#-#-#cae-#f#bf#c_normalized.flac,human,16000,1,4.15875,FLAC,84635
train,7361,0d6f2aa5-df32-484f-a43f-d523266727ba.flac,#d#f#aa#-df#-#f-a#f-d#ba.flac,voicemail,16000,1,16.0,FLAC,339444
train,7362,08a0afd4-00d0-4f45-b5b0-89ada9f6c481.flac,#a#afd#-#d#-#f#-b#b#-#ada#f#c#.flac,answering_machine,16000,1,4.2666875,FLAC,82862
train,7363,incomplete_8af8b1fe-1bc8-45de-b5ac-5f99ff6f5bf4_normalized.flac,incomplete_#af#b#fe-#bc#-#de-b#ac-#f#ff#f#bf#_normalized.flac,human,16000,1,4.72,FLAC,83004
train,7364,0296ecc4-a489-4501-bf94-d37970134c57.flac,#ecc#-a#-#-bf#-d#c#.flac,ivr,16000,1,4.36,FLAC,93366
train,7365,092b568f-d10a-4cbd-99d0-ed0e2458b0fe.flac,#b#f-d#a-#cbd-#d#-ed#e#b#fe.flac,voicemail,16000,1,16.0,FLAC,310019
train,7366,60265ddec7abb7f83213813c.wav,#ddec#abb#f#c.wav,human,8000,1,19.285375,WAV,154342
train,7367,carrier_en_human_00395.wav,carrier_en_human_#.wav,human,16000,1,2.376,WAV,76076
train,7368,complete_a6f0ff58-880a-4bd6-a76a-170cfcb7951b_normalized.flac,complete_a#f#ff#-#a-#bd#-a#a-#cfcb#b_normalized.flac,human,16000,1,4.846875,FLAC,92475
train,7369,185913a4-8d20-4cbd-8844-6ec80875094a.flac,#a#-#d#-#cbd-#-#ec#a.flac,answering_machine,16000,1,5.632,FLAC,112426
train,7370,1706ac12-90ac-46b8-8c9d-e876fa18c16e.flac,#ac#-#ac-#b#-#c#d-e#fa#c#e.flac,answering_machine,16000,1,4.864,FLAC,95317
train,7371,carrier_fr_voicemail_00034.wav,carrier_fr_voicemail_#.wav,voicemail,16000,1,8.771625,WAV,280736
train,7372,de_ivr_00510.wav,de_ivr_#.wav,ivr,16000,1,8.76,WAV,280364
train,7373,ivr_00185.wav,ivr_#.wav,ivr,16000,1,10.0,WAV,320044
train,7374,response_9.wav,response_#.wav,human,8000,1,3.669375,WAV,29414
train,7375,00c3b960-e918-4476-92c8-c49ea33c623b.flac,#c#b#-e#-#-#c#-c#ea#c#b.flac,answering_machine,16000,1,2.4746875,FLAC,46717
train,7376,incomplete_31e591b0e6b041e58fc86e88985ed781.flac,incomplete_#e#b#e#b#e#fc#e#ed#.flac,human,16000,1,2.941875,FLAC,38522
train,7377,1a35b504-dea8-4cff-bace-16d164958608.flac,#a#b#-dea#-#cff-bace-#d#.flac,answering_machine,16000,1,15.7894375,FLAC,340380
train,7378,03075837-484d-44e2-882d-054c3661f7ee.flac,#-#d-#e#-#d-#c#f#ee.flac,ivr,16000,1,7.84,FLAC,141692
train,7379,0e90e3b7-7f1d-40e5-801d-d4e60f992ae1.flac,#e#e#b#-#f#d-#e#-#d-d#e#f#ae#.flac,answering_machine,16000,1,7.6123125,FLAC,129545
train,7380,014e664d-6918-4916-aa92-a39da345457c.flac,#e#d-#-#-aa#-a#da#c.flac,ivr,16000,1,15.64,FLAC,299288
train,7381,es_ivr_00347.wav,es_ivr_#.wav,ivr,16000,1,9.024,WAV,288812
train,7382,complete_d7c9dc2c-1508-4fb0-8210-6f2378c1f1fd_normalized.flac,complete_d#c#dc#c-#-#fb#-#-#f#c#f#fd_normalized.flac,human,16000,1,3.84375,FLAC,76017
train,7383,carrier_en_ivr_00474.wav,carrier_en_ivr_#.wav,ivr,16000,1,10.0,WAV,320044
train,7384,1dae28d8-61be-4080-9dfb-1336c146dd73.flac,#dae#d#-#be-#-#dfb-#c#dd#.flac,voicemail,16000,1,12.501,FLAC,249117
train,7385,1276354c-7c99-4a03-9101-5e4e7528f266.flac,#c-#c#-#a#-#-#e#e#f#.flac,voicemail,16000,1,11.833,FLAC,254816
train,7386,02d9f403-cad8-482d-a7b9-4612f7593adb.flac,#d#f#-cad#-#d-a#b#-#f#adb.flac,ivr,16000,1,6.12,FLAC,114256
train,7387,carrier_fr_voicemail_00082.wav,carrier_fr_voicemail_#.wav,voicemail,16000,1,10.0,WAV,320044
train,7388,602ba690bb1e6d0fbce920a9.wav,#ba#bb#e#d#fbce#a#.wav,human,8000,1,4.010625,WAV,32144
train,7389,am_00396.wav,am_#.wav,answering_machine,16000,1,7.838125,WAV,250864
train,7390,incomplete_386fd696-4236-469f-83f1-34bc987d1813_normalized.flac,incomplete_#fd#-#-#f-#f#-#bc#d#_normalized.flac,human,16000,1,6.168125,FLAC,120596
train,7391,carrier_es_answering_machine_00262.wav,carrier_es_answering_machine_#.wav,answering_machine,16000,1,9.9991875,WAV,320018
train,7392,1e3ea49c-6add-4ca6-af8a-f823a7b05e31.flac,#e#ea#c-#add-#ca#-af#a-f#a#b#e#.flac,voicemail,16000,1,12.37625,FLAC,218986
train,7393,complete_b3447df6-94e8-4e43-8302-10c4f57d48c1_normalized.flac,complete_b#df#-#e#-#e#-#-#c#f#d#c#_normalized.flac,human,16000,1,3.52625,FLAC,71883
train,7394,034b01e3-ce47-43a6-a279-843471c62640.flac,#b#e#-ce#-#a#-a#-#c#.flac,ivr,16000,1,7.48,FLAC,156472
train,7395,voicemail_00345.wav,voicemail_#.wav,voicemail,16000,1,10.0,WAV,320044
train,7396,carrier_fr_ivr_00091.wav,carrier_fr_ivr_#.wav,ivr,16000,1,10.0,WAV,320044
train,7397,168f1ec3-9a35-4bdd-85bf-9a93ec885a36.flac,#f#ec#-#a#-#bdd-#bf-#a#ec#a#.flac,voicemail,16000,1,4.2840625,FLAC,81562
train,7398,am_00172.wav,am_#.wav,answering_machine,16000,1,10.0,WAV,320044
train,7399,17d210e6-1fef-49f5-8cf4-aff32817b047.flac,#d#e#-#fef-#f#-#cf#-aff#b#.flac,voicemail,16000,1,6.7709375,FLAC,136192
train,7400,0fc90722-f88d-4e01-aef0-884ce6f73fc9.flac,#fc#-f#d-#e#-aef#-#ce#f#fc#.flac,voicemail,16000,1,15.6353125,FLAC,260252
train,7401,02c4978b-e93b-426a-87ef-33d5be19e1c0.flac,#c#b-e#b-#a-#ef-#d#be#e#c#.flac,ivr,16000,1,4.6,FLAC,77828
train,7402,10f91346-59ea-4917-b2a1-10866eb7a19a.flac,#f#-#ea-#-b#a#-#eb#a#a.flac,voicemail,16000,1,3.62,FLAC,44667
train,7403,0639a651-f9ee-4c4d-810f-67d0cea13952.flac,#a#-f#ee-#c#d-#f-#d#cea#.flac,voicemail,16000,1,2.1015,FLAC,40498
train,7404,113de1b8-14fe-49e3-a222-0a78a7783a4d.flac,#de#b#-#fe-#e#-a#-#a#a#a#d.flac,answering_machine,16000,1,7.908,FLAC,140373
train,7405,am_00321.wav,am_#.wav,answering_machine,16000,1,10.0,WAV,320044
train,7406,carrier_en_voicemail_00431.wav,carrier_en_voicemail_#.wav,voicemail,16000,1,9.735,WAV,311564
train,7407,ivr_00173.wav,ivr_#.wav,ivr,16000,1,10.0,WAV,320044
train,7408,19ee10c3-c801-4db7-bddb-3fdc9606e33c.flac,#ee#c#-c#-#db#-bddb-#fdc#e#c.flac,answering_machine,16000,1,12.0764375,FLAC,272393
train,7409,00eee320-6cb7-4e5d-b84e-80400827ea93.flac,#eee#-#cb#-#e#d-b#e-#ea#.flac,ivr,16000,1,9.8,FLAC,227486
train,7410,fr_ivr_00184.wav,fr_ivr_#.wav,ivr,16000,1,9.168,WAV,293420
train,7411,response_9.wav,response_#.wav,human,8000,1,5.376,WAV,43066
train,7412,de_ivr_00512.wav,de_ivr_#.wav,ivr,16000,1,9.648,WAV,308780
train,7413,60266758c7abb7f8321385cf.wav,#c#abb#f#cf.wav,human,8000,1,17.066625,WAV,136592
train,7414,complete_303afedd-6ff7-4b83-a8cf-4c54db5c174e_normalized.flac,complete_#afedd-#ff#-#b#-a#cf-#c#db#c#e_normalized.flac,human,16000,1,2.519375,FLAC,52701
train,7415,011ac94e-bc00-4a2d-bb60-8e7b6c62f218.flac,#ac#e-bc#-#a#d-bb#-#e#b#c#f#.flac,ivr,16000,1,4.0,FLAC,79496
train,7416,1acbaaae-c09b-495e-b27c-cae7d50e6f0e.flac,#acbaaae-c#b-#e-b#c-cae#d#e#f#e.flac,voicemail,16000,1,13.6515625,FLAC,310032
train,7417,response_7.wav,response_#.wav,human,8000,1,3.84,WAV,30778
train,7418,04df8e7e-839d-4d13-a6cd-49f003e6f5c2.flac,#df#e#e-#d-#d#-a#cd-#f#e#f#c#.flac,voicemail,16000,1,15.8099375,FLAC,293864
train,7419,carrier_fr_ivr_00090.wav,carrier_fr_ivr_#.wav,ivr,16000,1,10.0,WAV,320044
train,7420,1ad6998f-7dc3-4710-8980-1c82098a57fd.flac,#ad#f-#dc#-#-#-#c#a#fd.flac,answering_machine,16000,1,11.975375,FLAC,235805
train,7421,voicemail_00252.wav,voicemail_#.wav,voicemail,16000,1,9.4525625,WAV,302526
train,7422,response_4.wav,response_#.wav,human,8000,1,8.448,WAV,67642
train,7423,0138629f-cfb4-4058-829a-9924803bd397.flac,#f-cfb#-#-#a-#bd#.flac,ivr,16000,1,6.88,FLAC,144849
train,7424,complete_01e5f718ba5e44bc8718b53a7a80b847.flac,complete_#e#f#ba#e#bc#b#a#a#b#.flac,human,16000,1,4.1744375,FLAC,58539
train,7425,response_20.wav,response_#.wav,human,8000,1,4.352,WAV,34874
train,7426,022ab591-97f2-4d32-b346-c9f1bc4102b1.flac,#ab#-#f#-#d#-b#-c#f#bc#b#.flac,ivr,16000,1,4.84,FLAC,100709
train,7427,127ee084-b92e-4db2-9a84-7d8d46f5aca8.flac,#ee#-b#e-#db#-#a#-#d#d#f#aca#.flac,answering_machine,16000,1,12.7898125,FLAC,242484
train,7428,170dd4be-3270-4aa1-846e-b6925ec64ed3.flac,#dd#be-#-#aa#-#e-b#ec#ed#.flac,voicemail,16000,1,12.2745,FLAC,223944
train,7429,fr_human_tts_00089.wav,fr_human_tts_#.wav,human,16000,1,4.056,WAV,129836
train,7430,complete_d15f8134-058f-4366-b113-220bad0de688_normalized.flac,complete_d#f#-#f-#-b#-#bad#de#_normalized.flac,human,16000,1,4.149375,FLAC,92587
train,7431,0e668e68-910e-4198-9b47-4e69c42ebd5e.flac,#e#e#-#e-#-#b#-#e#c#ebd#e.flac,answering_machine,16000,1,16.0,FLAC,300859
train,7432,0e228ed0-3db6-4b01-b22a-17a3ed28e2c7.flac,#e#ed#-#db#-#b#-b#a-#a#ed#e#c#.flac,answering_machine,16000,1,13.947625,FLAC,257169
train,7433,602ba5a4963e11ccd901ccb8.wav,#ba#a#e#ccd#ccb#.wav,human,8000,1,7.594625,WAV,60816
train,7434,carrier_de_voicemail_00308.wav,carrier_de_voicemail_#.wav,voicemail,16000,1,10.0,WAV,320044
train,7435,0117fd11-75da-404f-944c-e59d16cef8fc.flac,#fd#-#da-#f-#c-e#d#cef#fc.flac,ivr,16000,1,4.72,FLAC,102468
train,7436,0090bd2e-daaa-4a51-a660-a1fa339800cc.flac,#bd#e-daaa-#a#-a#-a#fa#cc.flac,ivr,16000,1,7.72,FLAC,162495
train,7437,00ac8676-df4e-49a8-bb63-67b5afbad771.flac,#ac#-df#e-#a#-bb#-#b#afbad#.flac,ivr,16000,1,7.32,FLAC,145465
train,7438,complete_270d2388-45aa-4bad-9e5b-ef14e8fc811a_normalized.flac,complete_#d#-#aa-#bad-#e#b-ef#e#fc#a_normalized.flac,human,16000,1,4.93125,FLAC,94013
train,7439,0f2752d0-9642-4a15-bd21-e62549eeafa0.flac,#f#d#-#-#a#-bd#-e#eeafa#.flac,answering_machine,16000,1,13.5831875,FLAC,268236
train,7440,de_voicemail_00484.wav,de_voicemail_#.wav,voicemail,16000,1,8.62525,WAV,276052
train,7441,am_00324.wav,am_#.wav,answering_machine,16000,1,10.0,WAV,320044
train,7442,ivr_00331.wav,ivr_#.wav,ivr,16000,1,10.0,WAV,320044
train,7443,02674f6f-b9bb-402d-96f0-3243738e1fa0.flac,#f#f-b#bb-#d-#f#-#e#fa#.flac,ivr,16000,1,8.44,FLAC,179293
train,7444,complete_4471fcfac194430ba349307f4521126e.flac,complete_#fcfac#ba#f#e.flac,human,16000,1,4.465125,FLAC,61412
train,7445,07914e6e-3b7e-41a7-8100-23c94691ea02.flac,#e#e-#b#e-#a#-#-#c#ea#.flac,voicemail,16000,1,12.03525,FLAC,229384
train,7446,human_tts_00014.wav,human_tts_#.wav,human,16000,1,2.184,WAV,69932
train,7447,107f6f11-7571-418f-96ad-9442dcf17481.flac,#f#f#-#-#f-#ad-#dcf#.flac,voicemail,16000,1,13.082,FLAC,223503
train,7448,voicemail_00035.wav,voicemail_#.wav,voicemail,16000,1,8.135375,WAV,260376
train,7449,carrier_es_human_00178.wav,carrier_es_human_#.wav,human,16000,1,3.552,WAV,113708
train,7450,028aedd9-ea34-44ae-9e21-7c042f280636.flac,#aedd#-ea#-#ae-#e#-#c#f#.flac,answering_machine,16000,1,12.596,FLAC,226791
train,7451,carrier_de_voicemail_00312.wav,carrier_de_voicemail_#.wav,voicemail,16000,1,10.0,WAV,320044
train,7452,008fe6ec-1ad2-47dc-87fd-0a2b67a31d37.flac,#fe#ec-#ad#-#dc-#fd-#a#b#a#d#.flac,ivr,16000,1,4.48,FLAC,89761
train,7453,04deed78-e3d6-4d52-8b7e-d08911225722.flac,#deed#-e#d#-#d#-#b#e-d#.flac,answering_machine,16000,1,14.524625,FLAC,293324
train,7454,human_tts_00171.wav,human_tts_#.wav,human,16000,1,2.928,WAV,93740
train,7455,004f9477-09e5-4221-a3bb-3fa04a724539.flac,#f#-#e#-#-a#bb-#fa#a#.flac,ivr,16000,1,4.88,FLAC,99453
train,7456,17d342b2-e6aa-4392-b160-e6a798b9fa49.flac,#d#b#-e#aa-#-b#-e#a#b#fa#.flac,answering_machine,16000,1,4.693375,FLAC,97446
train,7457,0e056c86-e0ca-404c-a397-b8a1fb071110.flac,#e#c#-e#ca-#c-a#-b#a#fb#.flac,answering_machine,16000,1,10.1290625,FLAC,196716
train,7458,045d2483-ca7f-4b6b-abcc-9a222c374174.flac,#d#-ca#f-#b#b-abcc-#a#c#.flac,answering_machine,16000,1,9.0425,FLAC,177677
train,7459,fr_ivr_00194.wav,fr_ivr_#.wav,ivr,16000,1,8.208,WAV,262700
train,7460,incomplete_3f689239-7fe5-427c-8754-df9d1d1e46e1_normalized.flac,incomplete_#f#-#fe#-#c-#-df#d#d#e#e#_normalized.flac,human,16000,1,5.188125,FLAC,99840
train,7461,01dad322-e96b-458e-975f-e43209f2dcea.flac,#dad#-e#b-#e-#f-e#f#dcea.flac,ivr,16000,1,4.64,FLAC,100724
train,7462,voicemail_00247.wav,voicemail_#.wav,voicemail,16000,1,8.5109375,WAV,272394
train,7463,09d2a442-a5d1-4da0-bfd1-938bdd1085ba.flac,#d#a#-a#d#-#da#-bfd#-#bdd#ba.flac,answering_machine,16000,1,10.8429375,FLAC,192132
train,7464,complete_67ce677391b54694879b58f1c6149ea5.flac,complete_#ce#b#b#f#c#ea#.flac,human,16000,1,3.094875,FLAC,36914
train,7465,035b27d7-5204-4da4-97f9-29800860c66d.flac,#b#d#-#-#da#-#f#-#c#d.flac,voicemail,16000,1,10.0056875,FLAC,218957
train,7466,0e688bdd-29d3-46e5-bb8e-4ff0c620276b.flac,#e#bdd-#d#-#e#-bb#e-#ff#c#b.flac,answering_machine,16000,1,11.9406875,FLAC,246155
train,7467,08ce8c91-1512-4fd3-80d3-8f0f5a2bd305.flac,#ce#c#-#-#fd#-#d#-#f#f#a#bd#.flac,answering_machine,16000,1,3.0633125,FLAC,54048
train,7468,fr_am_00213.wav,fr_am_#.wav,answering_machine,16000,1,9.9403125,WAV,318134
train,7469,02b29d5b-f30a-4d1a-bf81-bf9bd43dcc74.flac,#b#d#b-f#a-#d#a-bf#-bf#bd#dcc#.flac,ivr,16000,1,6.08,FLAC,118861
train,7470,60268f52c7abb7f832138c22.wav,#f#c#abb#f#c#.wav,human,8000,1,13.226625,WAV,105872
train,7471,00fb84d2-ff22-49eb-a2c9-a729783391ac.flac,#fb#d#-ff#-#eb-a#c#-a#ac.flac,ivr,16000,1,8.44,FLAC,177679
train,7472,1ab4addb-35f3-4cd6-93cd-31daa11e2b5d.flac,#ab#addb-#f#-#cd#-#cd-#daa#e#b#d.flac,answering_machine,16000,1,8.8924375,FLAC,176241
train,7473,01eb34fa-4573-43ad-8e1c-2a6d043e5992.flac,#eb#fa-#-#ad-#e#c-#a#d#e#.flac,ivr,16000,1,6.0,FLAC,121083
train,7474,am_00107.wav,am_#.wav,answering_machine,16000,1,10.0,WAV,320044
train,7475,response_9.wav,response_#.wav,human,8000,1,3.925375,WAV,31462
train,7476,14b5f256-afb5-44eb-a282-3eff4bad87da.flac,#b#f#-afb#-#eb-a#-#eff#bad#da.flac,answering_machine,16000,1,16.0,FLAC,294323
train,7477,human_real_00012.wav,human_real_#.wav,human,16000,1,10.0,WAV,320044
train,7478,complete_9a33f9d92c4140a6b988d0a9768ff07c.flac,complete_#a#f#d#c#a#b#d#a#ff#c.flac,human,16000,1,2.8605,FLAC,38516
train,7479,incomplete_3568dfd87f744cab8d4d128f22c3ede6.flac,incomplete_#dfd#f#cab#d#d#f#c#ede#.flac,human,16000,1,3.1744375,FLAC,53197
train,7480,complete_9e13aabe-4224-4661-87f9-a9ac80cd77ee_normalized.flac,complete_#e#aabe-#-#-#f#-a#ac#cd#ee_normalized.flac,human,16000,1,2.8265625,FLAC,56679
train,7481,1da56244-fd2c-432c-b8de-2755dbdb1fb5.flac,#da#-fd#c-#c-b#de-#dbdb#fb#.flac,voicemail,16000,1,4.2786875,FLAC,90340
train,7482,029660bf-9a65-43d6-ab85-4b1e34e54000.flac,#bf-#a#-#d#-ab#-#b#e#e#.flac,ivr,16000,1,4.24,FLAC,82984
train,7483,01089f16-587a-41ad-8e7a-61d1d15610d9.flac,#f#-#a-#ad-#e#a-#d#d#d#.flac,voicemail,16000,1,4.0455,FLAC,75163
train,7484,fr_am_00220.wav,fr_am_#.wav,answering_machine,16000,1,8.045875,WAV,257512
train,7485,human_tts_00097.wav,human_tts_#.wav,human,16000,1,1.128,WAV,36140
train,7486,0191cb18-779c-4d6b-b842-062ff989fe24.flac,#cb#-#c-#d#b-b#-#ff#fe#.flac,ivr,16000,1,7.52,FLAC,131239
train,7487,1bbc2c1c-9ec8-4c87-841f-f1f1675828f5.flac,#bbc#c#c-#ec#-#c#-#f-f#f#f#.flac,voicemail,16000,1,16.0,FLAC,357066
train,7488,ivr_00047.wav,ivr_#.wav,ivr,16000,1,9.0,WAV,288044
train,7489,02ebfe2a-82a4-4f00-b470-d4c191317862.flac,#ebfe#a-#a#-#f#-b#-d#c#.flac,answering_machine,16000,1,12.8878125,FLAC,234055
train,7490,0d51c77d-618c-4141-aeea-7c442febc022.flac,#d#c#d-#c-#-aeea-#c#febc#.flac,answering_machine,16000,1,7.168,FLAC,138408
train,7491,fr_human_tts_00075.wav,fr_human_tts_#.wav,human,16000,1,1.368,WAV,43820
train,7492,CAd61bce922a6867e8a093cf867e42cdda_1.wav,CAd#bce#a#e#a#cf#e#cdda_#.wav,human,8000,1,7.68,WAV,61498
train,7493,0acc2bdc-3250-4783-95be-1ade068f669a.flac,#acc#bdc-#-#-#be-#ade#f#a.flac,voicemail,16000,1,4.8119375,FLAC,74538
train,7494,ivr_00002.wav,ivr_#.wav,ivr,16000,1,10.0,WAV,320044
train,7495,incomplete_3a7b2ee3-7945-4f97-8d67-aac252e531c3_normalized.flac,incomplete_#a#b#ee#-#-#f#-#d#-aac#e#c#_normalized.flac,human,16000,1,5.68125,FLAC,117117
train,7496,voicemail_00217.wav,voicemail_#.wav,voicemail,16000,1,10.0,WAV,320044
train,7497,02795080-dd31-4184-a7fd-f095461989c4.flac,#-dd#-#-a#fd-f#c#.flac,voicemail,16000,1,12.1530625,FLAC,284659
train,7498,0f782515-7d3d-4b6a-9433-00c90db91e0c.flac,#f#-#d#d-#b#a-#-#c#db#e#c.flac,voicemail,16000,1,2.87375,FLAC,43978
train,7499,0b8c3831-bdaa-4be9-86ae-15e5e054f021.flac,#b#c#-bdaa-#be#-#ae-#e#e#f#.flac,answering_machine,16000,1,3.988875,FLAC,65648
train,7500,carrier_fr_voicemail_00076.wav,carrier_fr_voicemail_#.wav,voicemail,16000,1,7.19,WAV,230124
train,7501,am_00131.wav,am_#.wav,answering_machine,16000,1,8.2705625,WAV,264702
train,7502,063992c0-df56-4652-9bb7-44e80fccecdb.flac,#c#-df#-#-#bb#-#e#fccecdb.flac,answering_machine,16000,1,13.5539375,FLAC,307336
train,7503,07d2b0c9-a195-4124-b910-28203852df50.flac,#d#b#c#-a#-#-b#-#df#.flac,answering_machine,16000,1,7.709,FLAC,169640
train,7504,response_39.wav,response_#.wav,human,8000,1,3.669375,WAV,29414
train,7505,05e06f37-d3a7-429d-85f6-37a807b7f1a4.flac,#e#f#-d#a#-#d-#f#-#a#b#f#a#.flac,answering_machine,16000,1,3.14875,FLAC,60749
train,7506,complete_8f4f6d49-e0dd-4408-af3e-3d58011f1886_normalized.flac,complete_#f#f#d#-e#dd-#-af#e-#d#f#_normalized.flac,human,16000,1,4.4,FLAC,70229
train,7507,11b09d19-3468-4eba-8e96-e330b0d87abc.flac,#b#d#-#-#eba-#e#-e#b#d#abc.flac,voicemail,16000,1,6.233,FLAC,147282
train,7508,response_37.wav,response_#.wav,human,8000,1,5.12,WAV,41018
train,7509,voicemail_00206.wav,voicemail_#.wav,voicemail,16000,1,9.943625,WAV,318240
train,7510,031e2b5b-2854-4dcc-aeb8-6f96c2cd50e3.flac,#e#b#b-#-#dcc-aeb#-#f#c#cd#e#.flac,ivr,16000,1,10.24,FLAC,233628
train,7511,0b24f159-f8fe-4b0a-b48b-6400ed9c8d9a.flac,#b#f#-f#fe-#b#a-b#b-#ed#c#d#a.flac,voicemail,16000,1,14.743375,FLAC,289944
train,7512,197c359b-f6de-43e0-8d93-73cde6d5bf8f.flac,#c#b-f#de-#e#-#d#-#cde#d#bf#f.flac,voicemail,16000,1,13.5963125,FLAC,266158
train,7513,030f444c-06fa-475f-ad07-e7052ee40c83.flac,#f#c-#fa-#f-ad#-e#ee#c#.flac,ivr,16000,1,4.76,FLAC,96871
train,7514,0569dbb1-ab19-4d62-9071-ce4033985694.flac,#dbb#-ab#-#d#-#-ce#.flac,voicemail,16000,1,8.69425,FLAC,190208
train,7515,02e8ad40-1f60-4ebb-84ea-35625a207bcb.flac,#e#ad#-#f#-#ebb-#ea-#a#bcb.flac,voicemail,16000,1,5.3521875,FLAC,84325
train,7516,human_real_00032.wav,human_real_#.wav,human,16000,1,5.290625,WAV,169344
train,7517,0881499b-a99b-4711-a76d-5af92e5cfaab.flac,#b-a#b-#-a#d-#af#e#cfaab.flac,voicemail,16000,1,8.24,FLAC,149576
train,7518,voicemail_00350.wav,voicemail_#.wav,voicemail,16000,1,10.0,WAV,320044
train,7519,es_human_tts_00304.wav,es_human_tts_#.wav,human,16000,1,2.232,WAV,71468
train,7520,human_tts_00069.wav,human_tts_#.wav,human,16000,1,2.64,WAV,84524
train,7521,carrier_es_voicemail_00200.wav,carrier_es_voicemail_#.wav,voicemail,16000,1,10.0,WAV,320044
train,7522,0819fb2b-5b9f-4b16-b60a-9fdb2cdd2df1.flac,#fb#b-#b#f-#b#-b#a-#fdb#cdd#df#.flac,voicemail,16000,1,12.41125,FLAC,240027
train,7523,017a8c6d-3159-4541-a650-0fcc5d13d2f1.flac,#a#c#d-#-#-a#-#fcc#d#d#f#.flac,voicemail,16000,1,15.1934375,FLAC,263758
train,7524,0e62a011-4f7b-4104-871e-e95e3c9b362a.flac,#e#a#-#f#b-#-#e-e#e#c#b#a.flac,voicemail,16000,1,10.712125,FLAC,225709
train,7525,de_ivr_00507.wav,de_ivr_#.wav,ivr,16000,1,8.16,WAV,261164
train,7526,voicemail_00033.wav,voicemail_#.wav,voicemail,16000,1,9.829875,WAV,314600
train,7527,ivr_00197.wav,ivr_#.wav,ivr,16000,1,10.0,WAV,320044
train,7528,1a56ce0b-ae41-41f1-98b9-0e06960ea811.flac,#a#ce#b-ae#-#f#-#b#-#e#ea#.flac,answering_machine,16000,1,16.0,FLAC,326257
train,7529,03388601-f029-4378-b9f7-cc3664c47b5a.flac,#-f#-#-b#f#-cc#c#b#a.flac,answering_machine,16000,1,12.8066875,FLAC,252370
train,7530,0217e123-80c5-4b4d-9035-461b7b4c7877.flac,#e#-#c#-#b#d-#-#b#b#c#.flac,ivr,16000,1,8.0,FLAC,168063
train,7531,00db4389-ce4c-4466-852f-499fd9a658b3.flac,#db#-ce#c-#-#f-#fd#a#b#.flac,ivr,16000,1,4.08,FLAC,78403
train,7532,10c3262e-5b01-43c3-97fc-eda509c38108.flac,#c#e-#b#-#c#-#fc-eda#c#.flac,voicemail,16000,1,12.29925,FLAC,248483
train,7533,fr_voicemail_00131.wav,fr_voicemail_#.wav,voicemail,16000,1,9.4025625,WAV,300926
train,7534,01140631-82e2-476a-a95c-153e9bbe7b0c.flac,#-#e#-#a-a#c-#e#bbe#b#c.flac,ivr,16000,1,6.4,FLAC,118947
train,7535,complete_5d75411e-4575-4f06-84b1-1866cd8e1d22_normalized.flac,complete_#d#e-#-#f#-#b#-#cd#e#d#_normalized.flac,human,16000,1,5.8,FLAC,97784
train,7536,03013a04-6d58-4ef5-9e64-d037c5e6cf03.flac,#a#-#d#-#ef#-#e#-d#c#e#cf#.flac,ivr,16000,1,6.04,FLAC,106313
train,7537,0160c1b3-7490-4f5d-9986-5c547763b935.flac,#c#b#-#-#f#d-#-#c#b#.flac,ivr,16000,1,13.48,FLAC,285856
train,7538,006e2678-d5cb-4354-b7d6-afdd2ca28e03.flac,#e#-d#cb-#-b#d#-afdd#ca#e#.flac,ivr,16000,1,8.92,FLAC,188030
train,7539,carrier_es_voicemail_00219.wav,carrier_es_voicemail_#.wav,voicemail,16000,1,8.291,WAV,265356
train,7540,012d5f11-9b4c-44c6-afa3-fe560e61e2f8.flac,#d#f#-#b#c-#c#-afa#-fe#e#e#f#.flac,answering_machine,16000,1,10.843625,FLAC,204011
train,7541,1a74314d-60da-45f2-aa4c-e33641769c11.flac,#a#d-#da-#f#-aa#c-e#c#.flac,answering_machine,16000,1,6.656,FLAC,121218
train,7542,181303fc-0139-4318-b8de-a47bf3ac940d.flac,#fc-#-#-b#de-a#bf#ac#d.flac,voicemail,16000,1,12.701625,FLAC,233032
train,7543,06251a2b-a014-403f-beca-a01e0569a5e9.flac,#a#b-a#-#f-beca-a#e#a#e#.flac,answering_machine,16000,1,11.2325,FLAC,267484
train,7544,am_00389.wav,am_#.wav,answering_machine,16000,1,10.0,WAV,320044
train,7545,response_27.wav,response_#.wav,human,8000,1,3.901,WAV,31266
train,7546,incomplete_bd22ee76-8eaf-4436-9740-f028fd6c3b31_normalized.flac,incomplete_bd#ee#-#eaf-#-#-f#fd#c#b#_normalized.flac,human,16000,1,3.2,FLAC,64852
train,7547,am_00200.wav,am_#.wav,answering_machine,16000,1,9.85525,WAV,315412
train,7548,ivr_00226.wav,ivr_#.wav,ivr,16000,1,10.0,WAV,320044
train,7549,60268d53c7abb7f832138a36.wav,#d#c#abb#f#a#.wav,human,8000,1,3.072,WAV,24634
train,7550,am_00271.wav,am_#.wav,answering_machine,16000,1,7.747875,WAV,247976
train,7551,carrier_fr_answering_machine_00137.wav,carrier_fr_answering_machine_#.wav,answering_machine,16000,1,9.6318125,WAV,308262
train,7552,1dbde7ea-73a2-4045-9bcf-b9554a355f9f.flac,#dbde#ea-#a#-#-#bcf-b#a#f#f.flac,answering_machine,16000,1,12.023375,FLAC,282498
train,7553,voicemail_00172.wav,voicemail_#.wav,voicemail,16000,1,8.93725,WAV,286036
train,7554,0d8eb729-6c20-445d-85d0-25088f85f3ce.flac,#d#eb#-#c#-#d-#d#-#f#f#ce.flac,answering_machine,16000,1,7.482125,FLAC,146539
train,7555,00db658d-8692-4ed6-a80a-e42d585e8670.flac,#db#d-#-#ed#-a#a-e#d#e#.flac,ivr,16000,1,6.76,FLAC,132975
train,7556,human_real_00183.wav,human_real_#.wav,human,16000,1,10.0,WAV,320044
train,7557,voicemail_00088.wav,voicemail_#.wav,voicemail,16000,1,9.93425,WAV,317940
train,7558,00aead23-0814-4c29-b03b-f865e54b1496.flac,#aead#-#-#c#-b#b-f#e#b#.flac,ivr,16000,1,6.24,FLAC,114936
train,7559,ivr_00225.wav,ivr_#.wav,ivr,16000,1,10.0,WAV,320044
train,7560,am_00093.wav,am_#.wav,answering_machine,16000,1,10.0,WAV,320044
train,7561,am_00167.wav,am_#.wav,answering_machine,16000,1,9.064875,WAV,290120
train,7562,07ac2dbc-319c-44ae-8a2f-68b20610f68b.flac,#ac#dbc-#c-#ae-#a#f-#b#f#b.flac,answering_machine,16000,1,13.137375,FLAC,277042
train,7563,complete_4e9859af-0de8-44cf-b39e-36cf0d46e4e4_normalized.flac,complete_#e#af-#de#-#cf-b#e-#cf#d#e#e#_normalized.flac,human,16000,1,2.816,FLAC,51555
train,7564,025dbe08-a935-4537-85d5-c431976cee8c.flac,#dbe#-a#-#-#d#-c#cee#c.flac,ivr,16000,1,8.8,FLAC,182663
train,7565,human_tts_00036.wav,human_tts_#.wav,human,16000,1,1.896,WAV,60716
train,7566,ivr_00129.wav,ivr_#.wav,ivr,16000,1,8.736,WAV,279596
train,7567,carrier_en_ivr_00476.wav,carrier_en_ivr_#.wav,ivr,16000,1,6.456,WAV,206636
train,7568,0d614c47-c282-4b6b-b9b9-26fdbddbef58.flac,#d#c#-c#-#b#b-b#b#-#fdbddbef#.flac,voicemail,16000,1,3.9949375,FLAC,59800
train,7569,02c42cb7-af78-4e26-bf69-115152ed8d46.flac,#c#cb#-af#-#e#-bf#-#ed#d#.flac,ivr,16000,1,6.48,FLAC,141919
train,7570,0c8e4959-d14f-48dc-af29-6e14ceff7b4e.flac,#c#e#-d#f-#dc-af#-#e#ceff#b#e.flac,answering_machine,16000,1,6.3146875,FLAC,135107
train,7571,voicemail_00250.wav,voicemail_#.wav,voicemail,16000,1,10.0,WAV,320044
train,7572,incomplete_962b1da1-59c1-4db2-a7ac-17a504597e87_normalized.flac,incomplete_#b#da#-#c#-#db#-a#ac-#a#e#_normalized.flac,human,16000,1,4.711875,FLAC,94638
train,7573,voicemail_00371.wav,voicemail_#.wav,voicemail,16000,1,7.785375,WAV,249176
train,7574,1dde20ad-30c0-466b-8ede-e5bfb963a751.flac,#dde#ad-#c#-#b-#ede-e#bfb#a#.flac,answering_machine,16000,1,6.741375,FLAC,145165
train,7575,029a77fb-a0ff-4c00-bbe6-852937c3d288.flac,#a#fb-a#ff-#c#-bbe#-#c#d#.flac,ivr,16000,1,8.2,FLAC,150579
train,7576,02923d4c-f420-469c-81e6-403f6b0dc2bb.flac,#d#c-f#-#c-#e#-#f#b#dc#bb.flac,answering_machine,16000,1,4.295,FLAC,87469
train,7577,0b9dc675-7f7c-48af-b2eb-fdef68dbf6ab.flac,#b#dc#-#f#c-#af-b#eb-fdef#dbf#ab.flac,answering_machine,16000,1,3.5646875,FLAC,58288
train,7578,ivr_00134.wav,ivr_#.wav,ivr,16000,1,9.912,WAV,317228
train,7579,1631103e-1a20-4700-8c53-e9b02fa4a4e6.flac,#e-#a#-#-#c#-e#b#fa#a#e#.flac,answering_machine,16000,1,14.109,FLAC,267827
train,7580,de_ivr_00511.wav,de_ivr_#.wav,ivr,16000,1,10.0,WAV,320044
train,7581,human_tts_00126.wav,human_tts_#.wav,human,16000,1,2.64,WAV,84524
train,7582,fr_ivr_00203.wav,fr_ivr_#.wav,ivr,16000,1,8.016,WAV,256556
train,7583,00359b6f-4ab4-4f6a-9b7e-085e6d8d2b1d.flac,#b#f-#ab#-#f#a-#b#e-#e#d#d#b#d.flac,answering_machine,16000,1,4.693375,FLAC,95442
train,7584,12b40d33-ba5a-45a6-b9a2-3ec6bcddc9b2.flac,#b#d#-ba#a-#a#-b#a#-#ec#bcddc#b#.flac,voicemail,16000,1,3.9821875,FLAC,76619
train,7585,0342d403-2ba2-4729-aec9-a334e040647c.flac,#d#-#ba#-#-aec#-a#e#c.flac,ivr,16000,1,2.56,FLAC,54123
train,7586,0afd87af-7a28-43e7-8533-1b929d148e2b.flac,#afd#af-#a#-#e#-#-#b#d#e#b.flac,voicemail,16000,1,14.8806875,FLAC,276738
train,7587,0201a997-4ac3-4e07-b285-d28eeb3e842f.flac,#a#-#ac#-#e#-b#-d#eeb#e#f.flac,ivr,16000,1,14.28,FLAC,301310
train,7588,0aeaed2a-6441-467a-9217-8eaf30cc7d9b.flac,#aeaed#a-#-#a-#-#eaf#cc#d#b.flac,voicemail,16000,1,12.0598125,FLAC,243848
train,7589,human_real_00161.wav,human_real_#.wav,human,16000,1,4.693375,WAV,150232
train,7590,032a5c61-e0b3-476c-823d-541e8bca6b6b.flac,#a#c#-e#b#-#c-#d-#e#bca#b#b.flac,ivr,16000,1,6.4,FLAC,138481
train,7591,602ba65cbb1e6d0fbce9209a.wav,#ba#cbb#e#d#fbce#a.wav,human,8000,1,7.850625,WAV,62864
train,7592,000b04dc-a6e9-4775-b2b8-47befe2a2b74.flac,#b#dc-a#e#-#-b#b#-#befe#a#b#.flac,ivr,16000,1,7.64,FLAC,164132
train,7593,15290320-e847-45bd-b1f9-c90773eb5074.flac,#-e#-#bd-b#f#-c#eb#.flac,voicemail,16000,1,12.7211875,FLAC,234681
train,7594,06737242-12c3-4434-8670-7aeeca90d394.flac,#-#c#-#-#-#aeeca#d#.flac,answering_machine,16000,1,12.30275,FLAC,269688
train,7595,00d1eec1-b56c-4627-b2cf-2eb9de0b11ae.flac,#d#eec#-b#c-#-b#cf-#eb#de#b#ae.flac,answering_machine,16000,1,12.282625,FLAC,227301
train,7596,1cf8df50-b048-420e-94cd-bdcee76d3e39.flac,#cf#df#-b#-#e-#cd-bdcee#d#e#.flac,answering_machine,16000,1,13.634,FLAC,254495
train,7597,incomplete_2f20b73e-738b-4eb1-88be-99cf92040f50_normalized.flac,incomplete_#f#b#e-#b-#eb#-#be-#cf#f#_normalized.flac,human,16000,1,6.9653125,FLAC,145968
train,7598,000c603d-df2b-42ec-8b63-11ffd5dd9309.flac,#c#d-df#b-#ec-#b#-#ffd#dd#.flac,ivr,16000,1,4.76,FLAC,106275
train,7599,voicemail_00055.wav,voicemail_#.wav,voicemail,16000,1,10.0,WAV,320044
train,7600,01a37b5c-a53f-411b-b7f3-4407ef686283.flac,#a#b#c-a#f-#b-b#f#-#ef#.flac,answering_machine,16000,1,3.762,FLAC,79268
train,7601,0b8fac30-853c-4065-95a7-30b8f4f11453.flac,#b#fac#-#c-#-#a#-#b#f#f#.flac,answering_machine,16000,1,9.4695,FLAC,202120
train,7602,1514b663-634d-44a5-8e75-d71b9ac677e7.flac,#b#-#d-#a#-#e#-d#b#ac#e#.flac,answering_machine,16000,1,13.42825,FLAC,262144
train,7603,voicemail_00071.wav,voicemail_#.wav,voicemail,16000,1,9.09575,WAV,291108
train,7604,complete_a748a4a66d204895a132ae70fd185cb7.flac,complete_a#a#a#d#a#ae#fd#cb#.flac,human,16000,1,2.5349375,FLAC,28897
train,7605,00d2c836-90e1-41be-bcb0-80d528a50d7a.flac,#d#c#-#e#-#be-bcb#-#d#a#d#a.flac,ivr,16000,1,11.2,FLAC,225675
train,7606,039f9760-0cb0-4f42-a47f-04e8852006e7.flac,#f#-#cb#-#f#-a#f-#e#e#.flac,answering_machine,16000,1,16.0,FLAC,375779
train,7607,carrier_fr_ivr_00097.wav,carrier_fr_ivr_#.wav,ivr,16000,1,10.0,WAV,320044
train,7608,602baf7105f96973d6794516.wav,#baf#f#d#.wav,human,8000,1,11.178625,WAV,89488
train,7609,602bafb1963e11ccd901ce4c.wav,#bafb#e#ccd#ce#c.wav,human,8000,1,10.069375,WAV,80614
train,7610,voicemail_00020.wav,voicemail_#.wav,voicemail,16000,1,10.0,WAV,320044
train,7611,1a2bd7e4-9b86-4835-ad44-5e533c5ee802.flac,#a#bd#e#-#b#-#-ad#-#e#c#ee#.flac,voicemail,16000,1,13.0736875,FLAC,259204
train,7612,1dcd9858-12f6-4ce2-87c6-36843fc18bc6.flac,#dcd#-#f#-#ce#-#c#-#fc#bc#.flac,voicemail,16000,1,4.2989375,FLAC,62271
train,7613,am_00331.wav,am_#.wav,answering_machine,16000,1,9.658375,WAV,309112
train,7614,0105dd9e-989b-4b2c-975a-c38dc17a7944.flac,#dd#e-#b-#b#c-#a-c#dc#a#.flac,ivr,16000,1,7.04,FLAC,138916
train,7615,021dff79-b915-489c-9f7b-f623f2289cce.flac,#dff#-b#-#c-#f#b-f#f#cce.flac,ivr,16000,1,8.2,FLAC,162298
train,7616,0b90cea4-8907-45e1-81d5-f3dc4770a1d0.flac,#b#cea#-#-#e#-#d#-f#dc#a#d#.flac,voicemail,16000,1,10.4285625,FLAC,203843
train,7617,12218007-1f58-4a23-8fc4-ecd9001d7cfc.flac,#-#f#-#a#-#fc#-ecd#d#cfc.flac,answering_machine,16000,1,10.6076875,FLAC,217863
train,7618,carrier_en_ivr_00478.wav,carrier_en_ivr_#.wav,ivr,16000,1,10.0,WAV,320044
train,7619,15a68b99-343f-4678-81bd-d2a0862f47f3.flac,#a#b#-#f-#-#bd-d#a#f#f#.flac,answering_machine,16000,1,14.3139375,FLAC,258588
train,7620,16865d40-0c42-47a0-a499-3e6632702a68.flac,#d#-#c#-#a#-a#-#e#a#.flac,voicemail,16000,1,16.0,FLAC,284100
train,7621,000d5bdf-6d25-45a4-ad7a-42acea9f6816.flac,#d#bdf-#d#-#a#-ad#a-#acea#f#.flac,answering_machine,16000,1,5.2155625,FLAC,88443
train,7622,1739f06d-2e0f-4d1c-ac11-17397813ef2f.flac,#f#d-#e#f-#d#c-ac#-#ef#f.flac,voicemail,16000,1,7.976,FLAC,176590
train,7623,0b7799f4-7249-4c29-a4e9-7ed84c833eae.flac,#b#f#-#-#c#-a#e#-#ed#c#eae.flac,voicemail,16000,1,9.8006875,FLAC,182239
train,7624,de_am_00520.wav,de_am_#.wav,answering_machine,16000,1,8.941875,WAV,286184
train,7625,0960d171-9266-48a6-9223-817fd03ffd59.flac,#d#-#-#a#-#-#fd#ffd#.flac,answering_machine,16000,1,2.4746875,FLAC,56628
train,7626,01ebd76f-e492-4b07-a6b3-3bbab905926a.flac,#ebd#f-e#-#b#-a#b#-#bbab#a.flac,ivr,16000,1,7.08,FLAC,146864
train,7627,carrier_es_ivr_00247.wav,carrier_es_ivr_#.wav,ivr,16000,1,10.0,WAV,320044
train,7628,0074ff02-2574-4409-af5f-959be126395d.flac,#ff#-#-#-af#f-#be#d.flac,voicemail,16000,1,12.577125,FLAC,267527
train,7629,human_real_00054.wav,human_real_#.wav,human,16000,1,9.045375,WAV,289496
train,7630,de_am_00539.wav,de_am_#.wav,answering_machine,16000,1,8.2953125,WAV,265494
train,7631,voicemail_00308.wav,voicemail_#.wav,voicemail,16000,1,8.0993125,WAV,259222
train,7632,193c68e6-8869-4dfa-baaa-56aba6a56d4e.flac,#c#e#-#-#dfa-baaa-#aba#a#d#e.flac,answering_machine,16000,1,11.5528125,FLAC,207879
train,7633,08707549-b330-4911-b9a5-e285acb5b824.flac,#-b#-#-b#a#-e#acb#b#.flac,voicemail,16000,1,3.43025,FLAC,70864
train,7634,06a05bc9-beb4-4614-a75f-7bbcbde13c43.flac,#a#bc#-beb#-#-a#f-#bbcbde#c#.flac,answering_machine,16000,1,7.253375,FLAC,135658
train,7635,01fce860-676c-4f14-9aa7-2b3e4c8d015d.flac,#fce#-#c-#f#-#aa#-#b#e#c#d#d.flac,ivr,16000,1,5.36,FLAC,99111
train,7636,incomplete_8aadcba0-9bba-4200-a05a-cd8ad915ceda_normalized.flac,incomplete_#aadcba#-#bba-#-a#a-cd#ad#ceda_normalized.flac,human,16000,1,6.0586875,FLAC,126954
train,7637,incomplete_d0511761-1633-4430-ae3c-81d5f9453e40_normalized.flac,incomplete_d#-#-#-ae#c-#d#f#e#_normalized.flac,human,16000,1,4.78325,FLAC,102250
train,7638,0738205f-f3db-468a-9dfc-d03c38e33c45.flac,#f-f#db-#a-#dfc-d#c#e#c#.flac,voicemail,16000,1,13.16725,FLAC,274305
train,7639,complete_5a52eca1-72e7-4f2e-8722-23a46b99e9f2_normalized.flac,complete_#a#eca#-#e#-#f#e-#-#a#b#e#f#_normalized.flac,human,16000,1,2.823625,FLAC,62207
train,7640,02052336-7b8a-4163-bb1e-220c3244a065.flac,#-#b#a-#-bb#e-#c#a#.flac,ivr,16000,1,3.04,FLAC,60746
train,7641,00166b10-73b5-4ae7-be8f-9ef7d143dfcd.flac,#b#-#b#-#ae#-be#f-#ef#d#dfcd.flac,answering_machine,16000,1,7.0826875,FLAC,151490
train,7642,013bace4-2833-4fcd-a8eb-87ccb91d93bc.flac,#bace#-#-#fcd-a#eb-#ccb#d#bc.flac,ivr,16000,1,8.56,FLAC,177614
train,7643,carrier_en_human_00391.wav,carrier_en_human_#.wav,human,16000,1,1.992,WAV,63788
train,7644,1c041576-873e-437a-87d1-6e3aaff450c6.flac,#c#-#e-#a-#d#-#e#aaff#c#.flac,answering_machine,16000,1,12.6911875,FLAC,251460
train,7645,11e4b7a7-a6d4-4294-8bb6-bedf85cf4c1c.flac,#e#b#a#-a#d#-#-#bb#-bedf#cf#c#c.flac,voicemail,16000,1,11.575625,FLAC,254880
train,7646,13770098-da0b-463c-98ab-c187cf3d9333.flac,#-da#b-#c-#ab-c#cf#d#.flac,answering_machine,16000,1,3.2091875,FLAC,50148
train,7647,human_tts_00198.wav,human_tts_#.wav,human,16000,1,0.84,WAV,26924
train,7648,0b335596-6d61-48a1-acef-2d7f0c919d24.flac,#b#-#d#-#a#-acef-#d#f#c#d#.flac,voicemail,16000,1,10.6295625,FLAC,213301
train,7649,0f804d3d-8ac7-43f7-a510-569b8789c58a.flac,#f#d#d-#ac#-#f#-a#-#b#c#a.flac,voicemail,16000,1,4.84175,FLAC,77532
train,7650,04374847-9926-4c37-89f8-8afadaa6376d.flac,#-#-#c#-#f#-#afadaa#d.flac,answering_machine,16000,1,3.1111875,FLAC,53032
train,7651,ivr_00008.wav,ivr_#.wav,ivr,16000,1,10.0,WAV,320044
train,7652,03566bda-4cb4-4815-8657-e2c4d1c4b3e2.flac,#bda-#cb#-#-#-e#c#d#c#b#e#.flac,ivr,16000,1,10.52,FLAC,198676
train,7653,063ef46d-20c9-4cf0-ae04-2d41d249b62a.flac,#ef#d-#c#-#cf#-ae#-#d#d#b#a.flac,answering_machine,16000,1,15.5013125,FLAC,297861
train,7654,carrier_fr_answering_machine_00142.wav,carrier_fr_answering_machine_#.wav,answering_machine,16000,1,10.0,WAV,320044
train,7655,1a98ec69-a29b-4cc7-b833-26eac2fa6500.flac,#a#ec#-a#b-#cc#-b#-#eac#fa#.flac,voicemail,16000,1,5.3405625,FLAC,95795
train,7656,incomplete_97709aa2955a4c7c9bb6574235d31b87.flac,incomplete_#aa#a#c#c#bb#d#b#.flac,human,16000,1,1.6163125,FLAC,26670
train,7657,023965b2-f8b5-40c2-bb2d-419278a4b417.flac,#b#-f#b#-#c#-bb#d-#a#b#.flac,answering_machine,16000,1,4.58,FLAC,96929
train,7658,response_18.wav,response_#.wav,human,8000,1,3.157375,WAV,25318
train,7659,0c05d99c-6a84-462b-9ec4-68bd2af1ee66.flac,#c#d#c-#a#-#b-#ec#-#bd#af#ee#.flac,answering_machine,16000,1,15.878625,FLAC,305456
train,7660,de_voicemail_00493.wav,de_voicemail_#.wav,voicemail,16000,1,9.5560625,WAV,305838
train,7661,response_33.wav,response_#.wav,human,8000,1,4.437375,WAV,35558
train,7662,carrier_en_voicemail_00444.wav,carrier_en_voicemail_#.wav,voicemail,16000,1,10.0,WAV,320044
train,7663,602b9baf963e11ccd901cbec.wav,#b#baf#e#ccd#cbec.wav,human,8000,1,8.448,WAV,67642
train,7664,0284b7c1-6fb0-46f8-a850-53f11888d414.flac,#b#c#-#fb#-#f#-a#-#f#d#.flac,ivr,16000,1,12.4,FLAC,272052
train,7665,es_voicemail_00336.wav,es_voicemail_#.wav,voicemail,16000,1,9.4314375,WAV,301850
train,7666,07eb32bf-fc23-42c8-9c74-e0b2d30f10b8.flac,#eb#bf-fc#-#c#-#c#-e#b#d#f#b#.flac,answering_machine,16000,1,7.0659375,FLAC,136010
train,7667,17002703-b512-4014-8e45-351b9b397ef7.flac,#-b#-#-#e#-#b#b#ef#.flac,voicemail,16000,1,6.36225,FLAC,112305
train,7668,1d4b837a-3213-4514-9235-1c1665303b13.flac,#d#b#a-#-#-#-#c#b#.flac,voicemail,16000,1,3.4250625,FLAC,51401
train,7669,01d7e852-ab90-4600-a23e-b64a0c730d43.flac,#d#e#-ab#-#-a#e-b#a#c#d#.flac,ivr,16000,1,4.0,FLAC,75123
train,7670,carrier_en_answering_machine_00514.wav,carrier_en_answering_machine_#.wav,answering_machine,16000,1,10.0,WAV,320044
train,7671,10678c46-8bff-4cbe-a873-b06045cd25d7.flac,#c#-#bff-#cbe-a#-b#cd#d#.flac,answering_machine,16000,1,6.912,FLAC,152317
train,7672,carrier_fr_voicemail_00053.wav,carrier_fr_voicemail_#.wav,voicemail,16000,1,10.0,WAV,320044
train,7673,11ad714c-348f-42d3-a619-de013bdc39de.flac,#ad#c-#f-#d#-a#-de#bdc#de.flac,answering_machine,16000,1,4.02,FLAC,87433
train,7674,ivr_00295.wav,ivr_#.wav,ivr,16000,1,10.0,WAV,320044
train,7675,0602a1c6-0ce5-4110-8943-e38f1e75ae60.flac,#a#c#-#ce#-#-#-e#f#e#ae#.flac,voicemail,16000,1,14.3929375,FLAC,271295
train,7676,0ca8dc76-7db9-43bb-9298-1320918e5acd.flac,#ca#dc#-#db#-#bb-#-#e#acd.flac,voicemail,16000,1,16.0,FLAC,320069
train,7677,incomplete_1e2be20bd16e4933a558898c11137903.flac,incomplete_#e#be#bd#e#a#c#.flac,human,16000,1,3.1860625,FLAC,52269
train,7678,carrier_fr_ivr_00118.wav,carrier_fr_ivr_#.wav,ivr,16000,1,10.0,WAV,320044
train,7679,complete_711f6999-d017-4239-8240-d544288bc98c_normalized.flac,complete_#f#-d#-#-#-d#bc#c_normalized.flac,human,16000,1,6.56625,FLAC,117609
train,7680,fr_voicemail_00151.wav,fr_voicemail_#.wav,voicemail,16000,1,7.8518125,WAV,251302
train,7681,03a36a0c-215f-4d87-9af4-ad93ba7e1816.flac,#a#a#c-#f-#d#-#af#-ad#ba#e#.flac,voicemail,16000,1,5.170625,FLAC,100321
train,7682,034840c7-171a-4675-860a-e0238cb01a08.flac,#c#-#a-#-#a-e#cb#a#.flac,ivr,16000,1,6.08,FLAC,108680
train,7683,01572c81-3e9c-4f1f-a75f-3914ff762686.flac,#c#-#e#c-#f#f-a#f-#ff#.flac,ivr,16000,1,9.52,FLAC,189517
train,7684,02feadf8-f9f9-496c-9f47-a85cdea4397c.flac,#feadf#-f#f#-#c-#f#-a#cdea#c.flac,ivr,16000,1,9.84,FLAC,197197
train,7685,de_human_real_00434.wav,de_human_real_#.wav,human,16000,1,10.0,WAV,320044
train,7686,human_tts_00052.wav,human_tts_#.wav,human,16000,1,2.328,WAV,74540
train,7687,0ba45564-2871-4fa9-a315-bb61e5726a97.flac,#ba#-#-#fa#-a#-bb#e#a#.flac,answering_machine,16000,1,12.6066875,FLAC,227130
train,7688,132e8fb9-d3ec-4c38-b983-f681d08a28d4.flac,#e#fb#-d#ec-#c#-b#-f#d#a#d#.flac,answering_machine,16000,1,6.229375,FLAC,143778
train,7689,human_tts_00134.wav,human_tts_#.wav,human,16000,1,2.76,WAV,88364
train,7690,0b5b699e-5791-41e5-bcfe-5cb0efac6f08.flac,#b#b#e-#-#e#-bcfe-#cb#efac#f#.flac,voicemail,16000,1,16.0,FLAC,328334
train,7691,0006e83b-da40-4c89-9684-2608baaeb7fb.flac,#e#b-da#-#c#-#-#baaeb#fb.flac,ivr,16000,1,9.08,FLAC,177379
train,7692,es_human_real_00278.wav,es_human_real_#.wav,human,16000,1,7.765375,WAV,248536
train,7693,carrier_en_answering_machine_00491.wav,carrier_en_answering_machine_#.wav,answering_machine,16000,1,9.846375,WAV,315128
train,7694,1c0ed761-094c-4e01-b573-9e5445828dc3.flac,#c#ed#-#c-#e#-b#-#e#dc#.flac,answering_machine,16000,1,15.4168125,FLAC,310665
train,7695,02107161-d0b8-40fd-8a91-5690a9317943.flac,#-d#b#-#fd-#a#-#a#.flac,answering_machine,16000,1,12.5026875,FLAC,206488
train,7696,0b9e9326-75a6-4d2d-a7da-7ec014e207cf.flac,#b#e#-#a#-#d#d-a#da-#ec#e#cf.flac,answering_machine,16000,1,4.1788125,FLAC,60612
train,7697,01f30699-b4b7-41c0-9234-06545437e285.flac,#f#-b#b#-#c#-#-#e#.flac,ivr,16000,1,6.96,FLAC,139778
train,7698,0c1060fb-1bab-4d51-accb-42124e9b112f.flac,#c#fb-#bab-#d#-accb-#e#b#f.flac,answering_machine,16000,1,3.597,FLAC,50659
train,7699,ivr_00107.wav,ivr_#.wav,ivr,16000,1,10.0,WAV,320044
train,7700,carrier_es_ivr_00243.wav,carrier_es_ivr_#.wav,ivr,16000,1,10.0,WAV,320044
train,7701,1e349079-6694-4afc-8d5e-744d4a11a1b1.flac,#e#-#-#afc-#d#e-#d#a#a#b#.flac,voicemail,16000,1,16.0,FLAC,325136
train,7702,17c107ad-748c-40d5-b963-8a86c8c68732.flac,#c#ad-#c-#d#-b#-#a#c#c#.flac,answering_machine,16000,1,11.1298125,FLAC,220749
train,7703,15cc127c-5532-4ce5-988d-e725814d964e.flac,#cc#c-#-#ce#-#d-e#d#e.flac,voicemail,16000,1,10.909125,FLAC,239022
train,7704,02900f4e-f581-470d-8aea-0404c5912458.flac,#f#e-f#-#d-#aea-#c#.flac,ivr,16000,1,3.12,FLAC,61621
train,7705,ivr_00265.wav,ivr_#.wav,ivr,16000,1,9.432,WAV,301868
train,7706,01c75a39-a567-4601-a366-3657537fd901.flac,#c#a#-a#-#-a#-#fd#.flac,ivr,16000,1,9.84,FLAC,217308
train,7707,00128947-3fe1-42d6-bb1d-aa1482b46252.flac,#-#fe#-#d#-bb#d-aa#b#.flac,ivr,16000,1,15.2,FLAC,315387
train,7708,0618af00-8ce4-4e13-81c1-96761d81f848.flac,#af#-#ce#-#e#-#c#-#d#f#.flac,answering_machine,16000,1,3.6950625,FLAC,63094
train,7709,fr_voicemail_00161.wav,fr_voicemail_#.wav,voicemail,16000,1,9.10825,WAV,291508
train,7710,carrier_es_human_00181.wav,carrier_es_human_#.wav,human,16000,1,2.736,WAV,87596
train,7711,081d7a30-06e8-4165-b06a-a73f546654c7.flac,#d#a#-#e#-#-b#a-a#f#c#.flac,voicemail,16000,1,7.140125,FLAC,140602
train,7712,human_tts_00024.wav,human_tts_#.wav,human,16000,1,2.76,WAV,88364
train,7713,01a3baea-25bb-4988-a1da-e9e07e35a7ba.flac,#a#baea-#bb-#-a#da-e#e#e#a#ba.flac,ivr,16000,1,5.88,FLAC,131000
train,7714,032c84ee-5c54-4d9a-96d4-fd9d84481ba5.flac,#c#ee-#c#-#d#a-#d#-fd#d#ba#.flac,ivr,16000,1,10.16,FLAC,202291
train,7715,carrier_de_ivr_00347.wav,carrier_de_ivr_#.wav,ivr,16000,1,9.408,WAV,301100
train,7716,es_human_real_00291.wav,es_human_real_#.wav,human,16000,1,10.0,WAV,320044
train,7717,1d137a67-f5b3-4606-8e01-0fa755b4cca9.flac,#d#a#-f#b#-#-#e#-#fa#b#cca#.flac,voicemail,16000,1,11.3519375,FLAC,221199
train,7718,60268c7bc7abb7f832138995.wav,#c#bc#abb#f#.wav,human,8000,1,13.653375,WAV,109286
train,7719,de_human_real_00396.wav,de_human_real_#.wav,human,16000,1,10.0,WAV,320044
train,7720,1774acd5-d289-4051-80af-4ea5e904d3ec.flac,#acd#-d#-#-#af-#ea#e#d#ec.flac,answering_machine,16000,1,14.5906875,FLAC,268796
train,7721,complete_302a181d-da19-4809-ba35-798d6297d293_normalized.flac,complete_#a#d-da#-#-ba#-#d#d#_normalized.flac,human,16000,1,3.100125,FLAC,62830
train,7722,01173f68-db49-4066-9ea3-fc0549077c49.flac,#f#-db#-#-#ea#-fc#c#.flac,ivr,16000,1,4.48,FLAC,84086
train,7723,0012926b-8ab2-42a7-87bd-619b50236803.flac,#b-#ab#-#a#-#bd-#b#.flac,ivr,16000,1,7.2,FLAC,136113
train,7724,incomplete_0a47028a-c4c9-4152-8bf0-6de2e34a5b65_normalized.flac,incomplete_#a#a-c#c#-#-#bf#-#de#e#a#b#_normalized.flac,human,16000,1,5.333375,FLAC,116642
train,7725,602ba87bbb1e6d0fbce920f7.wav,#ba#bbb#e#d#fbce#f#.wav,human,8000,1,25.941375,WAV,207590
train,7726,1a4f1582-2782-466c-9e70-14ff8008c7b8.flac,#a#f#-#-#c-#e#-#ff#c#b#.flac,voicemail,16000,1,5.863,FLAC,131608
train,7727,es_am_00383.wav,es_am_#.wav,answering_machine,16000,1,8.8895,WAV,284508
train,7728,am_00110.wav,am_#.wav,answering_machine,16000,1,9.6389375,WAV,308490
train,7729,voicemail_00119.wav,voicemail_#.wav,voicemail,16000,1,10.0,WAV,320044
train,7730,1797cd36-5eee-4df1-9527-723fb3ee3107.flac,#cd#-#eee-#df#-#-#fb#ee#.flac,voicemail,16000,1,7.244625,FLAC,107418
train,7731,1a7b46b0-8b91-4f11-8a2e-6d51f7462375.flac,#a#b#b#-#b#-#f#-#a#e-#d#f#.flac,answering_machine,16000,1,11.2796875,FLAC,236735
train,7732,08d54ae7-466a-4f02-8972-1d445af3f7ff.flac,#d#ae#-#a-#f#-#-#d#af#f#ff.flac,answering_machine,16000,1,12.6751875,FLAC,252095
train,7733,13c1024c-9650-4422-a62a-0ccd9134f687.flac,#c#c-#-#-a#a-#ccd#f#.flac,voicemail,16000,1,11.3125,FLAC,258018
train,7734,am_00229.wav,am_#.wav,answering_machine,16000,1,10.0,WAV,320044
train,7735,02c14e0b-05ca-4af6-8090-86209c978713.flac,#c#e#b-#ca-#af#-#-#c#.flac,voicemail,16000,1,3.123625,FLAC,50772
train,7736,human_tts_00135.wav,human_tts_#.wav,human,16000,1,4.224,WAV,135212
train,7737,complete_5bf9ddc5-9541-42ae-ad27-539cd059a546_normalized.flac,complete_#bf#ddc#-#-#ae-ad#-#cd#a#_normalized.flac,human,16000,1,2.25,FLAC,47321
train,7738,complete_84bc6d26-94ac-4b46-b17a-58c649644caf_normalized.flac,complete_#bc#d#-#ac-#b#-b#a-#c#caf_normalized.flac,human,16000,1,3.2746875,FLAC,72537
train,7739,response_41.wav,response_#.wav,human,8000,1,11.776,WAV,94266
train,7740,fr_ivr_00165.wav,fr_ivr_#.wav,ivr,16000,1,10.0,WAV,320044
train,7741,voicemail_00077.wav,voicemail_#.wav,voicemail,16000,1,9.16425,WAV,293300
train,7742,0cf99ff4-9e4a-48c5-9693-986a47a2d839.flac,#cf#ff#-#e#a-#c#-#-#a#a#d#.flac,voicemail,16000,1,14.2925,FLAC,262037
train,7743,09591fb9-a8aa-4833-b38c-5434395c0e10.flac,#fb#-a#aa-#-b#c-#c#e#.flac,answering_machine,16000,1,14.6685625,FLAC,279660
train,7744,0194a7f0-d1af-4b7f-b47b-82e87fc6c6bc.flac,#a#f#-d#af-#b#f-b#b-#e#fc#c#bc.flac,ivr,16000,1,4.16,FLAC,93225
train,7745,human_tts_00047.wav,human_tts_#.wav,human,16000,1,1.896,WAV,60716
train,7746,am_00258.wav,am_#.wav,answering_machine,16000,1,7.4855,WAV,239580
train,7747,voicemail_00144.wav,voicemail_#.wav,voicemail,16000,1,10.0,WAV,320044
train,7748,fr_human_real_00067.wav,fr_human_real_#.wav,human,16000,1,6.485375,WAV,207576
train,7749,025cb0df-ddeb-4d84-adae-dc9801662179.flac,#cb#df-ddeb-#d#-adae-dc#.flac,ivr,16000,1,4.52,FLAC,88827
train,7750,am_00183.wav,am_#.wav,answering_machine,16000,1,9.900625,WAV,316864
train,7751,1374193b-4abc-4ebb-a067-30c6e947e839.flac,#b-#abc-#ebb-a#-#c#e#e#.flac,voicemail,16000,1,14.96625,FLAC,262532
train,7752,00aec5df-2c60-45e2-a80d-1b94d7efeb53.flac,#aec#df-#c#-#e#-a#d-#b#d#efeb#.flac,answering_machine,16000,1,5.0856875,FLAC,80505
train,7753,incomplete_a9baa5051a7d44b9893fd1905c4c460f.flac,incomplete_a#baa#a#d#b#fd#c#c#f.flac,human,16000,1,2.907,FLAC,43324
train,7754,00a088f7-cb8c-47db-abc3-23b88705ca14.flac,#a#f#-cb#c-#db-abc#-#b#ca#.flac,ivr,16000,1,8.72,FLAC,156872
train,7755,01ecdd2c-cb59-47d1-8861-773d68d3698b.flac,#ecdd#c-cb#-#d#-#-#d#d#b.flac,ivr,16000,1,7.56,FLAC,166285
train,7756,complete_04184ac3-237e-486f-96bd-d1467ec39c38_normalized.flac,complete_#ac#-#e-#f-#bd-d#ec#c#_normalized.flac,human,16000,1,6.037375,FLAC,129746
train,7757,1e2cb2f5-3e9d-4292-9027-3d2f7db20b08.flac,#e#cb#f#-#e#d-#-#-#d#f#db#b#.flac,answering_machine,16000,1,5.6651875,FLAC,107575
train,7758,complete_d929f33f82474119bc6f3dd5f93be0a9.flac,complete_d#f#f#bc#f#dd#f#be#a#.flac,human,16000,1,1.29075,FLAC,12851
train,7759,602663e7c7abb7f8321382dc.wav,#e#c#abb#f#dc.wav,human,8000,1,6.144,WAV,49210
train,7760,complete_4e97fed0f2d047199a0ac9e9ee392225.flac,complete_#e#fed#f#d#a#ac#e#ee#.flac,human,16000,1,1.593,FLAC,22528
train,7761,incomplete_42ee444279ef48268c42a97e1f1a4c41.flac,incomplete_#ee#ef#c#a#e#f#a#c#.flac,human,16000,1,1.24425,FLAC,18821
train,7762,1c4ddcd5-76d7-4877-a39a-669b422d7b7e.flac,#c#ddcd#-#d#-#-a#a-#b#d#b#e.flac,voicemail,16000,1,10.9543125,FLAC,231118
train,7763,incomplete_5774acefefc24a1eb931b10d92dfb832.flac,incomplete_#acefefc#a#eb#b#d#dfb#.flac,human,16000,1,4.1860625,FLAC,62433
train,7764,human_tts_00161.wav,human_tts_#.wav,human,16000,1,0.6,WAV,19244
train,7765,response_37.wav,response_#.wav,human,8000,1,40.77425,WAV,326252
train,7766,0987e7a4-68d1-4be7-b067-74d1c643af47.flac,#e#a#-#d#-#be#-b#-#d#c#af#.flac,answering_machine,16000,1,3.157375,FLAC,64920
train,7767,18c3d422-e6bb-406b-baf8-7584d08ac65b.flac,#c#d#-e#bb-#b-baf#-#d#ac#b.flac,answering_machine,16000,1,4.608,FLAC,104311
train,7768,16e67ad4-23bf-4b9d-8c93-9ac85a512beb.flac,#e#ad#-#bf-#b#d-#c#-#ac#a#beb.flac,voicemail,16000,1,4.20275,FLAC,75181
train,7769,0e7d7f90-c84e-4cb1-800d-eecccb485d88.flac,#e#d#f#-c#e-#cb#-#d-eecccb#d#.flac,answering_machine,16000,1,14.347125,FLAC,264732
train,7770,am_00050.wav,am_#.wav,answering_machine,16000,1,7.1006875,WAV,227266
train,7771,00a675d2-0b24-4035-8958-1f2040876a7b.flac,#a#d#-#b#-#-#-#f#a#b.flac,ivr,16000,1,10.04,FLAC,224090
train,7772,voicemail_00251.wav,voicemail_#.wav,voicemail,16000,1,10.0,WAV,320044
train,7773,complete_dee54389-d3ab-4e7c-ab09-d268d1f8a165_normalized.flac,complete_dee#-d#ab-#e#c-ab#-d#d#f#a#_normalized.flac,human,16000,1,3.5,FLAC,54672
train,7774,1716c707-98fc-495e-badf-888045203528.flac,#c#-#fc-#e-badf-#.flac,voicemail,16000,1,11.5196875,FLAC,228078
train,7775,response_1.wav,response_#.wav,human,8000,1,13.653375,WAV,109286
train,7776,03347142-2fd9-44c5-a018-a13b40b6d53f.flac,#-#fd#-#c#-a#-a#b#b#d#f.flac,ivr,16000,1,6.04,FLAC,121776
train,7777,fr_human_tts_00081.wav,fr_human_tts_#.wav,human,16000,1,2.688,WAV,86060
train,7778,016f6db1-6273-4043-bea1-ba61becd61a1.flac,#f#db#-#-#-bea#-ba#becd#a#.flac,ivr,16000,1,10.28,FLAC,159434
train,7779,02710807-4dcc-441e-9f3c-6d14228cf813.flac,#-#dcc-#e-#f#c-#d#cf#.flac,ivr,16000,1,7.64,FLAC,143176
train,7780,ivr_00342.wav,ivr_#.wav,ivr,16000,1,9.192,WAV,294188
train,7781,fr_human_real_00048.wav,fr_human_real_#.wav,human,16000,1,3.157375,WAV,101080
train,7782,0ef885b3-d56e-40ab-8b78-edbbf89ea59b.flac,#ef#b#-d#e-#ab-#b#-edbbf#ea#b.flac,answering_machine,16000,1,7.8506875,FLAC,173032
train,7783,14d431f8-f67d-4669-9911-9c9bc930ab7f.flac,#d#f#-f#d-#-#-#c#bc#ab#f.flac,answering_machine,16000,1,14.5204375,FLAC,308918
train,7784,0d7f50fc-6e56-4644-a372-3d9124ed0645.flac,#d#f#fc-#e#-#-a#-#d#ed#.flac,voicemail,16000,1,12.7870625,FLAC,251463
train,7785,CA5dcc4b158429c9cd9fb316be0dd1bcaa_0.wav,CA#dcc#b#c#cd#fb#be#dd#bcaa_#.wav,human,8000,1,7.2,WAV,57658
train,7786,complete_34efb27b-56f6-4b03-920b-74fa28c77c9c_normalized.flac,complete_#efb#b-#f#-#b#-#b-#fa#c#c#c_normalized.flac,human,16000,1,2.56725,FLAC,51769
train,7787,am_00182.wav,am_#.wav,answering_machine,16000,1,10.0,WAV,320044
train,7788,1a891e82-8544-4aed-87d0-17c163251739.flac,#a#e#-#-#aed-#d#-#c#.flac,answering_machine,16000,1,15.6283125,FLAC,338895
train,7789,07a77882-3cc6-42df-8361-e288b26a7e75.flac,#a#-#cc#-#df-#-e#b#a#e#.flac,voicemail,16000,1,8.716625,FLAC,184111
train,7790,00da18c3-bbe4-4532-a264-9e1e7f665d6b.flac,#da#c#-bbe#-#-a#-#e#e#f#d#b.flac,ivr,16000,1,9.96,FLAC,209087
train,7791,human_tts_00151.wav,human_tts_#.wav,human,16000,1,2.016,WAV,64556
train,7792,15b9adda-d437-4b14-82fb-0ee37ef8add7.flac,#b#adda-d#-#b#-#fb-#ee#ef#add#.flac,answering_machine,16000,1,6.485375,FLAC,134910
train,7793,12227011-05bd-468d-9840-b2593fa03716.flac,#-#bd-#d-#-b#fa#.flac,voicemail,16000,1,10.0305,FLAC,204941
train,7794,es_ivr_00345.wav,es_ivr_#.wav,ivr,16000,1,9.768,WAV,312620
train,7795,carrier_de_human_00290.wav,carrier_de_human_#.wav,human,16000,1,2.376,WAV,76076
train,7796,01424fc7-c074-4549-b511-1992b0ab96d3.flac,#fc#-c#-#-b#-#b#ab#d#.flac,voicemail,16000,1,3.193875,FLAC,43204
train,7797,006912b1-7d87-4e89-9270-320433c9fc0c.flac,#b#-#d#-#e#-#-#c#fc#c.flac,ivr,16000,1,3.6,FLAC,75749
train,7798,voicemail_00280.wav,voicemail_#.wav,voicemail,16000,1,7.7833125,WAV,249110
train,7799,029e4c5d-1ccf-4bbf-aec5-4b4eabeb7f36.flac,#e#c#d-#ccf-#bbf-aec#-#b#eabeb#f#.flac,voicemail,16000,1,3.6931875,FLAC,57098
train,7800,am_00128.wav,am_#.wav,answering_machine,16000,1,9.4713125,WAV,303126
train,7801,complete_852f63ae-b2d6-4dc9-9bfa-f44ba1da82e4_normalized.flac,complete_#f#ae-b#d#-#dc#-#bfa-f#ba#da#e#_normalized.flac,human,16000,1,2.7075,FLAC,62991
train,7802,response_17.wav,response_#.wav,human,8000,1,13.653375,WAV,109286
train,7803,0358bb2d-1589-440c-a9c5-299f15c1e4b0.flac,#bb#d-#-#c-a#c#-#f#c#e#b#.flac,ivr,16000,1,6.28,FLAC,119992
train,7804,14b38347-29e4-42f5-b93c-002245e65215.flac,#b#-#e#-#f#-b#c-#e#.flac,voicemail,16000,1,4.8761875,FLAC,98097
train,7805,000dbf35-30cd-4737-b5c1-8efe885576c3.flac,#dbf#-#cd-#-b#c#-#efe#c#.flac,ivr,16000,1,3.04,FLAC,58469
train,7806,complete_a1a96418-0766-4193-925b-e3f2b5f521a1_normalized.flac,complete_a#a#-#-#-#b-e#f#b#f#a#_normalized.flac,human,16000,1,2.693125,FLAC,53323
train,7807,01a26940-5322-4900-aeda-bc945f95e56e.flac,#a#-#-#-aeda-bc#f#e#e.flac,ivr,16000,1,4.0,FLAC,76496
train,7808,1104046c-4238-4fff-89f3-e42433bc7018.flac,#c-#-#fff-#f#-e#bc#.flac,voicemail,16000,1,4.98,FLAC,103045
train,7809,carrier_en_voicemail_00423.wav,carrier_en_voicemail_#.wav,voicemail,16000,1,9.612625,WAV,307648
train,7810,017c95c9-1d1d-4455-90c2-748ee5edf191.flac,#c#c#-#d#d-#-#c#-#ee#edf#.flac,ivr,16000,1,7.6,FLAC,148873
train,7811,complete_81225804-c5da-4fe3-a0f0-c8e7d68752e1_normalized.flac,complete_#-c#da-#fe#-a#f#-c#e#d#e#_normalized.flac,human,16000,1,2.208,FLAC,45030
train,7812,087f820a-32ba-4e3e-9a62-be8b76785f47.flac,#f#a-#ba-#e#e-#a#-be#b#f#.flac,answering_machine,16000,1,8.94,FLAC,150439
train,7813,voicemail_00048.wav,voicemail_#.wav,voicemail,16000,1,9.701625,WAV,310496
train,7814,incomplete_de8dc3bc-3201-49c5-b48b-4cb9f06e993e_normalized.flac,incomplete_de#dc#bc-#-#c#-b#b-#cb#f#e#e_normalized.flac,human,16000,1,2.95375,FLAC,63815
train,7815,015e8d45-45bf-46de-81bf-9e5edd4fb1f9.flac,#e#d#-#bf-#de-#bf-#e#edd#fb#f#.flac,ivr,16000,1,12.2,FLAC,208805
train,7816,1b873f3d-64bd-4a6c-bf02-e7d0fbb38c94.flac,#b#f#d-#bd-#a#c-bf#-e#d#fbb#c#.flac,answering_machine,16000,1,13.813,FLAC,273806
train,7817,incomplete_a3b3d8e3-1be5-4092-a56c-ac64a3a66d75_normalized.flac,incomplete_a#b#d#e#-#be#-#-a#c-ac#a#a#d#_normalized.flac,human,16000,1,8.15625,FLAC,159102
train,7818,voicemail_00329.wav,voicemail_#.wav,voicemail,16000,1,9.7445,WAV,311868
train,7819,response_48.wav,response_#.wav,human,8000,1,12.445875,WAV,99626
train,7820,15d3c023-c0fd-461e-9ef8-cf26ea93741c.flac,#d#c#-c#fd-#e-#ef#-cf#ea#c.flac,answering_machine,16000,1,8.345125,FLAC,168270
train,7821,0d4da80e-7391-4628-9854-00cd45178c41.flac,#d#da#e-#-#-#-#cd#c#.flac,answering_machine,16000,1,3.7996875,FLAC,65183
train,7822,6026900fdc3604f481bcb8cf.wav,#fdc#f#bcb#cf.wav,human,8000,1,6.78025,WAV,54300
train,7823,voicemail_00186.wav,voicemail_#.wav,voicemail,16000,1,10.0,WAV,320044
train,7824,voicemail_00190.wav,voicemail_#.wav,voicemail,16000,1,7.9696875,WAV,255074
train,7825,incomplete_767b8c04-c25a-4b67-b287-314e79e7f36b_normalized.flac,incomplete_#b#c#-c#a-#b#-b#-#e#e#f#b_normalized.flac,human,16000,1,6.314625,FLAC,127731
train,7826,026322a4-abea-4b06-9d12-93fd00952732.flac,#a#-abea-#b#-#d#-#fd#.flac,ivr,16000,1,6.12,FLAC,128304
train,7827,07788b9c-2ae0-4299-964c-bafeebe1cdaf.flac,#b#c-#ae#-#-#c-bafeebe#cdaf.flac,voicemail,16000,1,2.67025,FLAC,40720
train,7828,10f77551-c7bf-4531-bfb0-bc01d5cadc07.flac,#f#-c#bf-#-bfb#-bc#d#cadc#.flac,answering_machine,16000,1,13.13775,FLAC,236834
train,7829,60268fdadc3604f481bcb8a8.wav,#fdadc#f#bcb#a#.wav,human,8000,1,5.461375,WAV,43750
train,7830,02d6fbb6-e19a-4203-ada0-09836f4e0f3f.flac,#d#fbb#-e#a-#-ada#-#f#e#f#f.flac,ivr,16000,1,4.12,FLAC,80199
train,7831,022bd2da-3199-43e4-be10-51487ac8fe68.flac,#bd#da-#-#e#-be#-#ac#fe#.flac,voicemail,16000,1,4.5859375,FLAC,86467
train,7832,06cdb009-07ab-46c9-b34b-09866842674e.flac,#cdb#-#ab-#c#-b#b-#e.flac,answering_machine,16000,1,12.949625,FLAC,256054
train,7833,response_29.wav,response_#.wav,human,8000,1,17.408,WAV,139322
train,7834,ivr_00178.wav,ivr_#.wav,ivr,16000,1,9.936,WAV,317996
train,7835,036fab84-3abe-4878-96dd-579337809abf.flac,#fab#-#abe-#-#dd-#abf.flac,answering_machine,16000,1,8.3940625,FLAC,137496
train,7836,complete_f32a670a-92aa-459c-b96f-205dfb822f85_normalized.flac,complete_f#a#a-#aa-#c-b#f-#dfb#f#_normalized.flac,human,16000,1,5.12925,FLAC,105054
train,7837,107d6851-ef08-4075-9a80-195b97af0ba5.flac,#d#-ef#-#-#a#-#b#af#ba#.flac,answering_machine,16000,1,12.600125,FLAC,249584
train,7838,0306e08e-b037-4545-b475-3a766f1fb821.flac,#e#e-b#-#-b#-#a#f#fb#.flac,answering_machine,16000,1,14.0163125,FLAC,258159
train,7839,human_tts_00040.wav,human_tts_#.wav,human,16000,1,3.456,WAV,110636
train,7840,voicemail_00375.wav,voicemail_#.wav,voicemail,16000,1,7.666875,WAV,245384
train,7841,am_00351.wav,am_#.wav,answering_machine,16000,1,10.0,WAV,320044
train,7842,1db9e152-3f1e-4b04-a58d-02a24bed50a5.flac,#db#e#-#f#e-#b#-a#d-#a#bed#a#.flac,voicemail,16000,1,10.9373125,FLAC,250264
train,7843,0059284c-b235-430a-aed5-4860005d7bff.flac,#c-b#-#a-aed#-#d#bff.flac,ivr,16000,1,8.44,FLAC,168833
train,7844,ivr_00159.wav,ivr_#.wav,ivr,16000,1,10.0,WAV,320044
train,7845,165af8d2-03fd-47e4-bf07-10a5d186f9fb.flac,#af#d#-#fd-#e#-bf#-#a#d#f#fb.flac,answering_machine,16000,1,3.5456875,FLAC,68926
train,7846,11adf1d3-fb9b-4553-b649-c16dbdfbf192.flac,#adf#d#-fb#b-#-b#-c#dbdfbf#.flac,voicemail,16000,1,15.3474375,FLAC,324795
train,7847,60268b7cc7abb7f8321388ee.wav,#b#cc#abb#f#ee.wav,human,8000,1,15.018625,WAV,120208
train,7848,035917bd-5ff9-4549-a204-3d3c12bd030e.flac,#bd-#ff#-#-a#-#d#c#bd#e.flac,ivr,16000,1,10.08,FLAC,200486
train,7849,carrier_de_answering_machine_00388.wav,carrier_de_answering_machine_#.wav,answering_machine,16000,1,9.945125,WAV,318288
train,7850,0029a6f6-7ff6-4f60-8dd3-77435528cc0f.flac,#a#f#-#ff#-#f#-#dd#-#cc#f.flac,ivr,16000,1,6.16,FLAC,108882
train,7851,fr_voicemail_00139.wav,fr_voicemail_#.wav,voicemail,16000,1,8.0145625,WAV,256510
train,7852,0a18f175-cfae-4410-946d-02554bda9eea.flac,#a#f#-cfae-#-#d-#bda#eea.flac,answering_machine,16000,1,9.9421875,FLAC,193632
train,7853,am_00062.wav,am_#.wav,answering_machine,16000,1,10.0,WAV,320044
train,7854,02ca88d3-21b4-4b41-aee6-d31514c45d80.flac,#ca#d#-#b#-#b#-aee#-d#c#d#.flac,ivr,16000,1,4.6,FLAC,94668
train,7855,voicemail_00379.wav,voicemail_#.wav,voicemail,16000,1,8.1233125,WAV,259990
train,7856,ivr_00033.wav,ivr_#.wav,ivr,16000,1,10.0,WAV,320044
train,7857,00a03354-4abe-4d81-b75e-e9e874e0b1a6.flac,#a#-#abe-#d#-b#e-e#e#e#b#a#.flac,ivr,16000,1,5.68,FLAC,118720
train,7858,1bedf317-dabb-455f-a3a4-e60ffec31fcf.flac,#bedf#-dabb-#f-a#a#-e#ffec#fcf.flac,answering_machine,16000,1,8.96,FLAC,187501
train,7859,incomplete_5ff45fa5720847c9b85b1a8473ab773a.flac,incomplete_#ff#fa#c#b#b#a#ab#a.flac,human,16000,1,3.732625,FLAC,58066
train,7860,1637c7e9-74cd-45d2-9132-3933c3cdf071.flac,#c#e#-#cd-#d#-#-#c#cdf#.flac,voicemail,16000,1,6.126375,FLAC,109291
train,7861,am_00036.wav,am_#.wav,answering_machine,16000,1,9.6795625,WAV,309790
train,7862,089cd577-23a6-4bdc-8ef3-9bec9f19df7a.flac,#cd#-#a#-#bdc-#ef#-#bec#f#df#a.flac,answering_machine,16000,1,16.0,FLAC,296768
train,7863,02dcdc84-469a-4ce7-a9c8-0d7363c15306.flac,#dcdc#-#a-#ce#-a#c#-#d#c#.flac,ivr,16000,1,5.6,FLAC,126494
train,7864,1942f475-d86f-42ff-9526-fcdb8d528792.flac,#f#-d#f-#ff-#-fcdb#d#.flac,answering_machine,16000,1,5.21775,FLAC,91104
train,7865,incomplete_5e952154-8c7f-40f5-a159-790b8c3eb2a0_normalized.flac,incomplete_#e#-#c#f-#f#-a#-#b#c#eb#a#_normalized.flac,human,16000,1,4.778125,FLAC,90456
train,7866,197a74fd-0f20-4697-9b91-8fc6774da91b.flac,#a#fd-#f#-#-#b#-#fc#da#b.flac,voicemail,16000,1,11.76475,FLAC,227769
train,7867,01f2615c-2b26-483e-99ae-f66fcb8f6458.flac,#f#c-#b#-#e-#ae-f#fcb#f#.flac,voicemail,16000,1,7.8135,FLAC,149874
train,7868,02bbd2e0-4af9-4b73-a346-84c9d4a62964.flac,#bbd#e#-#af#-#b#-a#-#c#d#a#.flac,ivr,16000,1,8.24,FLAC,171968
train,7869,03258c0a-01fe-4998-867b-e6aee59fd0cd.flac,#c#a-#fe-#-#b-e#aee#fd#cd.flac,ivr,16000,1,7.96,FLAC,158550
train,7870,602665fbc421a821df7c175d.wav,#fbc#a#df#c#d.wav,human,8000,1,14.582125,WAV,116716
train,7871,complete_2095d744-f24c-4f7d-9870-42d093482a67_normalized.flac,complete_#d#-f#c-#f#d-#-#d#a#_normalized.flac,human,16000,1,3.2715,FLAC,66595
train,7872,0fba9380-bf14-45b7-aabb-e524dc0f1c1d.flac,#fba#-bf#-#b#-aabb-e#dc#f#c#d.flac,voicemail,16000,1,15.170875,FLAC,289991
train,7873,0190b4f2-a2fd-4b11-8f1e-567989808493.flac,#b#f#-a#fd-#b#-#f#e-#.flac,ivr,16000,1,10.36,FLAC,200004
train,7874,0cce8827-4b54-401b-baea-99134f2339a0.flac,#cce#-#b#-#b-baea-#f#a#.flac,answering_machine,16000,1,3.108,FLAC,67588
train,7875,04c8a56b-dba2-444d-90e4-24420ab590d7.flac,#c#a#b-dba#-#d-#e#-#ab#d#.flac,voicemail,16000,1,4.9348125,FLAC,84553
train,7876,complete_07c784ce0b8d4b918bcfb380dd738bef.flac,complete_#c#ce#b#d#b#bcfb#dd#bef.flac,human,16000,1,3.6163125,FLAC,40755
train,7877,015fa3df-285a-430e-aaa8-a9296da18ca9.flac,#fa#df-#a-#e-aaa#-a#da#ca#.flac,ivr,16000,1,8.2,FLAC,150439
train,7878,ivr_00102.wav,ivr_#.wav,ivr,16000,1,9.72,WAV,311084
train,7879,16ace87e-8ffd-4b14-87cb-3ad574e25734.flac,#ace#e-#ffd-#b#-#cb-#ad#e#.flac,answering_machine,16000,1,13.6216875,FLAC,296518
train,7880,02d29a12-6b11-4205-b63f-10ca7ac173ee.flac,#d#a#-#b#-#-b#f-#ca#ac#ee.flac,ivr,16000,1,10.76,FLAC,217195
train,7881,60268ae3c7abb7f83213888c.wav,#ae#c#abb#f#c.wav,human,8000,1,4.693375,WAV,37606
train,7882,1b178a38-45c4-482f-b5e4-cfa6ac8140c9.flac,#b#a#-#c#-#f-b#e#-cfa#ac#c#.flac,voicemail,16000,1,13.2865625,FLAC,231393
train,7883,0196e294-fd84-4a66-8307-a3af8e642a10.flac,#e#-fd#-#a#-#-a#af#e#a#.flac,answering_machine,16000,1,5.205375,FLAC,110856
train,7884,123f5107-62a2-413b-b42d-e92a45af1535.flac,#f#-#a#-#b-b#d-e#a#af#.flac,voicemail,16000,1,12.8945625,FLAC,252839
train,7885,004a5741-f825-4d80-a5ee-4bf4d3301fcb.flac,#a#-f#-#d#-a#ee-#bf#d#fcb.flac,voicemail,16000,1,6.4899375,FLAC,134213
train,7886,123880de-2831-4b5f-8da1-c67d8405d2be.flac,#de-#-#b#f-#da#-c#d#d#be.flac,voicemail,16000,1,12.831875,FLAC,232066
train,7887,03476583-553f-472f-9be1-90ac2ccec3ac.flac,#-#f-#f-#be#-#ac#ccec#ac.flac,ivr,16000,1,11.76,FLAC,222229
train,7888,182889a2-22d6-4e9a-bc8d-ca908a66a223.flac,#a#-#d#-#e#a-bc#d-ca#a#a#.flac,voicemail,16000,1,7.41875,FLAC,141714
train,7889,complete_8712bd28e3444b97b06486635ea66160.flac,complete_#bd#e#b#b#ea#.flac,human,16000,1,5.779125,FLAC,103606
train,7890,004903c2-adb1-41c4-8b10-5f54307dec7c.flac,#c#-adb#-#c#-#b#-#f#dec#c.flac,ivr,16000,1,2.52,FLAC,52812
train,7891,1240c513-57a7-46a6-8b84-73614c2d3fe7.flac,#c#-#a#-#a#-#b#-#c#d#fe#.flac,answering_machine,16000,1,1.916625,FLAC,33050
train,7892,0ebb5138-152a-4b3e-9d60-728e0c2b41ca.flac,#ebb#-#a-#b#e-#d#-#e#c#b#ca.flac,answering_machine,16000,1,13.5605625,FLAC,238041
train,7893,am_00372.wav,am_#.wav,answering_machine,16000,1,9.94925,WAV,318420
train,7894,034c7d31-d781-486e-9b55-f46f58385683.flac,#c#d#-d#-#e-#b#-f#f#.flac,ivr,16000,1,3.76,FLAC,66444
train,7895,128c683d-d64a-4885-8467-993e9a923673.flac,#c#d-d#a-#-#-#e#a#.flac,answering_machine,16000,1,3.9069375,FLAC,47746
train,7896,am_00318.wav,am_#.wav,answering_machine,16000,1,8.128875,WAV,260168
train,7897,07a73146-0801-4081-b9fc-79a1a4da02b6.flac,#a#-#-#-b#fc-#a#a#da#b#.flac,voicemail,16000,1,5.03575,FLAC,82299
train,7898,incomplete_9c185cb8-0bb8-4417-9a43-8e5b607e8055_normalized.flac,incomplete_#c#cb#-#bb#-#-#a#-#e#b#e#_normalized.flac,human,16000,1,3.604125,FLAC,63489
train,7899,049cb42f-df05-4ff9-8c83-7bbc422fd957.flac,#cb#f-df#-#ff#-#c#-#bbc#fd#.flac,voicemail,16000,1,16.0,FLAC,318777
train,7900,incomplete_dc400a04-d8d9-44a3-a181-2ba4934e43d8_normalized.flac,incomplete_dc#a#-d#d#-#a#-a#-#ba#e#d#_normalized.flac,human,16000,1,3.84,FLAC,71019
train,7901,1860d512-4cf7-49f8-b6e2-cc7e809a7c96.flac,#d#-#cf#-#f#-b#e#-cc#e#a#c#.flac,answering_machine,16000,1,12.7375,FLAC,247859
train,7902,02148c5c-29de-40be-affd-5822e6452feb.flac,#c#c-#de-#be-affd-#e#feb.flac,answering_machine,16000,1,16.0,FLAC,370493
train,7903,0294b28a-f48b-4307-9ad1-f31f018961b7.flac,#b#a-f#b-#-#ad#-f#f#b#.flac,voicemail,16000,1,12.9853125,FLAC,281267
train,7904,056ad637-cb89-40ef-b285-2f91c5fff2e7.flac,#ad#-cb#-#ef-b#-#f#c#fff#e#.flac,answering_machine,16000,1,11.69725,FLAC,233174
train,7905,001b5d4d-c0ae-4259-85bf-bf41be3a31a7.flac,#b#d#d-c#ae-#-#bf-bf#be#a#a#.flac,ivr,16000,1,9.08,FLAC,184082
train,7906,human_tts_00123.wav,human_tts_#.wav,human,16000,1,1.752,WAV,56108
train,7907,0014db25-7b67-4081-b13a-2de651cfc39e.flac,#db#-#b#-#-b#a-#de#cfc#e.flac,ivr,16000,1,5.56,FLAC,116491
train,7908,CAfb4c128bf0c73b440a21956a68caeafe_0.wav,CAfb#c#bf#c#b#a#a#caeafe_#.wav,human,8000,1,6.74,WAV,53978
train,7909,0a8ab3ea-f97e-4ad1-8fdf-fee892a46930.flac,#a#ab#ea-f#e-#ad#-#fdf-fee#a#.flac,voicemail,16000,1,5.67725,FLAC,91398
train,7910,03b57d42-7a41-4602-88a4-219b7b7f1c4d.flac,#b#d#-#a#-#-#a#-#b#b#f#c#d.flac,answering_machine,16000,1,10.5355625,FLAC,198888
train,7911,incomplete_dda9e2c1-6a54-4312-b23d-efc2cabd0724_normalized.flac,incomplete_dda#e#c#-#a#-#-b#d-efc#cabd#_normalized.flac,human,16000,1,5.93625,FLAC,123188
train,7912,01c4abb0-1531-4987-993b-2183310205a6.flac,#c#abb#-#-#-#b-#a#.flac,ivr,16000,1,5.84,FLAC,117361
train,7913,incomplete_6bc51fe9-20a0-42ea-aebe-4741580c4728_normalized.flac,incomplete_#bc#fe#-#a#-#ea-aebe-#c#_normalized.flac,human,16000,1,5.9,FLAC,90725
train,7914,15335196-520c-4615-96cb-e5d37e3a49dc.flac,#-#c-#-#cb-e#d#e#a#dc.flac,answering_machine,16000,1,11.479875,FLAC,251921
train,7915,1b3751b4-1312-44f9-b1c7-e9f9c97e32e6.flac,#b#b#-#-#f#-b#c#-e#f#c#e#e#.flac,voicemail,16000,1,4.318875,FLAC,81305
train,7916,602ba84f5f67b421554f643e.wav,#ba#f#f#b#f#e.wav,human,8000,1,16.532625,WAV,132320
train,7917,0c7b1aa5-afcc-44f9-8641-1f405d8ea219.flac,#c#b#aa#-afcc-#f#-#-#f#d#ea#.flac,answering_machine,16000,1,3.9960625,FLAC,69672
train,7918,carrier_es_ivr_00253.wav,carrier_es_ivr_#.wav,ivr,16000,1,10.0,WAV,320044
train,7919,032a637b-1d4d-4275-999e-488e183d33a2.flac,#a#b-#d#d-#-#e-#e#d#a#.flac,ivr,16000,1,6.52,FLAC,126940
train,7920,complete_1fb62628-f9f7-4611-add1-315f34279ad4_normalized.flac,complete_#fb#-f#f#-#-add#-#f#ad#_normalized.flac,human,16000,1,3.909375,FLAC,86394
train,7921,0f0575ca-327d-45a9-9943-abf9c7418a28.flac,#f#ca-#d-#a#-#-abf#c#a#.flac,voicemail,16000,1,3.588875,FLAC,58859
train,7922,am_00357.wav,am_#.wav,answering_machine,16000,1,10.0,WAV,320044
train,7923,027fa260-bafb-41bd-b697-47842d6d054a.flac,#fa#-bafb-#bd-b#-#d#d#a.flac,ivr,16000,1,7.08,FLAC,142701
train,7924,02bfd065-bf52-4a4d-8d85-18df37b67c10.flac,#bfd#-bf#-#a#d-#d#-#df#b#c#.flac,voicemail,16000,1,12.7543125,FLAC,206177
train,7925,11dc1cfb-f999-4557-88c1-4a7b6cd43741.flac,#dc#cfb-f#-#-#c#-#a#b#cd#.flac,answering_machine,16000,1,13.366875,FLAC,270723
train,7926,0d6663a1-4642-4639-932c-12fab61c4ecc.flac,#d#a#-#-#-#c-#fab#c#ecc.flac,answering_machine,16000,1,8.277375,FLAC,186145
train,7927,ivr_00296.wav,ivr_#.wav,ivr,16000,1,10.0,WAV,320044
train,7928,ivr_00382.wav,ivr_#.wav,ivr,16000,1,10.0,WAV,320044
train,7929,incomplete_493c6eba-ef3b-4dcf-9579-fdf32c79dfa0_normalized.flac,incomplete_#c#eba-ef#b-#dcf-#-fdf#c#dfa#_normalized.flac,human,16000,1,5.99775,FLAC,112428
train,7930,incomplete_d528c00cc6f943e1a56c5108520573d3.flac,incomplete_d#c#cc#f#e#a#c#d#.flac,human,16000,1,4.314,FLAC,65069
train,7931,de_human_real_00415.wav,de_human_real_#.wav,human,16000,1,6.56,WAV,209964
train,7932,182e9590-2091-43ac-8547-7b0672d287ee.flac,#e#-#-#ac-#-#b#d#ee.flac,answering_machine,16000,1,9.348125,FLAC,189305
train,7933,carrier_fr_voicemail_00081.wav,carrier_fr_voicemail_#.wav,voicemail,16000,1,9.7476875,WAV,311970
train,7934,human_tts_00049.wav,human_tts_#.wav,human,16000,1,3.216,WAV,102956
train,7935,carrier_fr_answering_machine_00164.wav,carrier_fr_answering_machine_#.wav,answering_machine,16000,1,10.0,WAV,320044
train,7936,016e7c5c-e231-427a-8790-74f6bcf82bd4.flac,#e#c#c-e#-#a-#-#f#bcf#bd#.flac,ivr,16000,1,6.76,FLAC,121159
train,7937,ivr_00283.wav,ivr_#.wav,ivr,16000,1,9.84,WAV,314924
train,7938,00356a6c-720d-4734-b0f6-4c83da5138a1.flac,#a#c-#d-#-b#f#-#c#da#a#.flac,ivr,16000,1,3.16,FLAC,63093
train,7939,602ba587bb1e6d0fbce9206d.wav,#ba#bb#e#d#fbce#d.wav,human,8000,1,5.387,WAV,43154
train,7940,response_10.wav,response_#.wav,human,8000,1,8.448,WAV,67642
train,7941,00ede614-c107-4ded-9a22-649adfc3305f.flac,#ede#-c#-#ded-#a#-#adfc#f.flac,ivr,16000,1,5.32,FLAC,106336
train,7942,023dfeff-7e03-4bbd-800d-7df5e4ee4bd3.flac,#dfeff-#e#-#bbd-#d-#df#e#ee#bd#.flac,ivr,16000,1,6.88,FLAC,135444
train,7943,human_tts_00022.wav,human_tts_#.wav,human,16000,1,2.352,WAV,75308
train,7944,0affbab2-6f7a-4c50-aeaf-5a1293e730fa.flac,#affbab#-#f#a-#c#-aeaf-#a#e#fa.flac,answering_machine,16000,1,4.0609375,FLAC,62331
train,7945,complete_133ee889-0557-4a67-bc9a-8b3a3b160173_normalized.flac,complete_#ee#-#-#a#-bc#a-#b#a#b#_normalized.flac,human,16000,1,8.269625,FLAC,133238
train,7946,0c243cd1-7d0c-4bbb-b7c6-080d163bddda.flac,#c#cd#-#d#c-#bbb-b#c#-#d#bddda.flac,answering_machine,16000,1,10.3644375,FLAC,217240
train,7947,16259d85-7618-4033-a81b-a88b32552d78.flac,#d#-#-#-a#b-a#b#d#.flac,answering_machine,16000,1,11.0779375,FLAC,205134
train,7948,00cee06b-18a1-41f4-a376-b5a204d154a7.flac,#cee#b-#a#-#f#-a#-b#a#d#a#.flac,answering_machine,16000,1,3.3505,FLAC,63756
train,7949,0368c9b2-1ca6-49c9-93e6-5b9d125cee2f.flac,#c#b#-#ca#-#c#-#e#-#b#d#cee#f.flac,ivr,16000,1,13.88,FLAC,277938
train,7950,10084ba5-ba76-4736-bcff-c8235aac9c94.flac,#ba#-ba#-#-bcff-c#aac#c#.flac,voicemail,16000,1,4.230875,FLAC,67832
train,7951,incomplete_381feb0a-3af2-421f-bd76-ec5e43245157_normalized.flac,incomplete_#feb#a-#af#-#f-bd#-ec#e#_normalized.flac,human,16000,1,4.430625,FLAC,73854
train,7952,ivr_00259.wav,ivr_#.wav,ivr,16000,1,9.4233125,WAV,301590
train,7953,response_12.wav,response_#.wav,human,8000,1,7.082625,WAV,56720
train,7954,am_00078.wav,am_#.wav,answering_machine,16000,1,9.876875,WAV,316104
train,7955,0068a2aa-ade0-4f98-b820-e032e86f247f.flac,#a#aa-ade#-#f#-b#-e#e#f#f.flac,ivr,16000,1,2.8,FLAC,48161
train,7956,04c1948b-9d3e-42a0-98b7-f589f34bb386.flac,#c#b-#d#e-#a#-#b#-f#f#bb#.flac,answering_machine,16000,1,10.462125,FLAC,198562
train,7957,1c6ada3a-af2b-442e-9a06-de169f26f740.flac,#c#ada#a-af#b-#e-#a#-de#f#f#.flac,answering_machine,16000,1,6.4,FLAC,126301
train,7958,1bbdb819-82cb-4f8a-aade-a8f7475cc78d.flac,#bbdb#-#cb-#f#a-aade-a#f#cc#d.flac,voicemail,16000,1,16.0,FLAC,312463
train,7959,173a3cbc-9b3b-4b69-93cf-d691dca504a1.flac,#a#cbc-#b#b-#b#-#cf-d#dca#a#.flac,answering_machine,16000,1,6.144,FLAC,141022
train,7960,voicemail_00009.wav,voicemail_#.wav,voicemail,16000,1,10.0,WAV,320044
train,7961,incomplete_73292d7a01e44af78e89144863761a78.flac,incomplete_#d#a#e#af#e#a#.flac,human,16000,1,3.02325,FLAC,40129
train,7962,complete_4e7055ee26014fe6b94cefa15bf7d30d.flac,complete_#e#ee#fe#b#cefa#bf#d#d.flac,human,16000,1,3.0465,FLAC,36265
train,7963,incomplete_dca46302-d7c5-461e-b146-a46968199ecc_normalized.flac,incomplete_dca#-d#c#-#e-b#-a#ecc_normalized.flac,human,16000,1,3.3495,FLAC,64323
train,7964,1c3a5ca8-d2e3-431c-ab01-65338c8af61a.flac,#c#a#ca#-d#e#-#c-ab#-#c#af#a.flac,voicemail,16000,1,12.604875,FLAC,216235
train,7965,602ba97dbb1e6d0fbce92128.wav,#ba#dbb#e#d#fbce#.wav,human,8000,1,4.522625,WAV,36240
train,7966,ivr_00276.wav,ivr_#.wav,ivr,16000,1,10.0,WAV,320044
train,7967,0accc8e4-bfc6-416b-b08f-39ed2b71df9e.flac,#accc#e#-bfc#-#b-b#f-#ed#b#df#e.flac,answering_machine,16000,1,11.52,FLAC,246415
train,7968,07c93bf4-6ebc-4335-b8b2-81c11265a5ce.flac,#c#bf#-#ebc-#-b#b#-#c#a#ce.flac,voicemail,16000,1,12.053,FLAC,222605
train,7969,0217d4c7-5f17-4885-93cd-0cdb43953e99.flac,#d#c#-#f#-#-#cd-#cdb#e#.flac,ivr,16000,1,5.4,FLAC,104718
train,7970,0294623c-d4e3-4045-b023-527dd47055ef.flac,#c-d#e#-#-b#-#dd#ef.flac,ivr,16000,1,9.24,FLAC,198801
train,7971,18fe45a8-e4c6-43d8-9d98-831c475717c8.flac,#fe#a#-e#c#-#d#-#d#-#c#c#.flac,voicemail,16000,1,6.2471875,FLAC,117310
train,7972,am_00305.wav,am_#.wav,answering_machine,16000,1,10.0,WAV,320044
train,7973,ivr_00227.wav,ivr_#.wav,ivr,16000,1,10.0,WAV,320044
train,7974,carrier_en_voicemail_00413.wav,carrier_en_voicemail_#.wav,voicemail,16000,1,10.0,WAV,320044
train,7975,0e680fc3-371e-4e81-aefe-c15beb12b369.flac,#e#fc#-#e-#e#-aefe-c#beb#b#.flac,voicemail,16000,1,3.0395625,FLAC,51482
train,7976,0ce60838-085f-4f04-9574-49edfd50ffb3.flac,#ce#-#f-#f#-#-#edfd#ffb#.flac,answering_machine,16000,1,8.192,FLAC,183391
train,7977,0a2aeec0-f189-46cb-a4d6-daa289acd2b0.flac,#a#aeec#-f#-#cb-a#d#-daa#acd#b#.flac,answering_machine,16000,1,3.84,FLAC,79807
train,7978,incomplete_94ada447-499b-4df3-92a6-1ae459ae404a_normalized.flac,incomplete_#ada#-#b-#df#-#a#-#ae#ae#a_normalized.flac,human,16000,1,4.816375,FLAC,92766
train,7979,human_real_00069.wav,human_real_#.wav,human,16000,1,4.522625,WAV,144768
train,7980,602662c7c7abb7f83213822f.wav,#c#c#abb#f#f.wav,human,8000,1,4.864,WAV,38970
train,7981,02bc62d5-bf85-4ea2-8b0b-8a680a68b747.flac,#bc#d#-bf#-#ea#-#b#b-#a#a#b#.flac,voicemail,16000,1,5.479875,FLAC,92429
train,7982,voicemail_00034.wav,voicemail_#.wav,voicemail,16000,1,7.5180625,WAV,240622
train,7983,1962bbc8-4997-4444-9414-fce8838ea415.flac,#bbc#-#-#-#-fce#ea#.flac,answering_machine,16000,1,1.963125,FLAC,27898
train,7984,0eaf606b-0aa4-46b2-87ad-b05ad931ecf0.flac,#eaf#b-#aa#-#b#-#ad-b#ad#ecf#.flac,voicemail,16000,1,9.5430625,FLAC,204113
train,7985,incomplete_ecb862c1-4bbc-4c32-9968-cd6e022e8098_normalized.flac,incomplete_ecb#c#-#bbc-#c#-#-cd#e#e#_normalized.flac,human,16000,1,5.32125,FLAC,105027
train,7986,0c8c7411-9354-4ec3-8700-5c2e6d452298.flac,#c#c#-#-#ec#-#-#c#e#d#.flac,voicemail,16000,1,15.1825625,FLAC,332789
train,7987,de_voicemail_00473.wav,de_voicemail_#.wav,voicemail,16000,1,8.981875,WAV,287464
train,7988,voicemail_00167.wav,voicemail_#.wav,voicemail,16000,1,6.81875,WAV,218244
train,7989,complete_6a86b71a-3e6e-48ca-a6da-6fcab4ac7ebd_normalized.flac,complete_#a#b#a-#e#e-#ca-a#da-#fcab#ac#ebd_normalized.flac,human,16000,1,4.0213125,FLAC,86625
train,7990,019ecd2f-ab16-4431-a4c5-21289e579e1a.flac,#ecd#f-ab#-#-a#c#-#e#e#a.flac,ivr,16000,1,4.0,FLAC,77223
train,7991,ivr_00375.wav,ivr_#.wav,ivr,16000,1,10.0,WAV,320044
train,7992,1ae12b8d-37c5-48cc-a564-5cd7ae6fb96c.flac,#ae#b#d-#c#-#cc-a#-#cd#ae#fb#c.flac,voicemail,16000,1,15.5130625,FLAC,312129
train,7993,0f196a20-0d6b-49bb-bd71-8b2208fb454b.flac,#f#a#-#d#b-#bb-bd#-#b#fb#b.flac,answering_machine,16000,1,9.4318125,FLAC,228273
train,7994,human_real_00182.wav,human_real_#.wav,human,16000,1,6.570625,WAV,210304
train,7995,incomplete_8b9626cc-7e46-4d3a-bb06-bd6b92543eee_normalized.flac,incomplete_#b#cc-#e#-#d#a-bb#-bd#b#eee_normalized.flac,human,16000,1,4.51125,FLAC,84913
train,7996,009717ef-d2ed-4692-85d2-d6209387409f.flac,#ef-d#ed-#-#d#-d#f.flac,ivr,16000,1,12.52,FLAC,264069
train,7997,voicemail_00352.wav,voicemail_#.wav,voicemail,16000,1,10.0,WAV,320044
train,7998,1586cf5b-7c9c-47b5-b1a7-f9e27b7d7db0.flac,#cf#b-#c#c-#b#-b#a#-f#e#b#d#db#.flac,answering_machine,16000,1,9.9616875,FLAC,209247
train,7999,11be7d91-068e-4ec4-bf1e-3afc51739a7a.flac,#be#d#-#e-#ec#-bf#e-#afc#a#a.flac,voicemail,16000,1,5.1845625,FLAC,85431
train,8000,6026655bc7abb7f832138371.wav,#bc#abb#f#.wav,human,8000,1,12.032,WAV,96314
train,8001,carrier_de_ivr_00351.wav,carrier_de_ivr_#.wav,ivr,16000,1,10.0,WAV,320044
train,8002,am_00118.wav,am_#.wav,answering_machine,16000,1,9.0025625,WAV,288126
train,8003,058bb982-51d5-4bf1-9fa7-c2080966ff24.flac,#bb#-#d#-#bf#-#fa#-c#ff#.flac,answering_machine,16000,1,4.0106875,FLAC,86765
train,8004,incomplete_ba34c8a8-d5d5-4157-8635-4aba2c87f3d4_normalized.flac,incomplete_ba#c#a#-d#d#-#-#-#aba#c#f#d#_normalized.flac,human,16000,1,5.835,FLAC,114678
train,8005,incomplete_2b08b7d8-a604-4312-8fb1-c0e140669db1_normalized.flac,incomplete_#b#b#d#-a#-#-#fb#-c#e#db#_normalized.flac,human,16000,1,5.3866875,FLAC,119847
train,8006,01ff3598-77ce-460b-af9b-1b1d613851b4.flac,#ff#-#ce-#b-af#b-#b#d#b#.flac,voicemail,16000,1,9.2171875,FLAC,193437
train,8007,de_am_00537.wav,de_am_#.wav,answering_machine,16000,1,10.0,WAV,320044
train,8008,01b4bd4d-95a0-4664-9d74-f93f7af30870.flac,#b#bd#d-#a#-#-#d#-f#f#af#.flac,ivr,16000,1,7.16,FLAC,136761
train,8009,human_tts_00165.wav,human_tts_#.wav,human,16000,1,3.12,WAV,99884
train,8010,complete_65c9f649-b951-4f25-ad08-ffd4a0e3a5c6_normalized.flac,complete_#c#f#-b#-#f#-ad#-ffd#a#e#a#c#_normalized.flac,human,16000,1,3.420375,FLAC,69015
train,8011,1d29ce81-6873-4f51-85d3-a3ee7cd431b4.flac,#d#ce#-#-#f#-#d#-a#ee#cd#b#.flac,voicemail,16000,1,5.09675,FLAC,86253
train,8012,00b71e37-7b44-407f-95aa-79eed83dab4a.flac,#b#e#-#b#-#f-#aa-#eed#dab#a.flac,ivr,16000,1,12.16,FLAC,245068
train,8013,response_25.wav,response_#.wav,human,8000,1,6.229375,WAV,49894
train,8014,complete_250df79b-d821-43cc-9239-88315dbf921c_normalized.flac,complete_#df#b-d#-#cc-#-#dbf#c_normalized.flac,human,16000,1,2.772,FLAC,63319
train,8015,161ef432-8360-48c6-ae0a-91d0d2adcddb.flac,#ef#-#-#c#-ae#a-#d#d#adcddb.flac,answering_machine,16000,1,3.72275,FLAC,87379
train,8016,02e6374a-bc04-4d8c-a8dd-edf763b6ecca.flac,#e#a-bc#-#d#c-a#dd-edf#b#ecca.flac,ivr,16000,1,8.08,FLAC,175922
train,8017,00c5c862-2243-43b4-ad9f-7397b7815a98.flac,#c#c#-#-#b#-ad#f-#b#a#.flac,ivr,16000,1,8.44,FLAC,163387
train,8018,0ea7d02c-0d2a-4bcd-8610-fbc0eeadaa7a.flac,#ea#d#c-#d#a-#bcd-#-fbc#eeadaa#a.flac,answering_machine,16000,1,11.65925,FLAC,207598
train,8019,0e777c3b-4291-4601-95fd-76bf96dd1ddc.flac,#e#c#b-#-#-#fd-#bf#dd#ddc.flac,voicemail,16000,1,13.179,FLAC,261815
train,8020,complete_88a187f7-ec2e-4bfb-8fb4-515a6741c4c1_normalized.flac,complete_#a#f#-ec#e-#bfb-#fb#-#a#c#c#_normalized.flac,human,16000,1,3.488,FLAC,67619
train,8021,1362958b-e6c2-49d8-a763-820ebb4c1650.flac,#b-e#c#-#d#-a#-#ebb#c#.flac,answering_machine,16000,1,4.9,FLAC,106592
train,8022,12f4d333-647b-4f39-9c40-41bce414f029.flac,#f#d#-#b-#f#-#c#-#bce#f#.flac,answering_machine,16000,1,5.8026875,FLAC,120254
train,8023,human_real_00081.wav,human_real_#.wav,human,16000,1,4.2725,WAV,136764
train,8024,1582786b-b86a-409d-9bb6-6913087ad9ee.flac,#b-b#a-#d-#bb#-#ad#ee.flac,answering_machine,16000,1,13.27825,FLAC,272182
train,8025,035dd3d0-7d45-4093-9b40-b1f832eacd5a.flac,#dd#d#-#d#-#-#b#-b#f#eacd#a.flac,answering_machine,16000,1,12.956125,FLAC,237491
train,8026,carrier_en_voicemail_00410.wav,carrier_en_voicemail_#.wav,voicemail,16000,1,9.647375,WAV,308760
train,8027,response_38.wav,response_#.wav,human,8000,1,5.717375,WAV,45798
train,8028,incomplete_a1307680-dbf9-4580-b668-7c515f79081c_normalized.flac,incomplete_a#-dbf#-#-b#-#c#f#c_normalized.flac,human,16000,1,8.353125,FLAC,161399
train,8029,complete_849e9659-f0c0-4d75-b67c-f127dcf100de_normalized.flac,complete_#e#-f#c#-#d#-b#c-f#dcf#de_normalized.flac,human,16000,1,3.605875,FLAC,73233
train,8030,007b0e19-684c-420b-bcaf-b3b72f4d720d.flac,#b#e#-#c-#b-bcaf-b#b#f#d#d.flac,voicemail,16000,1,3.603875,FLAC,63850
train,8031,03c2c5c7-5ac7-421c-aa54-11e9edfecd25.flac,#c#c#c#-#ac#-#c-aa#-#e#edfecd#.flac,voicemail,16000,1,16.0,FLAC,302140
train,8032,voicemail_00160.wav,voicemail_#.wav,voicemail,16000,1,10.0,WAV,320044
train,8033,00ab1201-e2a8-412e-9e2f-bc12548e635c.flac,#ab#-e#a#-#e-#e#f-bc#e#c.flac,voicemail,16000,1,3.633875,FLAC,61482
train,8034,1bcc5a62-796a-4623-aa34-9e39de5136d8.flac,#bcc#a#-#a-#-aa#-#e#de#d#.flac,voicemail,16000,1,13.1746875,FLAC,268793
train,8035,incomplete_70781335b2234401a069d0065369d82d.flac,incomplete_#b#a#d#d#d.flac,human,16000,1,5.33725,FLAC,77063
train,8036,am_00108.wav,am_#.wav,answering_machine,16000,1,9.3296875,WAV,298594
train,8037,incomplete_47bf8512-5916-4673-be71-d6aeab3fb979_normalized.flac,incomplete_#bf#-#-#-be#-d#aeab#fb#_normalized.flac,human,16000,1,3.33375,FLAC,64116
train,8038,ivr_00366.wav,ivr_#.wav,ivr,16000,1,10.0,WAV,320044
train,8039,fr_ivr_00204.wav,fr_ivr_#.wav,ivr,16000,1,7.896,WAV,252716
train,8040,185166de-477f-46df-abbb-fc4b2344fc80.flac,#de-#f-#df-abbb-fc#b#fc#.flac,voicemail,16000,1,12.2493125,FLAC,251504
train,8041,response_39.wav,response_#.wav,human,8000,1,9.728,WAV,77882
train,8042,human_real_00125.wav,human_real_#.wav,human,16000,1,4.352,WAV,139308
train,8043,complete_74406df7-1e34-44a8-a0b1-b4ae529144d5_normalized.flac,complete_#df#-#e#-#a#-a#b#-b#ae#d#_normalized.flac,human,16000,1,3.721875,FLAC,79481
train,8044,complete_a58eed1b-2d0a-4df5-9a29-72477e09ddb0_normalized.flac,complete_a#eed#b-#d#a-#df#-#a#-#e#ddb#_normalized.flac,human,16000,1,4.54375,FLAC,90722
train,8045,145db9d8-0cb3-4977-8fac-be9fb1bb3510.flac,#db#d#-#cb#-#-#fac-be#fb#bb#.flac,answering_machine,16000,1,5.0346875,FLAC,112270
train,8046,07361db9-fdf5-4f7b-b154-013e23b4b4b8.flac,#db#-fdf#-#f#b-b#-#e#b#b#b#.flac,voicemail,16000,1,12.761,FLAC,267547
train,8047,09a40553-28f3-4223-939e-1c8fca998b87.flac,#a#-#f#-#-#e-#c#fca#b#.flac,answering_machine,16000,1,13.3725,FLAC,277675
train,8048,0d02d180-da59-4b9f-a0b5-7c85f57bbb5f.flac,#d#d#-da#-#b#f-a#b#-#c#f#bbb#f.flac,answering_machine,16000,1,6.485375,FLAC,125369
train,8049,02a07193-1f14-4461-8503-9440760fe96f.flac,#a#-#f#-#-#-#fe#f.flac,ivr,16000,1,9.0,FLAC,172820
train,8050,human_tts_00042.wav,human_tts_#.wav,human,16000,1,3.504,WAV,112172
train,8051,10c9abde-892a-42a9-91cd-04f190160e2d.flac,#c#abde-#a-#a#-#cd-#f#e#d.flac,voicemail,16000,1,11.8825625,FLAC,232180
train,8052,1960311b-2fcc-4486-849b-209323803002.flac,#b-#fcc-#-#b-#.flac,voicemail,16000,1,4.62075,FLAC,103332
train,8053,00579c84-f7ad-4507-993c-0f2c3c4fb0af.flac,#c#-f#ad-#-#c-#f#c#c#fb#af.flac,ivr,16000,1,9.36,FLAC,193453
train,8054,0c8cf2a7-679d-4eba-947a-aa2a015baa6e.flac,#c#cf#a#-#d-#eba-#a-aa#a#baa#e.flac,answering_machine,16000,1,14.37725,FLAC,291801
train,8055,voicemail_00138.wav,voicemail_#.wav,voicemail,16000,1,10.0,WAV,320044
train,8056,058b18a7-1d83-4f33-bb17-2935be067847.flac,#b#a#-#d#-#f#-bb#-#be#.flac,voicemail,16000,1,11.995625,FLAC,257185
train,8057,0fd0c951-c35f-4c76-a82c-68649b79e1a7.flac,#fd#c#-c#f-#c#-a#c-#b#e#a#.flac,voicemail,16000,1,11.4835,FLAC,194094
train,8058,602babba05f96973d67944c1.wav,#babba#f#d#c#.wav,human,8000,1,4.010625,WAV,32144
train,8059,602692b4dc3604f481bcb914.wav,#b#dc#f#bcb#.wav,human,8000,1,8.704,WAV,69690
train,8060,incomplete_ac8a3387-fbac-408a-a349-ca5c57b37e9e_normalized.flac,incomplete_ac#a#-fbac-#a-a#-ca#c#b#e#e_normalized.flac,human,16000,1,3.51975,FLAC,75519
train,8061,030035ab-e442-497b-aa5f-984a28ea3d09.flac,#ab-e#-#b-aa#f-#a#ea#d#.flac,ivr,16000,1,5.72,FLAC,120477
train,8062,033180dd-b9b0-4da3-85ed-8d2d2845639a.flac,#dd-b#b#-#da#-#ed-#d#d#a.flac,answering_machine,16000,1,2.052,FLAC,36714
train,8063,0fc7ca13-ad84-4018-8ed4-c316effcc602.flac,#fc#ca#-ad#-#-#ed#-c#effcc#.flac,voicemail,16000,1,11.5245,FLAC,228741
train,8064,0083c402-060c-45bb-9806-8f986b050a23.flac,#c#-#c-#bb-#-#f#b#a#.flac,ivr,16000,1,10.56,FLAC,203177
train,8065,12390811-eaf9-43aa-838e-807dac3b8277.flac,#-eaf#-#aa-#e-#dac#b#.flac,answering_machine,16000,1,12.56,FLAC,269293
train,8066,01168e4f-4277-48aa-8f9e-a4b56e0a0d23.flac,#e#f-#-#aa-#f#e-a#b#e#a#d#.flac,ivr,16000,1,9.0,FLAC,171360
train,8067,response_17.wav,response_#.wav,human,8000,1,12.202625,WAV,97680
train,8068,human_tts_00000.wav,human_tts_#.wav,human,16000,1,2.016,WAV,64556
train,8069,ivr_00135.wav,ivr_#.wav,ivr,16000,1,10.0,WAV,320044
train,8070,human_real_00117.wav,human_real_#.wav,human,16000,1,4.2725,WAV,136764
train,8071,incomplete_2c3a6be5bb894200bc94077d2cae433f.flac,incomplete_#c#a#be#bb#bc#d#cae#f.flac,human,16000,1,2.058125,FLAC,33740
train,8072,0a3bc728-0cec-43f3-b8c5-acf865521ea7.flac,#a#bc#-#cec-#f#-b#c#-acf#ea#.flac,answering_machine,16000,1,3.09,FLAC,53002
train,8073,1bf9d0a0-6ef3-4ae9-9961-c7a46cdcdb74.flac,#bf#d#a#-#ef#-#ae#-#-c#a#cdcdb#.flac,voicemail,16000,1,14.7028125,FLAC,258230
train,8074,fr_am_00225.wav,fr_am_#.wav,answering_machine,16000,1,10.0,WAV,320044
train,8075,00b9e617-12ce-4a8c-a745-436160dceb63.flac,#b#e#-#ce-#a#c-a#-#dceb#.flac,answering_machine,16000,1,12.574875,FLAC,257414
train,8076,1c535313-2bb6-407d-8435-7f6c769a2b21.flac,#c#-#bb#-#d-#-#f#c#a#b#.flac,voicemail,16000,1,3.3735,FLAC,68425
train,8077,human_tts_00075.wav,human_tts_#.wav,human,16000,1,2.232,WAV,71468
train,8078,02bf0b3d-c06f-446e-aa3e-43c012369e3d.flac,#bf#b#d-c#f-#e-aa#e-#c#e#d.flac,ivr,16000,1,4.48,FLAC,90001
train,8079,161e5fc5-ae22-4b73-b300-f069ac300f8c.flac,#e#fc#-ae#-#b#-b#-f#ac#f#c.flac,voicemail,16000,1,13.0233125,FLAC,257758
train,8080,complete_e4b60966-b6ea-4524-925e-87a01cac9336_normalized.flac,complete_e#b#-b#ea-#-#e-#a#cac#_normalized.flac,human,16000,1,5.5955,FLAC,126439
train,8081,01c68c35-03aa-49d5-8d69-abcf4fbf3386.flac,#c#c#-#aa-#d#-#d#-abcf#fbf#.flac,ivr,16000,1,6.44,FLAC,134201
train,8082,0cb17721-7651-4f32-9f9b-9bd21342a626.flac,#cb#-#-#f#-#f#b-#bd#a#.flac,answering_machine,16000,1,16.0,FLAC,272047
train,8083,00b4e7c1-fe56-4818-9b1e-aca5a5d7fd00.flac,#b#e#c#-fe#-#-#b#e-aca#a#d#fd#.flac,ivr,16000,1,6.24,FLAC,125576
train,8084,00e7d852-13ba-4c51-b5ea-c28db4390111.flac,#e#d#-#ba-#c#-b#ea-c#db#.flac,ivr,16000,1,9.2,FLAC,175665
train,8085,es_ivr_00351.wav,es_ivr_#.wav,ivr,16000,1,7.392,WAV,236588
train,8086,fr_voicemail_00142.wav,fr_voicemail_#.wav,voicemail,16000,1,10.0,WAV,320044
train,8087,1916c58c-71da-4aa2-acf7-5b6181a4570a.flac,#c#c-#da-#aa#-acf#-#b#a#a.flac,voicemail,16000,1,11.6985,FLAC,240996
train,8088,response_24.wav,response_#.wav,human,8000,1,5.717375,WAV,45798
train,8089,0740dc4c-d965-45cb-a8ab-fcfde82c2e86.flac,#dc#c-d#-#cb-a#ab-fcfde#c#e#.flac,voicemail,16000,1,11.8545625,FLAC,231822
train,8090,am_00344.wav,am_#.wav,answering_machine,16000,1,10.0,WAV,320044
train,8091,1d55538b-cb7f-40d7-a735-e141ce78aef9.flac,#d#b-cb#f-#d#-a#-e#ce#aef#.flac,answering_machine,16000,1,13.3288125,FLAC,271076
train,8092,incomplete_dca6ded8-bcc1-4f42-a72a-59594e96801a_normalized.flac,incomplete_dca#ded#-bcc#-#f#-a#a-#e#a_normalized.flac,human,16000,1,5.7,FLAC,95501
train,8093,0387dae5-c4c1-4e31-a438-7fe0e5ec719c.flac,#dae#-c#c#-#e#-a#-#fe#e#ec#c.flac,answering_machine,16000,1,16.0,FLAC,325425
train,8094,0f7d1aab-79ee-4077-afc3-4f104bb3ae5a.flac,#f#d#aab-#ee-#-afc#-#f#bb#ae#a.flac,answering_machine,16000,1,11.2703125,FLAC,180563
train,8095,0723a4a0-7971-4b77-a521-7522f19d3309.flac,#a#a#-#-#b#-a#-#f#d#.flac,answering_machine,16000,1,4.2068125,FLAC,74277
train,8096,voicemail_00209.wav,voicemail_#.wav,voicemail,16000,1,9.2545,WAV,296188
train,8097,response_15.wav,response_#.wav,human,8000,1,8.277375,WAV,66278
train,8098,1d0ba3b0-41b2-44b9-9d0a-76a5b8d5e31c.flac,#d#ba#b#-#b#-#b#-#d#a-#a#b#d#e#c.flac,voicemail,16000,1,11.6185,FLAC,225146
train,8099,06bbf945-39e2-4cb3-9fed-d5eb65588a3d.flac,#bbf#-#e#-#cb#-#fed-d#eb#a#d.flac,voicemail,16000,1,11.6741875,FLAC,231986
train,8100,01dc2c18-c620-4dcf-954c-233557ac70df.flac,#dc#c#-c#-#dcf-#c-#ac#df.flac,ivr,16000,1,8.52,FLAC,166871
train,8101,fr_voicemail_00158.wav,fr_voicemail_#.wav,voicemail,16000,1,8.9025625,WAV,284926
train,8102,am_00079.wav,am_#.wav,answering_machine,16000,1,8.040125,WAV,257328
train,8103,02ac1ba1-8e44-4226-88c3-73bc837916a3.flac,#ac#ba#-#e#-#-#c#-#bc#a#.flac,ivr,16000,1,7.44,FLAC,141199
train,8104,human_real_00122.wav,human_real_#.wav,human,16000,1,4.352,WAV,139308
train,8105,031bfe61-a282-4414-8bb9-6c155243e26a.flac,#bfe#-a#-#-#bb#-#c#e#a.flac,ivr,16000,1,8.96,FLAC,208134
train,8106,03b162f4-40d1-4258-86b3-cbde3c6ac65c.flac,#b#f#-#d#-#-#b#-cbde#c#ac#c.flac,voicemail,16000,1,14.0431875,FLAC,291013
train,8107,1a3a2c7f-69c6-46b4-a24a-1fa817a52db1.flac,#a#a#c#f-#c#-#b#-a#a-#fa#a#db#.flac,answering_machine,16000,1,12.46225,FLAC,246324
train,8108,es_am_00390.wav,es_am_#.wav,answering_machine,16000,1,10.0,WAV,320044
train,8109,02b00570-11d6-4739-8c41-9a3f6f3b56b0.flac,#b#-#d#-#-#c#-#a#f#f#b#b#.flac,answering_machine,16000,1,6.4,FLAC,135222
train,8110,0511834f-45f7-4c0d-9642-e51913ffc8a9.flac,#f-#f#-#c#d-#-e#ffc#a#.flac,voicemail,16000,1,12.4835625,FLAC,266895
train,8111,100d45ca-b23f-416d-b0ec-2ae9d90ec3e1.flac,#d#ca-b#f-#d-b#ec-#ae#d#ec#e#.flac,answering_machine,16000,1,12.401125,FLAC,279093
train,8112,0201872c-3ad3-425d-ab66-61a0fb1c6edb.flac,#c-#ad#-#d-ab#-#a#fb#c#edb.flac,ivr,16000,1,10.52,FLAC,207976
train,8113,126dccbe-a798-428b-a0c9-c70b3e098ef0.flac,#dccbe-a#-#b-a#c#-c#b#e#ef#.flac,voicemail,16000,1,11.8238125,FLAC,254432
train,8114,0fe5e94a-5d1e-461c-acb9-74414ba11e01.flac,#fe#e#a-#d#e-#c-acb#-#ba#e#.flac,answering_machine,16000,1,4.3698125,FLAC,78871
train,8115,0193d82a-40be-4722-8f6b-6d1a79652731.flac,#d#a-#be-#-#f#b-#d#a#.flac,ivr,16000,1,2.88,FLAC,60724
train,8116,complete_9723163d-cbd9-431b-a8f8-b928ad0e01df_normalized.flac,complete_#d-cbd#-#b-a#f#-b#ad#e#df_normalized.flac,human,16000,1,6.14,FLAC,99161
train,8117,complete_add60b32-c973-429e-973e-6639a456f95b_normalized.flac,complete_add#b#-c#-#e-#e-#a#f#b_normalized.flac,human,16000,1,3.2596875,FLAC,62868
train,8118,00bb44fc-5ba9-41e8-b8fe-0c70dffda2e8.flac,#bb#fc-#ba#-#e#-b#fe-#c#dffda#e#.flac,ivr,16000,1,5.68,FLAC,113622
train,8119,carrier_en_ivr_00466.wav,carrier_en_ivr_#.wav,ivr,16000,1,10.0,WAV,320044
train,8120,1a3b37ff-0284-4974-8693-26d7519d7161.flac,#a#b#ff-#-#-#-#d#d#.flac,answering_machine,16000,1,2.645375,FLAC,55950
train,8121,153a5f6e-d0af-46ae-a485-e2437022c901.flac,#a#f#e-d#af-#ae-a#-e#c#.flac,answering_machine,16000,1,16.0,FLAC,302255
train,8122,0229962c-f5a6-4d5c-9dd5-9671e4c6b442.flac,#c-f#a#-#d#c-#dd#-#e#c#b#.flac,ivr,16000,1,6.48,FLAC,134582
train,8123,response_13.wav,response_#.wav,human,8000,1,15.36,WAV,122938
train,8124,ivr_00048.wav,ivr_#.wav,ivr,16000,1,10.0,WAV,320044
train,8125,ivr_00123.wav,ivr_#.wav,ivr,16000,1,10.0,WAV,320044
train,8126,am_00341.wav,am_#.wav,answering_machine,16000,1,9.310125,WAV,297968
train,8127,1a3a272e-666f-427a-a97e-7e7fe1d0c378.flac,#a#a#e-#f-#a-a#e-#e#fe#d#c#.flac,voicemail,16000,1,2.8805,FLAC,47772
train,8128,complete_b038fa9118434c199113812a64a0a979.flac,complete_b#fa#c#a#a#a#.flac,human,16000,1,1.372125,FLAC,19055
train,8129,carrier_de_human_00289.wav,carrier_de_human_#.wav,human,16000,1,1.632,WAV,52268
train,8130,1dad9010-3708-4202-a8ef-a3e45766c536.flac,#dad#-#-#-a#ef-a#e#c#.flac,answering_machine,16000,1,8.789375,FLAC,191391
train,8131,02957a44-56ad-448e-bc19-7abe33f8957e.flac,#a#-#ad-#e-bc#-#abe#f#e.flac,ivr,16000,1,5.52,FLAC,119985
train,8132,carrier_en_answering_machine_00516.wav,carrier_en_answering_machine_#.wav,answering_machine,16000,1,9.5110625,WAV,304398
train,8133,am_00013.wav,am_#.wav,answering_machine,16000,1,10.0,WAV,320044
train,8134,incomplete_c02ac9d9-61db-4e5e-81ab-d36056f1989e_normalized.flac,incomplete_c#ac#d#-#db-#e#e-#ab-d#f#e_normalized.flac,human,16000,1,6.784,FLAC,142590
train,8135,0536fcaa-5493-4d4f-8279-b2c3f856962f.flac,#fcaa-#-#d#f-#-b#c#f#f.flac,answering_machine,16000,1,7.168,FLAC,142931
train,8136,es_human_tts_00301.wav,es_human_tts_#.wav,human,16000,1,2.904,WAV,92972
train,8137,incomplete_295e106e-b74e-45d1-a141-88280cb42545_normalized.flac,incomplete_#e#e-b#e-#d#-a#-#cb#_normalized.flac,human,16000,1,5.5955,FLAC,117704
train,8138,08c03f63-59af-440d-9b93-5f49da5698bc.flac,#c#f#-#af-#d-#b#-#f#da#bc.flac,voicemail,16000,1,6.046,FLAC,136093
train,8139,complete_b3e3ac40-1654-4197-a36d-147970f3720e_normalized.flac,complete_b#e#ac#-#-#-a#d-#f#e_normalized.flac,human,16000,1,5.248,FLAC,111315
train,8140,fr_human_tts_00111.wav,fr_human_tts_#.wav,human,16000,1,2.832,WAV,90668
train,8141,response_6.wav,response_#.wav,human,8000,1,10.24,WAV,81978
train,8142,human_real_00158.wav,human_real_#.wav,human,16000,1,9.386625,WAV,300416
train,8143,13efa2e4-ccd6-483d-8e13-a581064ed728.flac,#efa#e#-ccd#-#d-#e#-a#ed#.flac,voicemail,16000,1,10.5101875,FLAC,220887
train,8144,carrier_en_voicemail_00411.wav,carrier_en_voicemail_#.wav,voicemail,16000,1,10.0,WAV,320044
train,8145,0570200e-2cd2-4bda-bf32-1012b0480635.flac,#e-#cd#-#bda-bf#-#b#.flac,answering_machine,16000,1,12.6729375,FLAC,268698
train,8146,ivr_00189.wav,ivr_#.wav,ivr,16000,1,10.0,WAV,320044
train,8147,079821f0-853e-4e77-aa69-86576e395ce1.flac,#f#-#e-#e#-aa#-#e#ce#.flac,voicemail,16000,1,14.1646875,FLAC,283828
train,8148,01eebf0f-b138-460f-8469-d5fca274093a.flac,#eebf#f-b#-#f-#-d#fca#a.flac,ivr,16000,1,5.48,FLAC,109425
train,8149,6026900fdc3604f481bcb8ce.wav,#fdc#f#bcb#ce.wav,human,8000,1,4.922625,WAV,39440
train,8150,04eaa223-c7e7-4cf1-b9d7-60c2d600aeb4.flac,#eaa#-c#e#-#cf#-b#d#-#c#d#aeb#.flac,voicemail,16000,1,1.729875,FLAC,32081
train,8151,voicemail_00122.wav,voicemail_#.wav,voicemail,16000,1,9.0906875,WAV,290946
train,8152,60266660c421a821df7c1771.wav,#c#a#df#c#.wav,human,8000,1,3.413375,WAV,27366
train,8153,03f3e1df-90b6-4656-ae49-61d7b27aea35.flac,#f#e#df-#b#-#-ae#-#d#b#aea#.flac,voicemail,16000,1,12.31325,FLAC,245073
train,8154,1b792d61-2688-432b-958f-e333f6cce378.flac,#b#d#-#-#b-#f-e#f#cce#.flac,answering_machine,16000,1,11.1431875,FLAC,202263
train,8155,0c02e4c2-1617-4aae-99a4-18a12f54d2f5.flac,#c#e#c#-#-#aae-#a#-#a#f#d#f#.flac,answering_machine,16000,1,11.2225,FLAC,213503
train,8156,01bbaa04-e00d-4fa0-943f-1c6c7fa19621.flac,#bbaa#-e#d-#fa#-#f-#c#c#fa#.flac,ivr,16000,1,7.56,FLAC,143901
train,8157,am_00296.wav,am_#.wav,answering_machine,16000,1,9.703625,WAV,310560
train,8158,1c251cc3-f7a6-4c20-b7e4-c06939fd2bb2.flac,#c#cc#-f#a#-#c#-b#e#-c#fd#bb#.flac,answering_machine,16000,1,12.228125,FLAC,221713
train,8159,128c1839-6cf0-4481-a4f4-a99cc749d894.flac,#c#-#cf#-#-a#f#-a#cc#d#.flac,voicemail,16000,1,15.2858125,FLAC,312128
train,8160,0188d14e-3480-49eb-92d6-bd14f486bc1d.flac,#d#e-#-#eb-#d#-bd#f#bc#d.flac,ivr,16000,1,5.44,FLAC,93438
train,8161,02efa3ef-16ff-48f8-85cc-1495bc44ec0e.flac,#efa#ef-#ff-#f#-#cc-#bc#ec#e.flac,ivr,16000,1,5.2,FLAC,91899
train,8162,0befbca9-2012-4f05-9ff8-0780adc5ee78.flac,#befbca#-#-#f#-#ff#-#adc#ee#.flac,answering_machine,16000,1,6.656,FLAC,157657
train,8163,response_9.wav,response_#.wav,human,8000,1,3.328,WAV,26682
train,8164,01ea8946-ba2e-49a9-ac48-2e2142fa51a4.flac,#ea#-ba#e-#a#-ac#-#e#fa#a#.flac,ivr,16000,1,10.16,FLAC,208650
train,8165,voicemail_00219.wav,voicemail_#.wav,voicemail,16000,1,7.5468125,WAV,241542
train,8166,00415988-4b83-475a-956c-470e344f1aa1.flac,#-#b#-#a-#c-#e#f#aa#.flac,ivr,16000,1,4.56,FLAC,98347
train,8167,09c04cfa-658d-425f-8a9b-2c1b71f813e8.flac,#c#cfa-#d-#f-#a#b-#c#b#f#e#.flac,answering_machine,16000,1,3.507125,FLAC,65700
train,8168,ivr_00320.wav,ivr_#.wav,ivr,16000,1,7.752,WAV,248108
train,8169,06bf8337-e559-46c1-8bb6-c97745d2b76b.flac,#bf#-e#-#c#-#bb#-c#d#b#b.flac,voicemail,16000,1,13.981625,FLAC,272179
train,8170,voicemail_00299.wav,voicemail_#.wav,voicemail,16000,1,9.5375625,WAV,305246
train,8171,carrier_en_voicemail_00412.wav,carrier_en_voicemail_#.wav,voicemail,16000,1,10.0,WAV,320044
train,8172,167a1d79-5581-403c-a279-27038c8c59c3.flac,#a#d#-#-#c-a#-#c#c#c#.flac,answering_machine,16000,1,12.522375,FLAC,222262
train,8173,602bae1f963e11ccd901cdf2.wav,#bae#f#e#ccd#cdf#.wav,human,8000,1,8.277375,WAV,66278
train,8174,fr_voicemail_00159.wav,fr_voicemail_#.wav,voicemail,16000,1,7.5320625,WAV,241070
train,8175,036bb046-22d7-4475-a510-0ed773dd8ba0.flac,#bb#-#d#-#-a#-#ed#dd#ba#.flac,voicemail,16000,1,9.976125,FLAC,239220
train,8176,voicemail_00126.wav,voicemail_#.wav,voicemail,16000,1,7.7215,WAV,247132
train,8177,1b4ba0ef-3747-4f2e-aca5-3921f0b3d2d3.flac,#b#ba#ef-#-#f#e-aca#-#f#b#d#d#.flac,answering_machine,16000,1,9.216,FLAC,203683
train,8178,04f0bf40-8eb4-40cb-a158-08a955733c05.flac,#f#bf#-#eb#-#cb-a#-#a#c#.flac,voicemail,16000,1,3.86,FLAC,88491
train,8179,0379a8de-ff2f-4bbc-9ce8-bea0b50b9145.flac,#a#de-ff#f-#bbc-#ce#-bea#b#b#.flac,voicemail,16000,1,2.8056875,FLAC,48553
train,8180,184d486c-9420-4e41-8b34-37ffbf486571.flac,#d#c-#-#e#-#b#-#ffbf#.flac,answering_machine,16000,1,3.045125,FLAC,47425
train,8181,human_real_00096.wav,human_real_#.wav,human,16000,1,4.693375,WAV,150232
train,8182,142302ca-9676-4764-8e09-a76127f3e39a.flac,#ca-#-#-#e#-a#f#e#a.flac,answering_machine,16000,1,12.9293125,FLAC,228707
train,8183,07304468-4a19-422b-a601-5c93880e17d1.flac,#-#a#-#b-a#-#c#e#d#.flac,voicemail,16000,1,10.831875,FLAC,196511
train,8184,02efecad-0a93-47a6-a6f9-5453b2a60661.flac,#efecad-#a#-#a#-a#f#-#b#a#.flac,voicemail,16000,1,3.247,FLAC,75010
train,8185,602baf59963e11ccd901ce3f.wav,#baf#e#ccd#ce#f.wav,human,8000,1,9.301375,WAV,74470
train,8186,053e2d08-8233-429c-9235-07409dfb2ec8.flac,#e#d#-#-#c-#-#dfb#ec#.flac,answering_machine,16000,1,16.0,FLAC,312652
train,8187,complete_92f93c60-1620-4566-9f9d-852695c50c50_normalized.flac,complete_#f#c#-#-#-#f#d-#c#c#_normalized.flac,human,16000,1,3.5306875,FLAC,74425
train,8188,voicemail_00067.wav,voicemail_#.wav,voicemail,16000,1,10.0,WAV,320044
train,8189,02a59b84-9fc0-40b8-89d7-a7ab8ba8e6f9.flac,#a#b#-#fc#-#b#-#d#-a#ab#ba#e#f#.flac,ivr,16000,1,14.0,FLAC,290630
train,8190,0a83cefe-040e-4291-a60e-909ded6c934c.flac,#a#cefe-#e-#-a#e-#ded#c#c.flac,answering_machine,16000,1,7.24,FLAC,144253
train,8191,fr_human_real_00026.wav,fr_human_real_#.wav,human,16000,1,2.986625,WAV,95616
train,8192,incomplete_91cc164e-11aa-41ea-ad1a-bc451ea77f98_normalized.flac,incomplete_#cc#e-#aa-#ea-ad#a-bc#ea#f#_normalized.flac,human,16000,1,4.5033125,FLAC,99193
train,8193,am_00015.wav,am_#.wav,answering_machine,16000,1,8.589,WAV,274892
train,8194,human_tts_00096.wav,human_tts_#.wav,human,16000,1,2.856,WAV,91436
train,8195,00dd4209-0f93-4d48-8100-8c0f46ec1481.flac,#dd#-#f#-#d#-#-#c#f#ec#.flac,ivr,16000,1,8.52,FLAC,167597
train,8196,carrier_en_ivr_00486.wav,carrier_en_ivr_#.wav,ivr,16000,1,10.0,WAV,320044
train,8197,human_real_00047.wav,human_real_#.wav,human,16000,1,5.973375,WAV,191192
train,8198,voicemail_00279.wav,voicemail_#.wav,voicemail,16000,1,7.9934375,WAV,255834
train,8199,1092c53c-5380-4183-b6eb-0c3d3f71ea7d.flac,#c#c-#-#-b#eb-#c#d#f#ea#d.flac,voicemail,16000,1,3.866,FLAC,61483
train,8200,0085cb9c-5a7c-4d28-a66f-8d4d5464b5e8.flac,#cb#c-#a#c-#d#-a#f-#d#d#b#e#.flac,answering_machine,16000,1,12.160875,FLAC,275549
train,8201,voicemail_00046.wav,voicemail_#.wav,voicemail,16000,1,7.0979375,WAV,227178
train,8202,carrier_de_voicemail_00321.wav,carrier_de_voicemail_#.wav,voicemail,16000,1,10.0,WAV,320044
train,8203,fr_ivr_00192.wav,fr_ivr_#.wav,ivr,16000,1,9.216,WAV,294956
train,8204,06084c74-484c-4830-93be-839a402bd4eb.flac,#c#-#c-#-#be-#a#bd#eb.flac,answering_machine,16000,1,8.42025,FLAC,136940
train,8205,1bf79bb2-6605-4aaf-8e3a-3535e037b6fa.flac,#bf#bb#-#-#aaf-#e#a-#e#b#fa.flac,answering_machine,16000,1,4.864,FLAC,107119
train,8206,13f4152f-b0ea-49b1-bf22-12f61633ccf6.flac,#f#f-b#ea-#b#-bf#-#f#ccf#.flac,answering_machine,16000,1,4.749125,FLAC,80273
train,8207,01aa67c0-5c6b-4b31-a946-7bf19cce7711.flac,#aa#c#-#c#b-#b#-a#-#bf#cce#.flac,ivr,16000,1,11.12,FLAC,205059
train,8208,024ddefd-729e-47b0-bdbe-3c1219fc023e.flac,#ddefd-#e-#b#-bdbe-#c#fc#e.flac,ivr,16000,1,9.16,FLAC,188713
train,8209,voicemail_00327.wav,voicemail_#.wav,voicemail,16000,1,10.0,WAV,320044
train,8210,172a8a00-4426-4656-ae5f-7364adb20763.flac,#a#a#-#-#-ae#f-#adb#.flac,answering_machine,16000,1,4.87525,FLAC,97422
train,8211,01eed244-5548-4567-8362-488f2e665368.flac,#eed#-#-#-#-#f#e#.flac,ivr,16000,1,4.2,FLAC,91572
train,8212,voicemail_00362.wav,voicemail_#.wav,voicemail,16000,1,10.0,WAV,320044
train,8213,14046b3c-1726-4d9f-b5d6-902406c9d22a.flac,#b#c-#-#d#f-b#d#-#c#d#a.flac,answering_machine,16000,1,15.817125,FLAC,304894
train,8214,incomplete_62659a1c-ced8-4cc7-84a7-0ed81132e751_normalized.flac,incomplete_#a#c-ced#-#cc#-#a#-#ed#e#_normalized.flac,human,16000,1,3.388125,FLAC,72120
train,8215,083080da-8242-4091-98ea-c2f5f495cf06.flac,#da-#-#-#ea-c#f#f#cf#.flac,answering_machine,16000,1,14.6530625,FLAC,262121
train,8216,am_00084.wav,am_#.wav,answering_machine,16000,1,10.0,WAV,320044
train,8217,130adeaf-b8f5-485b-a141-a1d65f640647.flac,#adeaf-b#f#-#b-a#-a#d#f#.flac,voicemail,16000,1,3.4945625,FLAC,54148
train,8218,026de40a-d106-473b-b228-ef26f5b87182.flac,#de#a-d#-#b-b#-ef#f#b#.flac,ivr,16000,1,3.72,FLAC,85484
train,8219,0804fbd7-8cb6-46af-9770-1baba3b0d66a.flac,#fbd#-#cb#-#af-#-#baba#b#d#a.flac,answering_machine,16000,1,7.57175,FLAC,148371
train,8220,011ca102-c9c9-49b6-b709-e66b8d8ab557.flac,#ca#-c#c#-#b#-b#-e#b#d#ab#.flac,ivr,16000,1,7.56,FLAC,153150
train,8221,complete_3c3ddf29-4fe4-46f3-bc4e-ae0201521d1a_normalized.flac,complete_#c#ddf#-#fe#-#f#-bc#e-ae#d#a_normalized.flac,human,16000,1,4.52,FLAC,73934
train,8222,response_30.wav,response_#.wav,human,8000,1,18.483125,WAV,147924
train,8223,60268f4fc7abb7f832138c1e.wav,#f#fc#abb#f#c#e.wav,human,8000,1,12.117375,WAV,96998
train,8224,am_00055.wav,am_#.wav,answering_machine,16000,1,10.0,WAV,320044
train,8225,004e5b21-c153-423c-a6e2-7c75b31bf2f0.flac,#e#b#-c#-#c-a#e#-#c#b#bf#f#.flac,ivr,16000,1,13.76,FLAC,266335
train,8226,602bae8ebb1e6d0fbce9226f.wav,#bae#ebb#e#d#fbce#f.wav,human,8000,1,5.632,WAV,45114
train,8227,60268c3bc7abb7f83213896c.wav,#c#bc#abb#f#c.wav,human,8000,1,7.082625,WAV,56720
train,8228,fr_human_tts_00090.wav,fr_human_tts_#.wav,human,16000,1,2.928,WAV,93740
train,8229,incomplete_11f2f901-75e5-4927-8c23-b47ed1aa22bd_normalized.flac,incomplete_#f#f#-#e#-#-#c#-b#ed#aa#bd_normalized.flac,human,16000,1,4.865,FLAC,92628
train,8230,de_am_00524.wav,de_am_#.wav,answering_machine,16000,1,10.0,WAV,320044
train,8231,carrier_de_voicemail_00313.wav,carrier_de_voicemail_#.wav,voicemail,16000,1,9.942625,WAV,318208
train,8232,am_00309.wav,am_#.wav,answering_machine,16000,1,8.4405,WAV,270140
train,8233,0fd81c1d-df0f-4d4e-baa2-5b18872a8a94.flac,#fd#c#d-df#f-#d#e-baa#-#b#a#a#.flac,voicemail,16000,1,10.579125,FLAC,219328
train,8234,ivr_00346.wav,ivr_#.wav,ivr,16000,1,10.0,WAV,320044
train,8235,1a8018e8-bdd0-45bd-b3ff-487e662e2a9b.flac,#a#e#-bdd#-#bd-b#ff-#e#e#a#b.flac,voicemail,16000,1,14.7383125,FLAC,260038
train,8236,072df977-9166-40fe-b674-1d7a131653a2.flac,#df#-#-#fe-b#-#d#a#a#.flac,voicemail,16000,1,15.91525,FLAC,301780
train,8237,0297af96-6096-41c0-9c53-e30ba540f551.flac,#af#-#-#c#-#c#-e#ba#f#.flac,ivr,16000,1,6.28,FLAC,133101
train,8238,incomplete_86718ff0-4db2-471c-99fd-09419e71de40_normalized.flac,incomplete_#ff#-#db#-#c-#fd-#e#de#_normalized.flac,human,16000,1,4.38,FLAC,71495
train,8239,ivr_00139.wav,ivr_#.wav,ivr,16000,1,7.272,WAV,232748
train,8240,03055a33-6531-4d63-96bc-674d980259c0.flac,#a#-#-#d#-#bc-#d#c#.flac,ivr,16000,1,3.92,FLAC,80157
train,8241,voicemail_00194.wav,voicemail_#.wav,voicemail,16000,1,9.7189375,WAV,311050
train,8242,0169342b-e6bd-4690-a7cd-0fc3868f2ae9.flac,#b-e#bd-#-a#cd-#fc#f#ae#.flac,ivr,16000,1,12.64,FLAC,275372
train,8243,0179c369-58de-45f0-b09a-d47d3b8ed038.flac,#c#-#de-#f#-b#a-d#d#b#ed#.flac,ivr,16000,1,4.64,FLAC,96894
train,8244,109f45fb-40a6-4db3-980e-84a1b4faf6d4.flac,#f#fb-#a#-#db#-#e-#a#b#faf#d#.flac,voicemail,16000,1,3.2855625,FLAC,63975
train,8245,am_00260.wav,am_#.wav,answering_machine,16000,1,10.0,WAV,320044
train,8246,12c5e67f-ec79-47cf-a006-ba250bb54e0a.flac,#c#e#f-ec#-#cf-a#-ba#bb#e#a.flac,voicemail,16000,1,4.312875,FLAC,78666
train,8247,incomplete_ac0c9c3b-ea56-47bd-b57a-e5245c2fc952_normalized.flac,incomplete_ac#c#c#b-ea#-#bd-b#a-e#c#fc#_normalized.flac,human,16000,1,3.552,FLAC,70077
train,8248,024c93f5-32e6-46d1-8779-b89aae32d3e0.flac,#c#f#-#e#-#d#-#-b#aae#d#e#.flac,ivr,16000,1,12.96,FLAC,258735
train,8249,158f69e6-9ea3-4b40-bcf6-20548c8acf9b.flac,#f#e#-#ea#-#b#-bcf#-#c#acf#b.flac,answering_machine,16000,1,10.711,FLAC,211060
train,8250,00d47f98-0993-4073-95fc-924cc7450543.flac,#d#f#-#-#-#fc-#cc#.flac,ivr,16000,1,3.4,FLAC,67013
train,8251,incomplete_05ecd804-d938-454e-80a9-9a607b6e5ef7_normalized.flac,incomplete_#ecd#-d#-#e-#a#-#a#b#e#ef#_normalized.flac,human,16000,1,6.10125,FLAC,123607
train,8252,016353d1-67a6-4eb2-a4ff-acd320b46c2f.flac,#d#-#a#-#eb#-a#ff-acd#b#c#f.flac,ivr,16000,1,7.72,FLAC,145225
train,8253,human_real_00197.wav,human_real_#.wav,human,16000,1,6.130125,WAV,196208
train,8254,0de9b2af-ab61-4df4-8f5d-5d1b7629dc34.flac,#de#b#af-ab#-#df#-#f#d-#d#b#dc#.flac,voicemail,16000,1,12.6341875,FLAC,247044
train,8255,response_25.wav,response_#.wav,human,8000,1,5.717375,WAV,45798
train,8256,ivr_00284.wav,ivr_#.wav,ivr,16000,1,10.0,WAV,320044
train,8257,02c5a92f-eaef-4044-bd7b-a0eb57294b09.flac,#c#a#f-eaef-#-bd#b-a#eb#b#.flac,ivr,16000,1,8.2,FLAC,145818
train,8258,am_00304.wav,am_#.wav,answering_machine,16000,1,10.0,WAV,320044
train,8259,carrier_en_answering_machine_00492.wav,carrier_en_answering_machine_#.wav,answering_machine,16000,1,10.0,WAV,320044
train,8260,carrier_es_answering_machine_00257.wav,carrier_es_answering_machine_#.wav,answering_machine,16000,1,9.656625,WAV,309056
train,8261,025c123b-6818-473b-b83a-55c7b336fce7.flac,#c#b-#-#b-b#a-#c#b#fce#.flac,ivr,16000,1,2.68,FLAC,61381
train,8262,07fc5333-d732-4b22-a10c-2dd04c3c9892.flac,#fc#-d#-#b#-a#c-#dd#c#c#.flac,voicemail,16000,1,6.891,FLAC,142041
train,8263,09350fe8-a5e2-4f31-8d3a-53ebe03a403c.flac,#fe#-a#e#-#f#-#d#a-#ebe#a#c.flac,voicemail,16000,1,14.540125,FLAC,252629
test,0,human_tts_00046.wav,human_tts_#.wav,human,16000,1,2.52,WAV,80684
test,1,es_ivr_00363.wav,es_ivr_#.wav,ivr,16000,1,10.0,WAV,320044
test,2,ivr_00075.wav,ivr_#.wav,ivr,16000,1,10.0,WAV,320044
test,3,voicemail_00049.wav,voicemail_#.wav,voicemail,16000,1,10.0,WAV,320044
test,4,ivr_00098.wav,ivr_#.wav,ivr,16000,1,10.0,WAV,320044
test,5,ivr_00151.wav,ivr_#.wav,ivr,16000,1,10.0,WAV,320044
test,6,carrier_fr_voicemail_00035.wav,carrier_fr_voicemail_#.wav,voicemail,16000,1,10.0,WAV,320044
test,7,ivr_00319.wav,ivr_#.wav,ivr,16000,1,9.264,WAV,296492
test,8,human_tts_00013.wav,human_tts_#.wav,human,16000,1,3.192,WAV,102188
test,9,carrier_de_voicemail_00323.wav,carrier_de_voicemail_#.wav,voicemail,16000,1,8.8406875,WAV,282946
test,10,ivr_00204.wav,ivr_#.wav,ivr,16000,1,9.8685625,WAV,315838
test,11,am_00340.wav,am_#.wav,answering_machine,16000,1,10.0,WAV,320044
test,12,human_tts_00016.wav,human_tts_#.wav,human,16000,1,1.776,WAV,56876
test,13,am_00359.wav,am_#.wav,answering_machine,16000,1,10.0,WAV,320044
test,14,carrier_de_voicemail_00303.wav,carrier_de_voicemail_#.wav,voicemail,16000,1,9.212875,WAV,294856
test,15,human_real_00170.wav,human_real_#.wav,human,16000,1,10.0,WAV,320044
test,16,carrier_fr_voicemail_00052.wav,carrier_fr_voicemail_#.wav,voicemail,16000,1,10.0,WAV,320044
test,17,carrier_fr_human_00022.wav,carrier_fr_human_#.wav,human,16000,1,1.272,WAV,40748
test,18,am_00219.wav,am_#.wav,answering_machine,16000,1,10.0,WAV,320044
test,19,human_real_00011.wav,human_real_#.wav,human,16000,1,6.997375,WAV,223960
test,20,carrier_fr_human_00014.wav,carrier_fr_human_#.wav,human,16000,1,1.032,WAV,33068
test,21,ivr_00113.wav,ivr_#.wav,ivr,16000,1,10.0,WAV,320044
test,22,voicemail_00139.wav,voicemail_#.wav,voicemail,16000,1,10.0,WAV,320044
test,23,am_00237.wav,am_#.wav,answering_machine,16000,1,10.0,WAV,320044
test,24,am_00366.wav,am_#.wav,answering_machine,16000,1,9.2345625,WAV,295550
test,25,voicemail_00036.wav,voicemail_#.wav,voicemail,16000,1,7.903875,WAV,252968
test,26,carrier_de_human_00295.wav,carrier_de_human_#.wav,human,16000,1,3.072,WAV,98348
test,27,carrier_de_voicemail_00305.wav,carrier_de_voicemail_#.wav,voicemail,16000,1,10.0,WAV,320044
test,28,am_00066.wav,am_#.wav,answering_machine,16000,1,9.8609375,WAV,315594
test,29,carrier_fr_voicemail_00074.wav,carrier_fr_voicemail_#.wav,voicemail,16000,1,10.0,WAV,320044
test,30,ivr_00164.wav,ivr_#.wav,ivr,16000,1,7.56,WAV,241964
test,31,am_00375.wav,am_#.wav,answering_machine,16000,1,9.66775,WAV,309412
test,32,voicemail_00113.wav,voicemail_#.wav,voicemail,16000,1,8.841625,WAV,282976
test,33,carrier_en_human_00397.wav,carrier_en_human_#.wav,human,16000,1,1.824,WAV,58412
test,34,es_ivr_00350.wav,es_ivr_#.wav,ivr,16000,1,9.024,WAV,288812
test,35,carrier_de_voicemail_00314.wav,carrier_de_voicemail_#.wav,voicemail,16000,1,10.0,WAV,320044
test,36,voicemail_00349.wav,voicemail_#.wav,voicemail,16000,1,8.6556875,WAV,277026
test,37,carrier_es_voicemail_00208.wav,carrier_es_voicemail_#.wav,voicemail,16000,1,10.0,WAV,320044
test,38,am_00101.wav,am_#.wav,answering_machine,16000,1,7.6633125,WAV,245270
test,39,human_real_00086.wav,human_real_#.wav,human,16000,1,1.706625,WAV,54656
test,40,ivr_00376.wav,ivr_#.wav,ivr,16000,1,9.72,WAV,311084
test,41,ivr_00343.wav,ivr_#.wav,ivr,16000,1,9.456,WAV,302636
test,42,voicemail_00182.wav,voicemail_#.wav,voicemail,16000,1,10.0,WAV,320044
test,43,es_am_00370.wav,es_am_#.wav,answering_machine,16000,1,9.7878125,WAV,313254
test,44,carrier_en_ivr_00470.wav,carrier_en_ivr_#.wav,ivr,16000,1,10.0,WAV,320044
test,45,am_00116.wav,am_#.wav,answering_machine,16000,1,10.0,WAV,320044
test,46,fr_am_00212.wav,fr_am_#.wav,answering_machine,16000,1,8.1825625,WAV,261886
test,47,carrier_fr_answering_machine_00167.wav,carrier_fr_answering_machine_#.wav,answering_machine,16000,1,9.756375,WAV,312248
test,48,am_00014.wav,am_#.wav,answering_machine,16000,1,10.0,WAV,320044
test,49,ivr_00028.wav,ivr_#.wav,ivr,16000,1,8.256,WAV,264236
test,50,carrier_es_voicemail_00223.wav,carrier_es_voicemail_#.wav,voicemail,16000,1,9.783125,WAV,313104
test,51,human_real_00058.wav,human_real_#.wav,human,16000,1,3.925375,WAV,125656
test,52,ivr_00386.wav,ivr_#.wav,ivr,16000,1,10.0,WAV,320044
test,53,es_ivr_00360.wav,es_ivr_#.wav,ivr,16000,1,10.0,WAV,320044
test,54,am_00049.wav,am_#.wav,answering_machine,16000,1,10.0,WAV,320044
test,55,fr_voicemail_00147.wav,fr_voicemail_#.wav,voicemail,16000,1,9.261,WAV,296396
test,56,human_tts_00117.wav,human_tts_#.wav,human,16000,1,4.08,WAV,130604
test,57,ivr_00345.wav,ivr_#.wav,ivr,16000,1,10.0,WAV,320044
test,58,es_human_real_00269.wav,es_human_real_#.wav,human,16000,1,10.0,WAV,320044
test,59,ivr_00132.wav,ivr_#.wav,ivr,16000,1,10.0,WAV,320044
test,60,fr_ivr_00193.wav,fr_ivr_#.wav,ivr,16000,1,10.0,WAV,320044
test,61,voicemail_00037.wav,voicemail_#.wav,voicemail,16000,1,10.0,WAV,320044
test,62,human_tts_00091.wav,human_tts_#.wav,human,16000,1,0.84,WAV,26924
test,63,ivr_00314.wav,ivr_#.wav,ivr,16000,1,7.944,WAV,254252
test,64,de_ivr_00500.wav,de_ivr_#.wav,ivr,16000,1,10.0,WAV,320044
test,65,es_human_real_00263.wav,es_human_real_#.wav,human,16000,1,9.6595,WAV,309148
test,66,ivr_00050.wav,ivr_#.wav,ivr,16000,1,10.0,WAV,320044
test,67,de_voicemail_00482.wav,de_voicemail_#.wav,voicemail,16000,1,10.0,WAV,320044
test,68,voicemail_00022.wav,voicemail_#.wav,voicemail,16000,1,7.959875,WAV,254760
test,69,carrier_fr_human_00013.wav,carrier_fr_human_#.wav,human,16000,1,3.888,WAV,124460
test,70,es_human_tts_00306.wav,es_human_tts_#.wav,human,16000,1,2.112,WAV,67628
test,71,human_real_00000.wav,human_real_#.wav,human,16000,1,10.0,WAV,320044
test,72,am_00235.wav,am_#.wav,answering_machine,16000,1,10.0,WAV,320044
test,73,carrier_es_voicemail_00215.wav,carrier_es_voicemail_#.wav,voicemail,16000,1,8.5063125,WAV,272246
test,74,carrier_en_voicemail_00458.wav,carrier_en_voicemail_#.wav,voicemail,16000,1,10.0,WAV,320044
test,75,human_real_00051.wav,human_real_#.wav,human,16000,1,9.301375,WAV,297688
test,76,ivr_00017.wav,ivr_#.wav,ivr,16000,1,9.504,WAV,304172
test,77,am_00230.wav,am_#.wav,answering_machine,16000,1,9.58225,WAV,306676
test,78,human_tts_00103.wav,human_tts_#.wav,human,16000,1,2.88,WAV,92204
test,79,ivr_00183.wav,ivr_#.wav,ivr,16000,1,10.0,WAV,320044
test,80,am_00232.wav,am_#.wav,answering_machine,16000,1,8.0469375,WAV,257546
test,81,fr_human_real_00053.wav,fr_human_real_#.wav,human,16000,1,9.216,WAV,294956
test,82,ivr_00116.wav,ivr_#.wav,ivr,16000,1,10.0,WAV,320044
test,83,de_human_real_00429.wav,de_human_real_#.wav,human,16000,1,4.010625,WAV,128384
test,84,human_tts_00082.wav,human_tts_#.wav,human,16000,1,2.592,WAV,82988
test,85,human_tts_00020.wav,human_tts_#.wav,human,16000,1,3.552,WAV,113708
test,86,human_tts_00026.wav,human_tts_#.wav,human,16000,1,2.928,WAV,93740
test,87,voicemail_00057.wav,voicemail_#.wav,voicemail,16000,1,10.0,WAV,320044
test,88,carrier_es_human_00175.wav,carrier_es_human_#.wav,human,16000,1,3.552,WAV,113708
test,89,voicemail_00347.wav,voicemail_#.wav,voicemail,16000,1,9.5735625,WAV,306398
test,90,carrier_es_ivr_00234.wav,carrier_es_ivr_#.wav,ivr,16000,1,6.84,WAV,218924
test,91,ivr_00096.wav,ivr_#.wav,ivr,16000,1,9.336,WAV,298796
test,92,am_00365.wav,am_#.wav,answering_machine,16000,1,10.0,WAV,320044
test,93,voicemail_00382.wav,voicemail_#.wav,voicemail,16000,1,10.0,WAV,320044
test,94,carrier_fr_voicemail_00069.wav,carrier_fr_voicemail_#.wav,voicemail,16000,1,9.170625,WAV,293504
test,95,am_00265.wav,am_#.wav,answering_machine,16000,1,9.425875,WAV,301672
test,96,voicemail_00287.wav,voicemail_#.wav,voicemail,16000,1,10.0,WAV,320044
test,97,am_00349.wav,am_#.wav,answering_machine,16000,1,10.0,WAV,320044
test,98,voicemail_00102.wav,voicemail_#.wav,voicemail,16000,1,8.7071875,WAV,278674
test,99,human_real_00077.wav,human_real_#.wav,human,16000,1,2.730625,WAV,87424
test,100,voicemail_00189.wav,voicemail_#.wav,voicemail,16000,1,10.0,WAV,320044
test,101,ivr_00152.wav,ivr_#.wav,ivr,16000,1,10.0,WAV,320044
test,102,carrier_de_ivr_00349.wav,carrier_de_ivr_#.wav,ivr,16000,1,9.314,WAV,298092
test,103,fr_ivr_00172.wav,fr_ivr_#.wav,ivr,16000,1,9.24,WAV,295724
test,104,fr_voicemail_00125.wav,fr_voicemail_#.wav,voicemail,16000,1,8.9286875,WAV,285762
test,105,carrier_de_answering_machine_00386.wav,carrier_de_answering_machine_#.wav,answering_machine,16000,1,7.220625,WAV,231104
test,106,ivr_00359.wav,ivr_#.wav,ivr,16000,1,8.256,WAV,264236
test,107,carrier_en_ivr_00463.wav,carrier_en_ivr_#.wav,ivr,16000,1,10.0,WAV,320044
test,108,voicemail_00151.wav,voicemail_#.wav,voicemail,16000,1,10.0,WAV,320044
test,109,de_voicemail_00476.wav,de_voicemail_#.wav,voicemail,16000,1,9.6550625,WAV,309006
test,110,carrier_es_voicemail_00206.wav,carrier_es_voicemail_#.wav,voicemail,16000,1,10.0,WAV,320044
test,111,ivr_00309.wav,ivr_#.wav,ivr,16000,1,9.478375,WAV,303352
test,112,es_am_00376.wav,es_am_#.wav,answering_machine,16000,1,8.4558125,WAV,270630
test,113,carrier_es_voicemail_00213.wav,carrier_es_voicemail_#.wav,voicemail,16000,1,10.0,WAV,320044
test,114,ivr_00027.wav,ivr_#.wav,ivr,16000,1,10.0,WAV,320044
test,115,am_00261.wav,am_#.wav,answering_machine,16000,1,9.61325,WAV,307668
test,116,carrier_de_ivr_00342.wav,carrier_de_ivr_#.wav,ivr,16000,1,10.0,WAV,320044
test,117,carrier_fr_voicemail_00040.wav,carrier_fr_voicemail_#.wav,voicemail,16000,1,10.0,WAV,320044
test,118,carrier_fr_human_00012.wav,carrier_fr_human_#.wav,human,16000,1,3.048,WAV,97580
test,119,human_real_00119.wav,human_real_#.wav,human,16000,1,4.864,WAV,155692
test,120,de_human_real_00439.wav,de_human_real_#.wav,human,16000,1,10.0,WAV,320044
test,121,voicemail_00132.wav,voicemail_#.wav,voicemail,16000,1,10.0,WAV,320044
test,122,ivr_00396.wav,ivr_#.wav,ivr,16000,1,9.6,WAV,307244
test,123,am_00248.wav,am_#.wav,answering_machine,16000,1,9.7818125,WAV,313062
test,124,fr_voicemail_00127.wav,fr_voicemail_#.wav,voicemail,16000,1,7.577,WAV,242508
test,125,fr_human_real_00034.wav,fr_human_real_#.wav,human,16000,1,4.181375,WAV,133848
test,126,carrier_es_answering_machine_00269.wav,carrier_es_answering_machine_#.wav,answering_machine,16000,1,8.9283125,WAV,285750
test,127,human_real_00137.wav,human_real_#.wav,human,16000,1,2.901375,WAV,92888
test,128,ivr_00021.wav,ivr_#.wav,ivr,16000,1,10.0,WAV,320044
test,129,voicemail_00080.wav,voicemail_#.wav,voicemail,16000,1,7.6824375,WAV,245882
test,130,human_tts_00104.wav,human_tts_#.wav,human,16000,1,2.016,WAV,64556
test,131,voicemail_00010.wav,voicemail_#.wav,voicemail,16000,1,10.0,WAV,320044
test,132,de_am_00540.wav,de_am_#.wav,answering_machine,16000,1,9.5829375,WAV,306698
test,133,carrier_fr_ivr_00126.wav,carrier_fr_ivr_#.wav,ivr,16000,1,10.0,WAV,320044
test,134,ivr_00292.wav,ivr_#.wav,ivr,16000,1,8.952,WAV,286508
test,135,carrier_de_answering_machine_00374.wav,carrier_de_answering_machine_#.wav,answering_machine,16000,1,9.606375,WAV,307448
test,136,carrier_de_answering_machine_00372.wav,carrier_de_answering_machine_#.wav,answering_machine,16000,1,9.887625,WAV,316448
test,137,am_00010.wav,am_#.wav,answering_machine,16000,1,10.0,WAV,320044
test,138,ivr_00313.wav,ivr_#.wav,ivr,16000,1,9.0,WAV,288044
test,139,carrier_fr_human_00019.wav,carrier_fr_human_#.wav,human,16000,1,1.464,WAV,46892
test,140,voicemail_00239.wav,voicemail_#.wav,voicemail,16000,1,10.0,WAV,320044
test,141,es_human_real_00287.wav,es_human_real_#.wav,human,16000,1,4.949375,WAV,158424
test,142,es_human_tts_00302.wav,es_human_tts_#.wav,human,16000,1,3.552,WAV,113708
test,143,carrier_es_voicemail_00220.wav,carrier_es_voicemail_#.wav,voicemail,16000,1,8.4579375,WAV,270698
test,144,fr_ivr_00182.wav,fr_ivr_#.wav,ivr,16000,1,8.88,WAV,284204
test,145,de_human_real_00401.wav,de_human_real_#.wav,human,16000,1,7.12,WAV,227884
test,146,ivr_00018.wav,ivr_#.wav,ivr,16000,1,10.0,WAV,320044
test,147,am_00246.wav,am_#.wav,answering_machine,16000,1,10.0,WAV,320044
test,148,ivr_00100.wav,ivr_#.wav,ivr,16000,1,9.936,WAV,317996
test,149,human_real_00019.wav,human_real_#.wav,human,16000,1,7.424,WAV,237612
test,150,fr_human_tts_00102.wav,fr_human_tts_#.wav,human,16000,1,2.808,WAV,89900
test,151,ivr_00267.wav,ivr_#.wav,ivr,16000,1,10.0,WAV,320044
test,152,human_real_00067.wav,human_real_#.wav,human,16000,1,3.498625,WAV,112000
test,153,voicemail_00155.wav,voicemail_#.wav,voicemail,16000,1,8.2018125,WAV,262502
test,154,human_tts_00009.wav,human_tts_#.wav,human,16000,1,1.848,WAV,59180
test,155,fr_human_tts_00087.wav,fr_human_tts_#.wav,human,16000,1,2.784,WAV,89132
test,156,fr_human_tts_00083.wav,fr_human_tts_#.wav,human,16000,1,2.52,WAV,80684
test,157,es_voicemail_00339.wav,es_voicemail_#.wav,voicemail,16000,1,8.6665,WAV,277372
test,158,carrier_fr_answering_machine_00169.wav,carrier_fr_answering_machine_#.wav,answering_machine,16000,1,10.0,WAV,320044
test,159,carrier_fr_ivr_00099.wav,carrier_fr_ivr_#.wav,ivr,16000,1,10.0,WAV,320044
test,160,fr_human_tts_00117.wav,fr_human_tts_#.wav,human,16000,1,2.256,WAV,72236
test,161,de_am_00530.wav,de_am_#.wav,answering_machine,16000,1,9.1461875,WAV,292722
test,162,am_00123.wav,am_#.wav,answering_machine,16000,1,10.0,WAV,320044
test,163,voicemail_00226.wav,voicemail_#.wav,voicemail,16000,1,8.0198125,WAV,256678
test,164,carrier_fr_voicemail_00075.wav,carrier_fr_voicemail_#.wav,voicemail,16000,1,10.0,WAV,320044
test,165,human_tts_00061.wav,human_tts_#.wav,human,16000,1,2.832,WAV,90668
test,166,carrier_en_voicemail_00450.wav,carrier_en_voicemail_#.wav,voicemail,16000,1,9.9864375,WAV,319610
test,167,es_human_real_00276.wav,es_human_real_#.wav,human,16000,1,6.741375,WAV,215768
test,168,am_00175.wav,am_#.wav,answering_machine,16000,1,7.7429375,WAV,247818
test,169,voicemail_00184.wav,voicemail_#.wav,voicemail,16000,1,8.2339375,WAV,263530
test,170,am_00157.wav,am_#.wav,answering_machine,16000,1,8.8259375,WAV,282474
test,171,ivr_00165.wav,ivr_#.wav,ivr,16000,1,10.0,WAV,320044
test,172,carrier_es_answering_machine_00273.wav,carrier_es_answering_machine_#.wav,answering_machine,16000,1,10.0,WAV,320044
test,173,am_00060.wav,am_#.wav,answering_machine,16000,1,10.0,WAV,320044
test,174,human_real_00134.wav,human_real_#.wav,human,16000,1,10.0,WAV,320044
test,175,de_ivr_00519.wav,de_ivr_#.wav,ivr,16000,1,10.0,WAV,320044
test,176,am_00332.wav,am_#.wav,answering_machine,16000,1,9.385375,WAV,300376
test,177,voicemail_00260.wav,voicemail_#.wav,voicemail,16000,1,9.5651875,WAV,306130
test,178,ivr_00307.wav,ivr_#.wav,ivr,16000,1,7.752,WAV,248108
test,179,human_tts_00095.wav,human_tts_#.wav,human,16000,1,1.848,WAV,59180
test,180,carrier_fr_answering_machine_00131.wav,carrier_fr_answering_machine_#.wav,answering_machine,16000,1,8.6466875,WAV,276738
test,181,voicemail_00027.wav,voicemail_#.wav,voicemail,16000,1,10.0,WAV,320044
test,182,human_real_00114.wav,human_real_#.wav,human,16000,1,6.144,WAV,196652
test,183,carrier_en_voicemail_00417.wav,carrier_en_voicemail_#.wav,voicemail,16000,1,10.0,WAV,320044
test,184,carrier_en_ivr_00469.wav,carrier_en_ivr_#.wav,ivr,16000,1,9.504,WAV,304172
test,185,de_human_real_00416.wav,de_human_real_#.wav,human,16000,1,10.0,WAV,320044
test,186,voicemail_00390.wav,voicemail_#.wav,voicemail,16000,1,8.075875,WAV,258472
test,187,human_real_00126.wav,human_real_#.wav,human,16000,1,10.0,WAV,320044
test,188,human_real_00184.wav,human_real_#.wav,human,16000,1,6.741375,WAV,215768
test,189,voicemail_00364.wav,voicemail_#.wav,voicemail,16000,1,8.272875,WAV,264776
test,190,human_tts_00160.wav,human_tts_#.wav,human,16000,1,1.392,WAV,44588
test,191,voicemail_00334.wav,voicemail_#.wav,voicemail,16000,1,9.606125,WAV,307440
test,192,fr_voicemail_00155.wav,fr_voicemail_#.wav,voicemail,16000,1,9.49525,WAV,303892
test,193,voicemail_00305.wav,voicemail_#.wav,voicemail,16000,1,10.0,WAV,320044
test,194,voicemail_00328.wav,voicemail_#.wav,voicemail,16000,1,8.1944375,WAV,262266
test,195,voicemail_00264.wav,voicemail_#.wav,voicemail,16000,1,8.9596875,WAV,286754
test,196,de_human_tts_00465.wav,de_human_tts_#.wav,human,16000,1,2.616,WAV,83756
test,197,am_00216.wav,am_#.wav,answering_machine,16000,1,10.0,WAV,320044
test,198,voicemail_00288.wav,voicemail_#.wav,voicemail,16000,1,8.851375,WAV,283288
test,199,human_tts_00175.wav,human_tts_#.wav,human,16000,1,1.944,WAV,62252
test,200,carrier_es_voicemail_00221.wav,carrier_es_voicemail_#.wav,voicemail,16000,1,8.533125,WAV,273104
test,201,carrier_fr_ivr_00105.wav,carrier_fr_ivr_#.wav,ivr,16000,1,10.0,WAV,320044
test,202,voicemail_00047.wav,voicemail_#.wav,voicemail,16000,1,10.0,WAV,320044
test,203,ivr_00288.wav,ivr_#.wav,ivr,16000,1,9.552,WAV,305708
test,204,carrier_en_answering_machine_00519.wav,carrier_en_answering_machine_#.wav,answering_machine,16000,1,9.8669375,WAV,315786
test,205,ivr_00181.wav,ivr_#.wav,ivr,16000,1,9.864,WAV,315692
test,206,voicemail_00188.wav,voicemail_#.wav,voicemail,16000,1,8.361,WAV,267596
test,207,am_00097.wav,am_#.wav,answering_machine,16000,1,9.54675,WAV,305540
test,208,carrier_es_human_00176.wav,carrier_es_human_#.wav,human,16000,1,2.136,WAV,68396
test,209,de_human_real_00440.wav,de_human_real_#.wav,human,16000,1,10.0,WAV,320044
test,210,de_human_real_00444.wav,de_human_real_#.wav,human,16000,1,10.0,WAV,320044
test,211,voicemail_00228.wav,voicemail_#.wav,voicemail,16000,1,8.0735,WAV,258396
test,212,am_00274.wav,am_#.wav,answering_machine,16000,1,10.0,WAV,320044
test,213,voicemail_00391.wav,voicemail_#.wav,voicemail,16000,1,10.0,WAV,320044
test,214,carrier_es_answering_machine_00256.wav,carrier_es_answering_machine_#.wav,answering_machine,16000,1,10.0,WAV,320044
test,215,fr_voicemail_00154.wav,fr_voicemail_#.wav,voicemail,16000,1,8.8588125,WAV,283526
test,216,fr_human_real_00017.wav,fr_human_real_#.wav,human,16000,1,6.570625,WAV,210304
test,217,carrier_de_ivr_00357.wav,carrier_de_ivr_#.wav,ivr,16000,1,10.0,WAV,320044
test,218,human_tts_00011.wav,human_tts_#.wav,human,16000,1,2.376,WAV,76076
test,219,human_tts_00088.wav,human_tts_#.wav,human,16000,1,2.448,WAV,78380
test,220,carrier_fr_answering_machine_00140.wav,carrier_fr_answering_machine_#.wav,answering_machine,16000,1,9.5994375,WAV,307226
test,221,es_am_00372.wav,es_am_#.wav,answering_machine,16000,1,8.2005,WAV,262460
test,222,carrier_fr_answering_machine_00132.wav,carrier_fr_answering_machine_#.wav,answering_machine,16000,1,10.0,WAV,320044
test,223,voicemail_00141.wav,voicemail_#.wav,voicemail,16000,1,10.0,WAV,320044
test,224,carrier_en_answering_machine_00506.wav,carrier_en_answering_machine_#.wav,answering_machine,16000,1,9.1933125,WAV,294230
test,225,am_00368.wav,am_#.wav,answering_machine,16000,1,8.77575,WAV,280868
test,226,voicemail_00368.wav,voicemail_#.wav,voicemail,16000,1,10.0,WAV,320044
test,227,voicemail_00294.wav,voicemail_#.wav,voicemail,16000,1,10.0,WAV,320044
test,228,fr_am_00242.wav,fr_am_#.wav,answering_machine,16000,1,9.4945,WAV,303868
test,229,voicemail_00170.wav,voicemail_#.wav,voicemail,16000,1,10.0,WAV,320044
test,230,human_tts_00185.wav,human_tts_#.wav,human,16000,1,2.856,WAV,91436
test,231,fr_human_tts_00082.wav,fr_human_tts_#.wav,human,16000,1,2.592,WAV,82988
test,232,ivr_00166.wav,ivr_#.wav,ivr,16000,1,10.0,WAV,320044
test,233,de_human_tts_00457.wav,de_human_tts_#.wav,human,16000,1,2.088,WAV,66860
test,234,ivr_00163.wav,ivr_#.wav,ivr,16000,1,9.192,WAV,294188
test,235,am_00203.wav,am_#.wav,answering_machine,16000,1,10.0,WAV,320044
test,236,am_00313.wav,am_#.wav,answering_machine,16000,1,10.0,WAV,320044
test,237,human_tts_00173.wav,human_tts_#.wav,human,16000,1,0.792,WAV,25388
test,238,am_00353.wav,am_#.wav,answering_machine,16000,1,8.6764375,WAV,277690
test,239,carrier_de_human_00296.wav,carrier_de_human_#.wav,human,16000,1,2.52,WAV,80684
test,240,fr_am_00233.wav,fr_am_#.wav,answering_machine,16000,1,9.2433125,WAV,295830
test,241,voicemail_00300.wav,voicemail_#.wav,voicemail,16000,1,10.0,WAV,320044
test,242,am_00326.wav,am_#.wav,answering_machine,16000,1,8.900375,WAV,284856
test,243,human_real_00139.wav,human_real_#.wav,human,16000,1,4.778625,WAV,152960
test,244,ivr_00137.wav,ivr_#.wav,ivr,16000,1,10.0,WAV,320044
test,245,am_00378.wav,am_#.wav,answering_machine,16000,1,10.0,WAV,320044
test,246,am_00262.wav,am_#.wav,answering_machine,16000,1,9.1384375,WAV,292474
test,247,am_00370.wav,am_#.wav,answering_machine,16000,1,10.0,WAV,320044
test,248,carrier_en_voicemail_00440.wav,carrier_en_voicemail_#.wav,voicemail,16000,1,10.0,WAV,320044
test,249,carrier_en_voicemail_00435.wav,carrier_en_voicemail_#.wav,voicemail,16000,1,10.0,WAV,320044
test,250,human_real_00178.wav,human_real_#.wav,human,16000,1,6.656,WAV,213036
test,251,fr_ivr_00188.wav,fr_ivr_#.wav,ivr,16000,1,9.002,WAV,288108
test,252,fr_human_tts_00095.wav,fr_human_tts_#.wav,human,16000,1,4.056,WAV,129836
test,253,fr_human_real_00035.wav,fr_human_real_#.wav,human,16000,1,4.352,WAV,139308
test,254,fr_am_00226.wav,fr_am_#.wav,answering_machine,16000,1,9.9396875,WAV,318114
test,255,carrier_es_voicemail_00217.wav,carrier_es_voicemail_#.wav,voicemail,16000,1,10.0,WAV,320044
test,256,am_00241.wav,am_#.wav,answering_machine,16000,1,9.91425,WAV,317300
test,257,human_real_00147.wav,human_real_#.wav,human,16000,1,10.0,WAV,320044
test,258,am_00267.wav,am_#.wav,answering_machine,16000,1,9.3961875,WAV,300722
test,259,carrier_fr_ivr_00117.wav,carrier_fr_ivr_#.wav,ivr,16000,1,6.768,WAV,216620
test,260,fr_am_00216.wav,fr_am_#.wav,answering_machine,16000,1,7.879375,WAV,252184
test,261,ivr_00390.wav,ivr_#.wav,ivr,16000,1,9.336,WAV,298796
test,262,human_tts_00125.wav,human_tts_#.wav,human,16000,1,1.896,WAV,60716
test,263,am_00190.wav,am_#.wav,answering_machine,16000,1,9.6495,WAV,308828
test,264,voicemail_00008.wav,voicemail_#.wav,voicemail,16000,1,9.7691875,WAV,312658
test,265,am_00284.wav,am_#.wav,answering_machine,16000,1,7.9859375,WAV,255594
test,266,human_real_00166.wav,human_real_#.wav,human,16000,1,10.0,WAV,320044
test,267,am_00201.wav,am_#.wav,answering_machine,16000,1,10.0,WAV,320044
test,268,voicemail_00098.wav,voicemail_#.wav,voicemail,16000,1,10.0,WAV,320044
test,269,es_human_tts_00315.wav,es_human_tts_#.wav,human,16000,1,2.112,WAV,67628
test,270,ivr_00162.wav,ivr_#.wav,ivr,16000,1,10.0,WAV,320044
test,271,fr_am_00209.wav,fr_am_#.wav,answering_machine,16000,1,7.8698125,WAV,251878
test,272,voicemail_00374.wav,voicemail_#.wav,voicemail,16000,1,7.6798125,WAV,245798
test,273,de_voicemail_00489.wav,de_voicemail_#.wav,voicemail,16000,1,10.0,WAV,320044
test,274,carrier_de_ivr_00341.wav,carrier_de_ivr_#.wav,ivr,16000,1,10.0,WAV,320044
test,275,human_real_00001.wav,human_real_#.wav,human,16000,1,6.656,WAV,213036
test,276,carrier_en_answering_machine_00513.wav,carrier_en_answering_machine_#.wav,answering_machine,16000,1,8.5070625,WAV,272270
test,277,de_human_real_00442.wav,de_human_real_#.wav,human,16000,1,10.0,WAV,320044
test,278,fr_human_real_00031.wav,fr_human_real_#.wav,human,16000,1,4.010625,WAV,128384
test,279,carrier_de_answering_machine_00375.wav,carrier_de_answering_machine_#.wav,answering_machine,16000,1,9.0489375,WAV,289610
test,280,carrier_de_human_00283.wav,carrier_de_human_#.wav,human,16000,1,2.544,WAV,81452
test,281,voicemail_00198.wav,voicemail_#.wav,voicemail,16000,1,8.8605625,WAV,283582
test,282,fr_ivr_00177.wav,fr_ivr_#.wav,ivr,16000,1,7.92,WAV,253484
test,283,carrier_fr_answering_machine_00162.wav,carrier_fr_answering_machine_#.wav,answering_machine,16000,1,10.0,WAV,320044
test,284,ivr_00054.wav,ivr_#.wav,ivr,16000,1,10.0,WAV,320044
test,285,carrier_fr_answering_machine_00135.wav,carrier_fr_answering_machine_#.wav,answering_machine,16000,1,10.0,WAV,320044
test,286,carrier_de_voicemail_00319.wav,carrier_de_voicemail_#.wav,voicemail,16000,1,10.0,WAV,320044
test,287,de_human_real_00418.wav,de_human_real_#.wav,human,16000,1,10.0,WAV,320044
test,288,fr_human_real_00006.wav,fr_human_real_#.wav,human,16000,1,5.546625,WAV,177536
test,289,fr_human_tts_00120.wav,fr_human_tts_#.wav,human,16000,1,2.256,WAV,72236
test,290,ivr_00248.wav,ivr_#.wav,ivr,16000,1,9.27525,WAV,296852
test,291,fr_ivr_00185.wav,fr_ivr_#.wav,ivr,16000,1,10.0,WAV,320044
test,292,fr_human_real_00024.wav,fr_human_real_#.wav,human,16000,1,10.0,WAV,320044
test,293,fr_human_tts_00121.wav,fr_human_tts_#.wav,human,16000,1,3.912,WAV,125228
test,294,voicemail_00029.wav,voicemail_#.wav,voicemail,16000,1,9.19,WAV,294124
test,295,ivr_00271.wav,ivr_#.wav,ivr,16000,1,9.576,WAV,306476
test,296,ivr_00263.wav,ivr_#.wav,ivr,16000,1,10.0,WAV,320044
test,297,voicemail_00066.wav,voicemail_#.wav,voicemail,16000,1,8.7264375,WAV,279290
test,298,ivr_00101.wav,ivr_#.wav,ivr,16000,1,9.984,WAV,319532
test,299,human_tts_00007.wav,human_tts_#.wav,human,16000,1,2.52,WAV,80684
test,300,human_tts_00106.wav,human_tts_#.wav,human,16000,1,2.736,WAV,87596
test,301,voicemail_00314.wav,voicemail_#.wav,voicemail,16000,1,7.9885625,WAV,255678
test,302,fr_ivr_00173.wav,fr_ivr_#.wav,ivr,16000,1,9.096,WAV,291116
test,303,ivr_00301.wav,ivr_#.wav,ivr,16000,1,10.0,WAV,320044
test,304,voicemail_00121.wav,voicemail_#.wav,voicemail,16000,1,10.0,WAV,320044
test,305,am_00148.wav,am_#.wav,answering_machine,16000,1,10.0,WAV,320044
test,306,carrier_de_human_00294.wav,carrier_de_human_#.wav,human,16000,1,1.632,WAV,52268
test,307,ivr_00184.wav,ivr_#.wav,ivr,16000,1,10.0,WAV,320044
test,308,am_00276.wav,am_#.wav,answering_machine,16000,1,10.0,WAV,320044
test,309,ivr_00084.wav,ivr_#.wav,ivr,16000,1,10.0,WAV,320044
test,310,ivr_00031.wav,ivr_#.wav,ivr,16000,1,10.0,WAV,320044
test,311,ivr_00246.wav,ivr_#.wav,ivr,16000,1,10.0,WAV,320044
test,312,carrier_es_ivr_00232.wav,carrier_es_ivr_#.wav,ivr,16000,1,8.09,WAV,258924
test,313,voicemail_00354.wav,voicemail_#.wav,voicemail,16000,1,9.882875,WAV,316296
test,314,carrier_fr_answering_machine_00151.wav,carrier_fr_answering_machine_#.wav,answering_machine,16000,1,10.0,WAV,320044
test,315,am_00019.wav,am_#.wav,answering_machine,16000,1,8.7066875,WAV,278658
test,316,am_00112.wav,am_#.wav,answering_machine,16000,1,10.0,WAV,320044
test,317,carrier_fr_ivr_00122.wav,carrier_fr_ivr_#.wav,ivr,16000,1,10.0,WAV,320044
test,318,am_00151.wav,am_#.wav,answering_machine,16000,1,10.0,WAV,320044
test,319,am_00346.wav,am_#.wav,answering_machine,16000,1,9.94925,WAV,318420
test,320,carrier_es_human_00187.wav,carrier_es_human_#.wav,human,16000,1,3.552,WAV,113708
test,321,ivr_00312.wav,ivr_#.wav,ivr,16000,1,9.408,WAV,301100
test,322,carrier_es_voicemail_00203.wav,carrier_es_voicemail_#.wav,voicemail,16000,1,9.0856875,WAV,290786
test,323,human_tts_00078.wav,human_tts_#.wav,human,16000,1,2.736,WAV,87596
test,324,fr_am_00224.wav,fr_am_#.wav,answering_machine,16000,1,10.0,WAV,320044
test,325,am_00325.wav,am_#.wav,answering_machine,16000,1,10.0,WAV,320044
test,326,carrier_fr_ivr_00100.wav,carrier_fr_ivr_#.wav,ivr,16000,1,10.0,WAV,320044
test,327,ivr_00127.wav,ivr_#.wav,ivr,16000,1,8.736,WAV,279596
test,328,voicemail_00249.wav,voicemail_#.wav,voicemail,16000,1,9.114125,WAV,291696
test,329,am_00168.wav,am_#.wav,answering_machine,16000,1,10.0,WAV,320044
test,330,am_00373.wav,am_#.wav,answering_machine,16000,1,8.2041875,WAV,262578
test,331,carrier_es_ivr_00252.wav,carrier_es_ivr_#.wav,ivr,16000,1,10.0,WAV,320044
test,332,voicemail_00236.wav,voicemail_#.wav,voicemail,16000,1,8.970375,WAV,287096
test,333,human_real_00028.wav,human_real_#.wav,human,16000,1,10.0,WAV,320044
test,334,voicemail_00115.wav,voicemail_#.wav,voicemail,16000,1,10.0,WAV,320044
test,335,fr_voicemail_00128.wav,fr_voicemail_#.wav,voicemail,16000,1,10.0,WAV,320044
test,336,human_real_00140.wav,human_real_#.wav,human,16000,1,3.413375,WAV,109272
test,337,am_00048.wav,am_#.wav,answering_machine,16000,1,10.0,WAV,320044
test,338,fr_human_real_00045.wav,fr_human_real_#.wav,human,16000,1,10.0,WAV,320044
test,339,voicemail_00131.wav,voicemail_#.wav,voicemail,16000,1,10.0,WAV,320044
test,340,human_tts_00195.wav,human_tts_#.wav,human,16000,1,2.568,WAV,82220
test,341,am_00044.wav,am_#.wav,answering_machine,16000,1,10.0,WAV,320044
test,342,ivr_00302.wav,ivr_#.wav,ivr,16000,1,7.656,WAV,245036
test,343,fr_human_tts_00112.wav,fr_human_tts_#.wav,human,16000,1,3.456,WAV,110636
test,344,es_human_real_00273.wav,es_human_real_#.wav,human,16000,1,4.096,WAV,131116
test,345,fr_voicemail_00163.wav,fr_voicemail_#.wav,voicemail,16000,1,9.1329375,WAV,292298
test,346,carrier_de_voicemail_00310.wav,carrier_de_voicemail_#.wav,voicemail,16000,1,10.0,WAV,320044
test,347,am_00100.wav,am_#.wav,answering_machine,16000,1,10.0,WAV,320044
test,348,ivr_00019.wav,ivr_#.wav,ivr,16000,1,10.0,WAV,320044
test,349,carrier_fr_ivr_00111.wav,carrier_fr_ivr_#.wav,ivr,16000,1,6.768,WAV,216620
test,350,am_00354.wav,am_#.wav,answering_machine,16000,1,10.0,WAV,320044
test,351,am_00163.wav,am_#.wav,answering_machine,16000,1,10.0,WAV,320044
test,352,voicemail_00270.wav,voicemail_#.wav,voicemail,16000,1,9.8444375,WAV,315066
test,353,de_voicemail_00474.wav,de_voicemail_#.wav,voicemail,16000,1,10.0,WAV,320044
test,354,es_human_real_00247.wav,es_human_real_#.wav,human,16000,1,10.0,WAV,320044
test,355,carrier_fr_voicemail_00043.wav,carrier_fr_voicemail_#.wav,voicemail,16000,1,9.63375,WAV,308324
test,356,ivr_00266.wav,ivr_#.wav,ivr,16000,1,9.648,WAV,308780
test,357,human_tts_00120.wav,human_tts_#.wav,human,16000,1,2.448,WAV,78380
test,358,ivr_00360.wav,ivr_#.wav,ivr,16000,1,10.0,WAV,320044
test,359,ivr_00099.wav,ivr_#.wav,ivr,16000,1,10.0,WAV,320044
test,360,ivr_00321.wav,ivr_#.wav,ivr,16000,1,10.0,WAV,320044
test,361,ivr_00379.wav,ivr_#.wav,ivr,16000,1,9.744,WAV,311852
test,362,human_tts_00068.wav,human_tts_#.wav,human,16000,1,1.944,WAV,62252
test,363,voicemail_00284.wav,voicemail_#.wav,voicemail,16000,1,10.0,WAV,320044
test,364,voicemail_00363.wav,voicemail_#.wav,voicemail,16000,1,8.5856875,WAV,274786
test,365,human_real_00048.wav,human_real_#.wav,human,16000,1,3.498625,WAV,112000
test,366,human_real_00002.wav,human_real_#.wav,human,16000,1,10.0,WAV,320044
test,367,de_human_real_00427.wav,de_human_real_#.wav,human,16000,1,7.0,WAV,224044
test,368,human_tts_00066.wav,human_tts_#.wav,human,16000,1,2.352,WAV,75308
test,369,es_am_00379.wav,es_am_#.wav,answering_machine,16000,1,10.0,WAV,320044
test,370,voicemail_00175.wav,voicemail_#.wav,voicemail,16000,1,10.0,WAV,320044
test,371,human_tts_00149.wav,human_tts_#.wav,human,16000,1,3.144,WAV,100652
test,372,fr_voicemail_00164.wav,fr_voicemail_#.wav,voicemail,16000,1,7.0681875,WAV,226226
test,373,de_am_00522.wav,de_am_#.wav,answering_machine,16000,1,10.0,WAV,320044
test,374,ivr_00364.wav,ivr_#.wav,ivr,16000,1,10.0,WAV,320044
test,375,human_real_00162.wav,human_real_#.wav,human,16000,1,3.754625,WAV,120192
test,376,human_real_00175.wav,human_real_#.wav,human,16000,1,10.0,WAV,320044
test,377,carrier_de_ivr_00356.wav,carrier_de_ivr_#.wav,ivr,16000,1,4.848,WAV,155180
test,378,voicemail_00058.wav,voicemail_#.wav,voicemail,16000,1,8.9429375,WAV,286218
test,379,es_ivr_00362.wav,es_ivr_#.wav,ivr,16000,1,10.0,WAV,320044
test,380,human_tts_00147.wav,human_tts_#.wav,human,16000,1,1.416,WAV,45356
test,381,de_ivr_00506.wav,de_ivr_#.wav,ivr,16000,1,7.776,WAV,248876
test,382,voicemail_00365.wav,voicemail_#.wav,voicemail,16000,1,9.765875,WAV,312552
test,383,human_real_00151.wav,human_real_#.wav,human,16000,1,3.901,WAV,124876
test,384,carrier_de_voicemail_00329.wav,carrier_de_voicemail_#.wav,voicemail,16000,1,9.1996875,WAV,294434
test,385,human_tts_00054.wav,human_tts_#.wav,human,16000,1,2.832,WAV,90668
test,386,carrier_en_voicemail_00455.wav,carrier_en_voicemail_#.wav,voicemail,16000,1,10.0,WAV,320044
test,387,fr_human_real_00051.wav,fr_human_real_#.wav,human,16000,1,4.010625,WAV,128384
test,388,am_00294.wav,am_#.wav,answering_machine,16000,1,10.0,WAV,320044
test,389,human_tts_00018.wav,human_tts_#.wav,human,16000,1,2.544,WAV,81452
test,390,human_real_00110.wav,human_real_#.wav,human,16000,1,10.0,WAV,320044
test,391,am_00033.wav,am_#.wav,answering_machine,16000,1,10.0,WAV,320044
test,392,de_human_tts_00467.wav,de_human_tts_#.wav,human,16000,1,1.368,WAV,43820
test,393,am_00306.wav,am_#.wav,answering_machine,16000,1,9.8965625,WAV,316734
test,394,voicemail_00323.wav,voicemail_#.wav,voicemail,16000,1,10.0,WAV,320044
test,395,human_real_00185.wav,human_real_#.wav,human,16000,1,10.0,WAV,320044
test,396,fr_human_real_00069.wav,fr_human_real_#.wav,human,16000,1,6.058625,WAV,193920
test,397,ivr_00317.wav,ivr_#.wav,ivr,16000,1,9.504,WAV,304172
test,398,am_00184.wav,am_#.wav,answering_machine,16000,1,7.8994375,WAV,252826
test,399,de_human_tts_00468.wav,de_human_tts_#.wav,human,16000,1,2.232,WAV,71468
